部門コード,部門名,発,着,推計額(百万円),精度区分
011,耕種農業,福岡,佐賀,2127.9,機械展開(簡易・長崎バグ修正済)
011,耕種農業,福岡,長崎,1401.5,機械展開(簡易・長崎バグ修正済)
011,耕種農業,福岡,熊本,546.3,機械展開(簡易・長崎バグ修正済)
011,耕種農業,福岡,宮崎,632.3,機械展開(簡易・長崎バグ修正済)
011,耕種農業,福岡,鹿児島,1463.6,機械展開(簡易・長崎バグ修正済)
011,耕種農業,福岡,沖縄,1022.3,機械展開(簡易・長崎バグ修正済)
011,耕種農業,福岡,山口,1315.1,機械展開(簡易・長崎バグ修正済)
011,耕種農業,福岡,大分,886.5,機械展開(簡易・長崎バグ修正済)
011,耕種農業,佐賀,福岡,5389.6,機械展開(簡易・長崎バグ修正済)
011,耕種農業,佐賀,長崎,330.9,機械展開(簡易・長崎バグ修正済)
011,耕種農業,佐賀,熊本,119.2,機械展開(簡易・長崎バグ修正済)
011,耕種農業,佐賀,宮崎,95.4,機械展開(簡易・長崎バグ修正済)
011,耕種農業,佐賀,鹿児島,235,機械展開(簡易・長崎バグ修正済)
011,耕種農業,佐賀,沖縄,133.3,機械展開(簡易・長崎バグ修正済)
011,耕種農業,佐賀,山口,113.2,機械展開(簡易・長崎バグ修正済)
011,耕種農業,佐賀,大分,104.3,機械展開(簡易・長崎バグ修正済)
011,耕種農業,長崎,福岡,3819.9,機械展開(簡易・長崎バグ修正済)
011,耕種農業,長崎,佐賀,356.1,機械展開(簡易・長崎バグ修正済)
011,耕種農業,長崎,熊本,269.6,機械展開(簡易・長崎バグ修正済)
011,耕種農業,長崎,宮崎,324.9,機械展開(簡易・長崎バグ修正済)
011,耕種農業,長崎,鹿児島,1083.5,機械展開(簡易・長崎バグ修正済)
011,耕種農業,長崎,沖縄,451.2,機械展開(簡易・長崎バグ修正済)
011,耕種農業,長崎,山口,203.7,機械展開(簡易・長崎バグ修正済)
011,耕種農業,長崎,大分,198.1,機械展開(簡易・長崎バグ修正済)
011,耕種農業,熊本,福岡,5468.4,機械展開(簡易・長崎バグ修正済)
011,耕種農業,熊本,佐賀,471.2,機械展開(簡易・長崎バグ修正済)
011,耕種農業,熊本,長崎,990.1,機械展開(簡易・長崎バグ修正済)
011,耕種農業,熊本,宮崎,656.6,機械展開(簡易・長崎バグ修正済)
011,耕種農業,熊本,鹿児島,1386.9,機械展開(簡易・長崎バグ修正済)
011,耕種農業,熊本,沖縄,535.8,機械展開(簡易・長崎バグ修正済)
011,耕種農業,熊本,山口,347.9,機械展開(簡易・長崎バグ修正済)
011,耕種農業,熊本,大分,538.3,機械展開(簡易・長崎バグ修正済)
011,耕種農業,宮崎,福岡,1691.4,機械展開(簡易・長崎バグ修正済)
011,耕種農業,宮崎,佐賀,100.8,機械展開(簡易・長崎バグ修正済)
011,耕種農業,宮崎,長崎,318.8,機械展開(簡易・長崎バグ修正済)
011,耕種農業,宮崎,熊本,175.4,機械展開(簡易・長崎バグ修正済)
011,耕種農業,宮崎,鹿児島,2749.4,機械展開(簡易・長崎バグ修正済)
011,耕種農業,宮崎,沖縄,623.1,機械展開(簡易・長崎バグ修正済)
011,耕種農業,宮崎,山口,202.4,機械展開(簡易・長崎バグ修正済)
011,耕種農業,宮崎,大分,303.1,機械展開(簡易・長崎バグ修正済)
011,耕種農業,鹿児島,福岡,3130.3,機械展開(簡易・長崎バグ修正済)
011,耕種農業,鹿児島,佐賀,198.4,機械展開(簡易・長崎バグ修正済)
011,耕種農業,鹿児島,長崎,850.2,機械展開(簡易・長崎バグ修正済)
011,耕種農業,鹿児島,熊本,296.3,機械展開(簡易・長崎バグ修正済)
011,耕種農業,鹿児島,宮崎,2198.2,機械展開(簡易・長崎バグ修正済)
011,耕種農業,鹿児島,沖縄,1519.7,機械展開(簡易・長崎バグ修正済)
011,耕種農業,鹿児島,山口,315.3,機械展開(簡易・長崎バグ修正済)
011,耕種農業,鹿児島,大分,370.1,機械展開(簡易・長崎バグ修正済)
011,耕種農業,沖縄,福岡,316.6,機械展開(簡易・長崎バグ修正済)
011,耕種農業,沖縄,佐賀,16.3,機械展開(簡易・長崎バグ修正済)
011,耕種農業,沖縄,長崎,51.3,機械展開(簡易・長崎バグ修正済)
011,耕種農業,沖縄,熊本,16.6,機械展開(簡易・長崎バグ修正済)
011,耕種農業,沖縄,宮崎,72.1,機械展開(簡易・長崎バグ修正済)
011,耕種農業,沖縄,鹿児島,220,機械展開(簡易・長崎バグ修正済)
011,耕種農業,沖縄,山口,44,機械展開(簡易・長崎バグ修正済)
011,耕種農業,沖縄,大分,34.7,機械展開(簡易・長崎バグ修正済)
011,耕種農業,山口,福岡,737.3,機械展開(簡易・長崎バグ修正済)
011,耕種農業,山口,佐賀,25.1,機械展開(簡易・長崎バグ修正済)
011,耕種農業,山口,長崎,41.9,機械展開(簡易・長崎バグ修正済)
011,耕種農業,山口,熊本,19.5,機械展開(簡易・長崎バグ修正済)
011,耕種農業,山口,宮崎,42.4,機械展開(簡易・長崎バグ修正済)
011,耕種農業,山口,鹿児島,82.7,機械展開(簡易・長崎バグ修正済)
011,耕種農業,山口,沖縄,79.7,機械展開(簡易・長崎バグ修正済)
011,耕種農業,山口,大分,94.1,機械展開(簡易・長崎バグ修正済)
011,耕種農業,大分,福岡,2301.7,機械展開(簡易・長崎バグ修正済)
011,耕種農業,大分,佐賀,106.9,機械展開(簡易・長崎バグ修正済)
011,耕種農業,大分,長崎,188.7,機械展開(簡易・長崎バグ修正済)
011,耕種農業,大分,熊本,139.6,機械展開(簡易・長崎バグ修正済)
011,耕種農業,大分,宮崎,294.2,機械展開(簡易・長崎バグ修正済)
011,耕種農業,大分,鹿児島,449.3,機械展開(簡易・長崎バグ修正済)
011,耕種農業,大分,沖縄,290.8,機械展開(簡易・長崎バグ修正済)
011,耕種農業,大分,山口,435.9,機械展開(簡易・長崎バグ修正済)
012,畜産,福岡,佐賀,433.3,機械展開(簡易・長崎バグ修正済)
012,畜産,福岡,長崎,179.9,機械展開(簡易・長崎バグ修正済)
012,畜産,福岡,熊本,47.1,機械展開(簡易・長崎バグ修正済)
012,畜産,福岡,宮崎,168.5,機械展開(簡易・長崎バグ修正済)
012,畜産,福岡,鹿児島,173.8,機械展開(簡易・長崎バグ修正済)
012,畜産,福岡,沖縄,18,機械展開(簡易・長崎バグ修正済)
012,畜産,福岡,山口,86,機械展開(簡易・長崎バグ修正済)
012,畜産,福岡,大分,69.4,機械展開(簡易・長崎バグ修正済)
012,畜産,佐賀,福岡,1064.9,機械展開(簡易・長崎バグ修正済)
012,畜産,佐賀,長崎,159.2,機械展開(簡易・長崎バグ修正済)
012,畜産,佐賀,熊本,38.5,機械展開(簡易・長崎バグ修正済)
012,畜産,佐賀,宮崎,95.3,機械展開(簡易・長崎バグ修正済)
012,畜産,佐賀,鹿児島,104.5,機械展開(簡易・長崎バグ修正済)
012,畜産,佐賀,沖縄,8.8,機械展開(簡易・長崎バグ修正済)
012,畜産,佐賀,山口,27.8,機械展開(簡易・長崎バグ修正済)
012,畜産,佐賀,大分,30.6,機械展開(簡易・長崎バグ修正済)
012,畜産,長崎,福岡,754.9,機械展開(簡易・長崎バグ修正済)
012,畜産,長崎,佐賀,271.8,機械展開(簡易・長崎バグ修正済)
012,畜産,長崎,熊本,87.1,機械展開(簡易・長崎バグ修正済)
012,畜産,長崎,宮崎,324.5,機械展開(簡易・長崎バグ修正済)
012,畜産,長崎,鹿児島,482.1,機械展開(簡易・長崎バグ修正済)
012,畜産,長崎,沖縄,29.8,機械展開(簡易・長崎バグ修正済)
012,畜産,長崎,山口,50,機械展開(簡易・長崎バグ修正済)
012,畜産,長崎,大分,58.1,機械展開(簡易・長崎バグ修正済)
012,畜産,熊本,福岡,1898,機械展開(簡易・長崎バグ修正済)
012,畜産,熊本,佐賀,631.7,機械展開(簡易・長崎バグ修正済)
012,畜産,熊本,長崎,836.7,機械展開(簡易・長崎バグ修正済)
012,畜産,熊本,宮崎,1151.8,機械展開(簡易・長崎バグ修正済)
012,畜産,熊本,鹿児島,1083.8,機械展開(簡易・長崎バグ修正済)
012,畜産,熊本,沖縄,62.1,機械展開(簡易・長崎バグ修正済)
012,畜産,熊本,山口,149.8,機械展開(簡易・長崎バグ修正済)
012,畜産,熊本,大分,277.4,機械展開(簡易・長崎バグ修正済)
012,畜産,宮崎,福岡,1894.1,機械展開(簡易・長崎バグ修正済)
012,畜産,宮崎,佐賀,435.9,機械展開(簡易・長崎バグ修正済)
012,畜産,宮崎,長崎,869.3,機械展開(簡易・長崎バグ修正済)
012,畜産,宮崎,熊本,321.2,機械展開(簡易・長崎バグ修正済)
012,畜産,宮崎,鹿児島,6932.3,機械展開(簡易・長崎バグ修正済)
012,畜産,宮崎,沖縄,233.2,機械展開(簡易・長崎バグ修正済)
012,畜産,宮崎,山口,281.3,機械展開(簡易・長崎バグ修正済)
012,畜産,宮崎,大分,504,機械展開(簡易・長崎バグ修正済)
012,畜産,鹿児島,福岡,1543.9,機械展開(簡易・長崎バグ修正済)
012,畜産,鹿児島,佐賀,377.9,機械展開(簡易・長崎バグ修正済)
012,畜産,鹿児島,長崎,1021,機械展開(簡易・長崎バグ修正済)
012,畜産,鹿児島,熊本,238.9,機械展開(簡易・長崎バグ修正済)
012,畜産,鹿児島,宮崎,5479.8,機械展開(簡易・長崎バグ修正済)
012,畜産,鹿児島,沖縄,250.5,機械展開(簡易・長崎バグ修正済)
012,畜産,鹿児島,山口,193,機械展開(簡易・長崎バグ修正済)
012,畜産,鹿児島,大分,271,機械展開(簡易・長崎バグ修正済)
012,畜産,沖縄,福岡,458.9,機械展開(簡易・長崎バグ修正済)
012,畜産,沖縄,佐賀,91.3,機械展開(簡易・長崎バグ修正済)
012,畜産,沖縄,長崎,180.9,機械展開(簡易・長崎バグ修正済)
012,畜産,沖縄,熊本,39.3,機械展開(簡易・長崎バグ修正済)
012,畜産,沖縄,宮崎,528.5,機械展開(簡易・長崎バグ修正済)
012,畜産,沖縄,鹿児島,718.2,機械展開(簡易・長崎バグ修正済)
012,畜産,沖縄,山口,79.2,機械展開(簡易・長崎バグ修正済)
012,畜産,沖縄,大分,74.7,機械展開(簡易・長崎バグ修正済)
012,畜産,山口,福岡,580.6,機械展開(簡易・長崎バグ修正済)
012,畜産,山口,佐賀,76.2,機械展開(簡易・長崎バグ修正済)
012,畜産,山口,長崎,80.3,機械展開(簡易・長崎バグ修正済)
012,畜産,山口,熊本,25.1,機械展開(簡易・長崎バグ修正済)
012,畜産,山口,宮崎,168.8,機械展開(簡易・長崎バグ修正済)
012,畜産,山口,鹿児島,146.5,機械展開(簡易・長崎バグ修正済)
012,畜産,山口,沖縄,21,機械展開(簡易・長崎バグ修正済)
012,畜産,山口,大分,110.1,機械展開(簡易・長崎バグ修正済)
012,畜産,大分,福岡,1418,機械展開(簡易・長崎バグ修正済)
012,畜産,大分,佐賀,254.3,機械展開(簡易・長崎バグ修正済)
012,畜産,大分,長崎,283,機械展開(簡易・長崎バグ修正済)
012,畜産,大分,熊本,140.6,機械展開(簡易・長崎バグ修正済)
012,畜産,大分,宮崎,916,機械展開(簡易・長崎バグ修正済)
012,畜産,大分,鹿児島,623.2,機械展開(簡易・長崎バグ修正済)
012,畜産,大分,沖縄,59.9,機械展開(簡易・長崎バグ修正済)
012,畜産,大分,山口,333.2,機械展開(簡易・長崎バグ修正済)
013,農業サービス,佐賀,熊本,66.8,機械展開(簡易・長崎バグ修正済)
013,農業サービス,佐賀,大分,34.8,機械展開(簡易・長崎バグ修正済)
013,農業サービス,山口,佐賀,25.9,機械展開(簡易・長崎バグ修正済)
013,農業サービス,山口,熊本,35.6,機械展開(簡易・長崎バグ修正済)
013,農業サービス,山口,大分,102.7,機械展開(簡易・長崎バグ修正済)
013,農業サービス,大分,佐賀,2.4,機械展開(簡易・長崎バグ修正済)
013,農業サービス,大分,熊本,5.5,機械展開(簡易・長崎バグ修正済)
015,林業,福岡,佐賀,302.6,機械展開(簡易・長崎バグ修正済)
015,林業,福岡,長崎,31.6,機械展開(簡易・長崎バグ修正済)
015,林業,福岡,熊本,23.9,機械展開(簡易・長崎バグ修正済)
015,林業,福岡,宮崎,391.3,機械展開(簡易・長崎バグ修正済)
015,林業,福岡,鹿児島,7.5,機械展開(簡易・長崎バグ修正済)
015,林業,福岡,沖縄,33.5,機械展開(簡易・長崎バグ修正済)
015,林業,福岡,山口,139.7,機械展開(簡易・長崎バグ修正済)
015,林業,福岡,大分,232.3,機械展開(簡易・長崎バグ修正済)
015,林業,佐賀,福岡,138.2,機械展開(簡易・長崎バグ修正済)
015,林業,佐賀,長崎,3,機械展開(簡易・長崎バグ修正済)
015,林業,佐賀,熊本,2.1,機械展開(簡易・長崎バグ修正済)
015,林業,佐賀,宮崎,23.5,機械展開(簡易・長崎バグ修正済)
015,林業,佐賀,沖縄,1.7,機械展開(簡易・長崎バグ修正済)
015,林業,佐賀,山口,4.8,機械展開(簡易・長崎バグ修正済)
015,林業,佐賀,大分,10.9,機械展開(簡易・長崎バグ修正済)
015,林業,長崎,福岡,192.2,機械展開(簡易・長崎バグ修正済)
015,林業,長崎,佐賀,39.6,機械展開(簡易・長崎バグ修正済)
015,林業,長崎,熊本,9.2,機械展開(簡易・長崎バグ修正済)
015,林業,長崎,宮崎,157.2,機械展開(簡易・長崎バグ修正済)
015,林業,長崎,鹿児島,4.3,機械展開(簡易・長崎バグ修正済)
015,林業,長崎,沖縄,11.5,機械展開(簡易・長崎バグ修正済)
015,林業,長崎,山口,16.9,機械展開(簡易・長崎バグ修正済)
015,林業,長崎,大分,40.6,機械展開(簡易・長崎バグ修正済)
015,林業,熊本,福岡,50.6,機械展開(簡易・長崎バグ修正済)
015,林業,熊本,佐賀,9.6,機械展開(簡易・長崎バグ修正済)
015,林業,熊本,長崎,3.2,機械展開(簡易・長崎バグ修正済)
015,林業,熊本,宮崎,58.4,機械展開(簡易・長崎バグ修正済)
015,林業,熊本,鹿児島,1,機械展開(簡易・長崎バグ修正済)
015,林業,熊本,沖縄,2.5,機械展開(簡易・長崎バグ修正済)
015,林業,熊本,山口,5.3,機械展開(簡易・長崎バグ修正済)
015,林業,熊本,大分,20.3,機械展開(簡易・長崎バグ修正済)
015,林業,宮崎,福岡,850.6,機械展開(簡易・長崎バグ修正済)
015,林業,宮崎,佐賀,112,機械展開(簡易・長崎バグ修正済)
015,林業,宮崎,長崎,56.1,機械展開(簡易・長崎バグ修正済)
015,林業,宮崎,熊本,60.1,機械展開(簡易・長崎バグ修正済)
015,林業,宮崎,鹿児島,110,機械展開(簡易・長崎バグ修正済)
015,林業,宮崎,沖縄,159.4,機械展開(簡易・長崎バグ修正済)
015,林業,宮崎,山口,168,機械展開(簡易・長崎バグ修正済)
015,林業,宮崎,大分,620.6,機械展開(簡易・長崎バグ修正済)
015,林業,鹿児島,福岡,18.8,機械展開(簡易・長崎バグ修正済)
015,林業,鹿児島,佐賀,2.6,機械展開(簡易・長崎バグ修正済)
015,林業,鹿児島,長崎,1.8,機械展開(簡易・長崎バグ修正済)
015,林業,鹿児島,熊本,1.2,機械展開(簡易・長崎バグ修正済)
015,林業,鹿児島,宮崎,126.7,機械展開(簡易・長崎バグ修正済)
015,林業,鹿児島,沖縄,4.6,機械展開(簡易・長崎バグ修正済)
015,林業,鹿児島,山口,3.1,機械展開(簡易・長崎バグ修正済)
015,林業,鹿児島,大分,9,機械展開(簡易・長崎バグ修正済)
015,林業,沖縄,福岡,0.5,機械展開(簡易・長崎バグ修正済)
015,林業,沖縄,宮崎,1.2,機械展開(簡易・長崎バグ修正済)
015,林業,山口,福岡,97,機械展開(簡易・長崎バグ修正済)
015,林業,山口,佐賀,7.3,機械展開(簡易・長崎バグ修正済)
015,林業,山口,長崎,1.9,機械展開(簡易・長崎バグ修正済)
015,林業,山口,熊本,1.7,機械展開(簡易・長崎バグ修正済)
015,林業,山口,宮崎,53.6,機械展開(簡易・長崎バグ修正済)
015,林業,山口,鹿児島,0.9,機械展開(簡易・長崎バグ修正済)
015,林業,山口,沖縄,5.3,機械展開(簡易・長崎バグ修正済)
015,林業,山口,大分,50.4,機械展開(簡易・長崎バグ修正済)
015,林業,大分,福岡,625.7,機械展開(簡易・長崎バグ修正済)
015,林業,大分,佐賀,64.2,機械展開(簡易・長崎バグ修正済)
015,林業,大分,長崎,18,機械展開(簡易・長崎バグ修正済)
015,林業,大分,熊本,25.8,機械展開(簡易・長崎バグ修正済)
015,林業,大分,宮崎,769,機械展開(簡易・長崎バグ修正済)
015,林業,大分,鹿児島,9.7,機械展開(簡易・長崎バグ修正済)
015,林業,大分,沖縄,40.2,機械展開(簡易・長崎バグ修正済)
015,林業,大分,山口,195.6,機械展開(簡易・長崎バグ修正済)
017,漁業,福岡,佐賀,583.2,機械展開(簡易・長崎バグ修正済)
017,漁業,福岡,長崎,278.9,機械展開(簡易・長崎バグ修正済)
017,漁業,福岡,熊本,9.9,機械展開(簡易・長崎バグ修正済)
017,漁業,福岡,宮崎,15.7,機械展開(簡易・長崎バグ修正済)
017,漁業,福岡,鹿児島,68.2,機械展開(簡易・長崎バグ修正済)
017,漁業,福岡,沖縄,9.5,機械展開(簡易・長崎バグ修正済)
017,漁業,福岡,山口,196.3,機械展開(簡易・長崎バグ修正済)
017,漁業,福岡,大分,288.2,機械展開(簡易・長崎バグ修正済)
017,漁業,佐賀,福岡,974.9,機械展開(簡易・長崎バグ修正済)
017,漁業,佐賀,長崎,273.9,機械展開(簡易・長崎バグ修正済)
017,漁業,佐賀,熊本,9,機械展開(簡易・長崎バグ修正済)
017,漁業,佐賀,宮崎,9.9,機械展開(簡易・長崎バグ修正済)
017,漁業,佐賀,鹿児島,45.5,機械展開(簡易・長崎バグ修正済)
017,漁業,佐賀,沖縄,5.2,機械展開(簡易・長崎バグ修正済)
017,漁業,佐賀,山口,70.3,機械展開(簡易・長崎バグ修正済)
017,漁業,佐賀,大分,141,機械展開(簡易・長崎バグ修正済)
017,漁業,長崎,福岡,1695.2,機械展開(簡易・長崎バグ修正済)
017,漁業,長崎,佐賀,995.9,機械展開(簡易・長崎バグ修正済)
017,漁業,長崎,熊本,49.7,機械展開(簡易・長崎バグ修正済)
017,漁業,長崎,宮崎,82.5,機械展開(簡易・長崎バグ修正済)
017,漁業,長崎,鹿児島,514.9,機械展開(簡易・長崎バグ修正済)
017,漁業,長崎,沖縄,42.8,機械展開(簡易・長崎バグ修正済)
017,漁業,長崎,山口,310.3,機械展開(簡易・長崎バグ修正済)
017,漁業,長崎,大分,657.1,機械展開(簡易・長崎バグ修正済)
017,漁業,熊本,福岡,258.4,機械展開(簡易・長崎バグ修正済)
017,漁業,熊本,佐賀,140.3,機械展開(簡易・長崎バグ修正済)
017,漁業,熊本,長崎,214.1,機械展開(簡易・長崎バグ修正済)
017,漁業,熊本,宮崎,17.8,機械展開(簡易・長崎バグ修正済)
017,漁業,熊本,鹿児島,70.2,機械展開(簡易・長崎バグ修正済)
017,漁業,熊本,沖縄,5.4,機械展開(簡易・長崎バグ修正済)
017,漁業,熊本,山口,56.4,機械展開(簡易・長崎バグ修正済)
017,漁業,熊本,大分,190.1,機械展開(簡易・長崎バグ修正済)
017,漁業,宮崎,福岡,390.2,機械展開(簡易・長崎バグ修正済)
017,漁業,宮崎,佐賀,146.5,機械展開(簡易・長崎バグ修正済)
017,漁業,宮崎,長崎,336.6,機械展開(簡易・長崎バグ修正済)
017,漁業,宮崎,熊本,16.8,機械展開(簡易・長崎バグ修正済)
017,漁業,宮崎,鹿児島,679.2,機械展開(簡易・長崎バグ修正済)
017,漁業,宮崎,沖縄,30.7,機械展開(簡易・長崎バグ修正済)
017,漁業,宮崎,山口,160.3,機械展開(簡易・長崎バグ修正済)
017,漁業,宮崎,大分,522.7,機械展開(簡易・長崎バグ修正済)
017,漁業,鹿児島,福岡,995.5,機械展開(簡易・長崎バグ修正済)
017,漁業,鹿児島,佐賀,397.6,機械展開(簡易・長崎バグ修正済)
017,漁業,鹿児島,長崎,1237.3,機械展開(簡易・長崎バグ修正済)
017,漁業,鹿児島,熊本,39.1,機械展開(簡易・長崎バグ修正済)
017,漁業,鹿児島,宮崎,400,機械展開(簡易・長崎バグ修正済)
017,漁業,鹿児島,沖縄,103.4,機械展開(簡易・長崎バグ修正済)
017,漁業,鹿児島,山口,344.2,機械展開(簡易・長崎バグ修正済)
017,漁業,鹿児島,大分,879.9,機械展開(簡易・長崎バグ修正済)
017,漁業,沖縄,福岡,159.9,機械展開(簡易・長崎バグ修正済)
017,漁業,沖縄,佐賀,51.9,機械展開(簡易・長崎バグ修正済)
017,漁業,沖縄,長崎,118.5,機械展開(簡易・長崎バグ修正済)
017,漁業,沖縄,熊本,3.5,機械展開(簡易・長崎バグ修正済)
017,漁業,沖縄,宮崎,20.9,機械展開(簡易・長崎バグ修正済)
017,漁業,沖縄,鹿児島,119,機械展開(簡易・長崎バグ修正済)
017,漁業,沖縄,山口,76.3,機械展開(簡易・長崎バグ修正済)
017,漁業,沖縄,大分,131,機械展開(簡易・長崎バグ修正済)
017,漁業,山口,福岡,133,機械展開(簡易・長崎バグ修正済)
017,漁業,山口,佐賀,28.5,機械展開(簡易・長崎バグ修正済)
017,漁業,山口,長崎,34.6,機械展開(簡易・長崎バグ修正済)
017,漁業,山口,熊本,1.5,機械展開(簡易・長崎バグ修正済)
017,漁業,山口,宮崎,4.4,機械展開(簡易・長崎バグ修正済)
017,漁業,山口,鹿児島,16,機械展開(簡易・長崎バグ修正済)
017,漁業,山口,沖縄,3.1,機械展開(簡易・長崎バグ修正済)
017,漁業,山口,大分,126.9,機械展開(簡易・長崎バグ修正済)
017,漁業,大分,福岡,855.1,機械展開(簡易・長崎バグ修正済)
017,漁業,大分,佐賀,250.2,機械展開(簡易・長崎バグ修正済)
017,漁業,大分,長崎,320.8,機械展開(簡易・長崎バグ修正済)
017,漁業,大分,熊本,21.5,機械展開(簡易・長崎バグ修正済)
017,漁業,大分,宮崎,62.5,機械展開(簡易・長崎バグ修正済)
017,漁業,大分,鹿児島,178.8,機械展開(簡易・長崎バグ修正済)
017,漁業,大分,沖縄,23.1,機械展開(簡易・長崎バグ修正済)
017,漁業,大分,山口,555.8,機械展開(簡易・長崎バグ修正済)
061,石炭・原油・天然ガス,宮崎,福岡,24.5,機械展開(簡易・長崎バグ修正済)
061,石炭・原油・天然ガス,宮崎,佐賀,0.6,機械展開(簡易・長崎バグ修正済)
061,石炭・原油・天然ガス,宮崎,長崎,0.8,機械展開(簡易・長崎バグ修正済)
061,石炭・原油・天然ガス,宮崎,鹿児島,2.2,機械展開(簡易・長崎バグ修正済)
061,石炭・原油・天然ガス,宮崎,沖縄,3.1,機械展開(簡易・長崎バグ修正済)
061,石炭・原油・天然ガス,宮崎,山口,4.8,機械展開(簡易・長崎バグ修正済)
061,石炭・原油・天然ガス,宮崎,大分,62.4,機械展開(簡易・長崎バグ修正済)
062,その他の鉱業,福岡,大分,1659.6,機械展開(簡易・長崎バグ修正済)
062,その他の鉱業,佐賀,大分,27.1,機械展開(簡易・長崎バグ修正済)
062,その他の鉱業,長崎,大分,1465.7,機械展開(簡易・長崎バグ修正済)
062,その他の鉱業,熊本,大分,248,機械展開(簡易・長崎バグ修正済)
062,その他の鉱業,宮崎,大分,36.1,機械展開(簡易・長崎バグ修正済)
062,その他の鉱業,鹿児島,大分,8121.9,機械展開(簡易・長崎バグ修正済)
062,その他の鉱業,沖縄,大分,1531.2,機械展開(簡易・長崎バグ修正済)
062,その他の鉱業,山口,大分,1897.2,機械展開(簡易・長崎バグ修正済)
062,その他の鉱業,大分,福岡,3423.1,機械展開(簡易・長崎バグ修正済)
062,その他の鉱業,大分,佐賀,367.7,機械展開(簡易・長崎バグ修正済)
062,その他の鉱業,大分,長崎,24.1,機械展開(簡易・長崎バグ修正済)
062,その他の鉱業,大分,熊本,190.9,機械展開(簡易・長崎バグ修正済)
062,その他の鉱業,大分,宮崎,207.4,機械展開(簡易・長崎バグ修正済)
062,その他の鉱業,大分,鹿児島,396.6,機械展開(簡易・長崎バグ修正済)
062,その他の鉱業,大分,沖縄,3.3,機械展開(簡易・長崎バグ修正済)
062,その他の鉱業,大分,山口,617.3,機械展開(簡易・長崎バグ修正済)
111,食料品,福岡,佐賀,11974.8,機械展開(簡易・長崎バグ修正済)
111,食料品,福岡,長崎,9414.7,機械展開(簡易・長崎バグ修正済)
111,食料品,福岡,熊本,9414.4,機械展開(簡易・長崎バグ修正済)
111,食料品,福岡,宮崎,4228.7,機械展開(簡易・長崎バグ修正済)
111,食料品,福岡,鹿児島,7515.3,機械展開(簡易・長崎バグ修正済)
111,食料品,福岡,沖縄,4723.5,機械展開(簡易・長崎バグ修正済)
111,食料品,福岡,山口,14362.4,機械展開(簡易・長崎バグ修正済)
111,食料品,福岡,大分,9273.6,機械展開(簡易・長崎バグ修正済)
111,食料品,佐賀,福岡,21055.5,機械展開(簡易・長崎バグ修正済)
111,食料品,佐賀,長崎,1224.4,機械展開(簡易・長崎バグ修正済)
111,食料品,佐賀,熊本,1131.7,機械展開(簡易・長崎バグ修正済)
111,食料品,佐賀,宮崎,351.5,機械展開(簡易・長崎バグ修正済)
111,食料品,佐賀,鹿児島,664.5,機械展開(簡易・長崎バグ修正済)
111,食料品,佐賀,沖縄,339.3,機械展開(簡易・長崎バグ修正済)
111,食料品,佐賀,山口,680.9,機械展開(簡易・長崎バグ修正済)
111,食料品,佐賀,大分,600.7,機械展開(簡易・長崎バグ修正済)
111,食料品,長崎,福岡,14733.2,機械展開(簡易・長崎バグ修正済)
111,食料品,長崎,佐賀,1089.7,機械展開(簡易・長崎バグ修正済)
111,食料品,長崎,熊本,2526.3,機械展開(簡易・長崎バグ修正済)
111,食料品,長崎,宮崎,1181.4,機械展開(簡易・長崎バグ修正済)
111,食料品,長崎,鹿児島,3025.3,機械展開(簡易・長崎バグ修正済)
111,食料品,長崎,沖縄,1133.6,機械展開(簡易・長崎バグ修正済)
111,食料品,長崎,山口,1209.8,機械展開(簡易・長崎バグ修正済)
111,食料品,長崎,大分,1126.8,機械展開(簡易・長崎バグ修正済)
111,食料品,熊本,福岡,11651.9,機械展開(簡易・長崎バグ修正済)
111,食料品,熊本,佐賀,796.6,機械展開(簡易・長崎バグ修正済)
111,食料品,熊本,長崎,1998,機械展開(簡易・長崎バグ修正済)
111,食料品,熊本,宮崎,1319,機械展開(簡易・長崎バグ修正済)
111,食料品,熊本,鹿児島,2139.2,機械展開(簡易・長崎バグ修正済)
111,食料品,熊本,沖縄,743.7,機械展開(簡易・長崎バグ修正済)
111,食料品,熊本,山口,1141.4,機械展開(簡易・長崎バグ修正済)
111,食料品,熊本,大分,1691.6,機械展開(簡易・長崎バグ修正済)
111,食料品,宮崎,福岡,12519.4,機械展開(簡易・長崎バグ修正済)
111,食料品,宮崎,佐賀,591.9,機械展開(簡易・長崎バグ修正済)
111,食料品,宮崎,長崎,2234.9,機械展開(簡易・長崎バグ修正済)
111,食料品,宮崎,熊本,3155.2,機械展開(簡易・長崎バグ修正済)
111,食料品,宮崎,鹿児島,14731.5,機械展開(簡易・長崎バグ修正済)
111,食料品,宮崎,沖縄,3004.6,機械展開(簡易・長崎バグ修正済)
111,食料品,宮崎,山口,2306.7,機械展開(簡易・長崎バグ修正済)
111,食料品,宮崎,大分,3308.6,機械展開(簡易・長崎バグ修正済)
111,食料品,鹿児島,福岡,22000.7,機械展開(簡易・長崎バグ修正済)
111,食料品,鹿児島,佐賀,1106.3,機械展開(簡易・長崎バグ修正済)
111,食料品,鹿児島,長崎,5659.4,機械展開(簡易・長崎バグ修正済)
111,食料品,鹿児島,熊本,5059.9,機械展開(簡易・長崎バグ修正済)
111,食料品,鹿児島,宮崎,14566.6,機械展開(簡易・長崎バグ修正済)
111,食料品,鹿児島,沖縄,6957.7,機械展開(簡易・長崎バグ修正済)
111,食料品,鹿児島,山口,3412.2,機械展開(簡易・長崎バグ修正済)
111,食料品,鹿児島,大分,3836.5,機械展開(簡易・長崎バグ修正済)
111,食料品,沖縄,福岡,2168.2,機械展開(簡易・長崎バグ修正済)
111,食料品,沖縄,佐賀,88.6,機械展開(簡易・長崎バグ修正済)
111,食料品,沖縄,長崎,332.5,機械展開(簡易・長崎バグ修正済)
111,食料品,沖縄,熊本,275.8,機械展開(簡易・長崎バグ修正済)
111,食料品,沖縄,宮崎,465.8,機械展開(簡易・長崎バグ修正済)
111,食料品,沖縄,鹿児島,1091,機械展開(簡易・長崎バグ修正済)
111,食料品,沖縄,山口,464.2,機械展開(簡易・長崎バグ修正済)
111,食料品,沖縄,大分,350.4,機械展開(簡易・長崎バグ修正済)
111,食料品,山口,福岡,12680.7,機械展開(簡易・長崎バグ修正済)
111,食料品,山口,佐賀,341.9,機械展開(簡易・長崎バグ修正済)
111,食料品,山口,長崎,682.6,機械展開(簡易・長崎バグ修正済)
111,食料品,山口,熊本,814.2,機械展開(簡易・長崎バグ修正済)
111,食料品,山口,宮崎,687.9,機械展開(簡易・長崎バグ修正済)
111,食料品,山口,鹿児島,1029.1,機械展開(簡易・長崎バグ修正済)
111,食料品,山口,沖縄,892.8,機械展開(簡易・長崎バグ修正済)
111,食料品,山口,大分,2387.7,機械展開(簡易・長崎バグ修正済)
111,食料品,大分,福岡,6431.6,機械展開(簡易・長崎バグ修正済)
111,食料品,大分,佐賀,237,機械展開(簡易・長崎バグ修正済)
111,食料品,大分,長崎,499.4,機械展開(簡易・長崎バグ修正済)
111,食料品,大分,熊本,947.9,機械展開(簡易・長崎バグ修正済)
111,食料品,大分,宮崎,775.1,機械展開(簡易・長崎バグ修正済)
111,食料品,大分,鹿児島,908.9,機械展開(簡易・長崎バグ修正済)
111,食料品,大分,沖縄,529.4,機械展開(簡易・長崎バグ修正済)
111,食料品,大分,山口,1875.6,機械展開(簡易・長崎バグ修正済)
112,飲料,福岡,佐賀,3198.3,機械展開(簡易・長崎バグ修正済)
112,飲料,福岡,長崎,1664.7,機械展開(簡易・長崎バグ修正済)
112,飲料,福岡,熊本,1699.5,機械展開(簡易・長崎バグ修正済)
112,飲料,福岡,宮崎,669.6,機械展開(簡易・長崎バグ修正済)
112,飲料,福岡,鹿児島,1295.3,機械展開(簡易・長崎バグ修正済)
112,飲料,福岡,沖縄,1720,機械展開(簡易・長崎バグ修正済)
112,飲料,福岡,山口,2094.8,機械展開(簡易・長崎バグ修正済)
112,飲料,福岡,大分,3520.3,機械展開(簡易・長崎バグ修正済)
112,飲料,佐賀,福岡,4980.3,機械展開(簡易・長崎バグ修正済)
112,飲料,佐賀,長崎,274.6,機械展開(簡易・長崎バグ修正済)
112,飲料,佐賀,熊本,259.2,機械展開(簡易・長崎バグ修正済)
112,飲料,佐賀,宮崎,70.6,機械展開(簡易・長崎バグ修正済)
112,飲料,佐賀,鹿児島,145.3,機械展開(簡易・長崎バグ修正済)
112,飲料,佐賀,沖縄,156.7,機械展開(簡易・長崎バグ修正済)
112,飲料,佐賀,山口,126,機械展開(簡易・長崎バグ修正済)
112,飲料,佐賀,大分,289.3,機械展開(簡易・長崎バグ修正済)
112,飲料,長崎,福岡,74.7,機械展開(簡易・長崎バグ修正済)
112,飲料,長崎,佐賀,7.9,機械展開(簡易・長崎バグ修正済)
112,飲料,長崎,熊本,12.4,機械展開(簡易・長崎バグ修正済)
112,飲料,長崎,宮崎,5.1,機械展開(簡易・長崎バグ修正済)
112,飲料,長崎,鹿児島,14.2,機械展開(簡易・長崎バグ修正済)
112,飲料,長崎,沖縄,11.2,機械展開(簡易・長崎バグ修正済)
112,飲料,長崎,山口,4.8,機械展開(簡易・長崎バグ修正済)
112,飲料,長崎,大分,11.6,機械展開(簡易・長崎バグ修正済)
112,飲料,熊本,福岡,2074.3,機械展開(簡易・長崎バグ修正済)
112,飲料,熊本,佐賀,203.1,機械展開(簡易・長崎バグ修正済)
112,飲料,熊本,長崎,337.3,機械展開(簡易・長崎バグ修正済)
112,飲料,熊本,宮崎,199.4,機械展開(簡易・長崎バグ修正済)
112,飲料,熊本,鹿児島,352,機械展開(簡易・長崎バグ修正済)
112,飲料,熊本,沖縄,258.5,機械展開(簡易・長崎バグ修正済)
112,飲料,熊本,山口,158.9,機械展開(簡易・長崎バグ修正済)
112,飲料,熊本,大分,613,機械展開(簡易・長崎バグ修正済)
112,飲料,宮崎,福岡,3106.5,機械展開(簡易・長崎バグ修正済)
112,飲料,宮崎,佐賀,210.4,機械展開(簡易・長崎バグ修正済)
112,飲料,宮崎,長崎,525.8,機械展開(簡易・長崎バグ修正済)
112,飲料,宮崎,熊本,757.9,機械展開(簡易・長崎バグ修正済)
112,飲料,宮崎,鹿児島,3378.5,機械展開(簡易・長崎バグ修正済)
112,飲料,宮崎,沖縄,1455.8,機械展開(簡易・長崎バグ修正済)
112,飲料,宮崎,山口,447.7,機械展開(簡易・長崎バグ修正済)
112,飲料,宮崎,大分,1671.2,機械展開(簡易・長崎バグ修正済)
112,飲料,鹿児島,福岡,3174.8,機械展開(簡易・長崎バグ修正済)
112,飲料,鹿児島,佐賀,228.7,機械展開(簡易・長崎バグ修正済)
112,飲料,鹿児島,長崎,774.4,機械展開(簡易・長崎バグ修正済)
112,飲料,鹿児島,熊本,706.9,機械展開(簡易・長崎バグ修正済)
112,飲料,鹿児島,宮崎,1785.1,機械展開(簡易・長崎バグ修正済)
112,飲料,鹿児島,沖縄,1960.6,機械展開(簡易・長崎バグ修正済)
112,飲料,鹿児島,山口,385.1,機械展開(簡易・長崎バグ修正済)
112,飲料,鹿児島,大分,1127,機械展開(簡易・長崎バグ修正済)
112,飲料,沖縄,福岡,435.3,機械展開(簡易・長崎バグ修正済)
112,飲料,沖縄,佐賀,25.5,機械展開(簡易・長崎バグ修正済)
112,飲料,沖縄,長崎,63.3,機械展開(簡易・長崎バグ修正済)
112,飲料,沖縄,熊本,53.6,機械展開(簡易・長崎バグ修正済)
112,飲料,沖縄,宮崎,79.4,機械展開(簡易・長崎バグ修正済)
112,飲料,沖縄,鹿児島,202.4,機械展開(簡易・長崎バグ修正済)
112,飲料,沖縄,山口,72.9,機械展開(簡易・長崎バグ修正済)
112,飲料,沖縄,大分,143.2,機械展開(簡易・長崎バグ修正済)
112,飲料,山口,福岡,1163.1,機械展開(簡易・長崎バグ修正済)
112,飲料,山口,佐賀,44.9,機械展開(簡易・長崎バグ修正済)
112,飲料,山口,長崎,59.4,機械展開(簡易・長崎バグ修正済)
112,飲料,山口,熊本,72.3,機械展開(簡易・長崎バグ修正済)
112,飲料,山口,宮崎,53.6,機械展開(簡易・長崎バグ修正済)
112,飲料,山口,鹿児島,87.2,機械展開(簡易・長崎バグ修正済)
112,飲料,山口,沖縄,159.9,機械展開(簡易・長崎バグ修正済)
112,飲料,山口,大分,445.8,機械展開(簡易・長崎バグ修正済)
112,飲料,大分,福岡,7749,機械展開(簡易・長崎バグ修正済)
112,飲料,大分,佐賀,408.9,機械展開(簡易・長崎バグ修正済)
112,飲料,大分,長崎,570.5,機械展開(簡易・長崎バグ修正済)
112,飲料,大分,熊本,1105.6,機械展開(簡易・長崎バグ修正済)
112,飲料,大分,宮崎,793,機械展開(簡易・長崎バグ修正済)
112,飲料,大分,鹿児島,1012.1,機械展開(簡易・長崎バグ修正済)
112,飲料,大分,沖縄,1245.6,機械展開(簡易・長崎バグ修正済)
112,飲料,大分,山口,1767.5,機械展開(簡易・長崎バグ修正済)
113,飼料・有機質肥料（別掲を除く。）・たばこ（統合）,福岡,佐賀,2974.7,機械展開(簡易・長崎バグ修正済)
113,飼料・有機質肥料（別掲を除く。）・たばこ（統合）,福岡,長崎,838,機械展開(簡易・長崎バグ修正済)
113,飼料・有機質肥料（別掲を除く。）・たばこ（統合）,福岡,熊本,4673,機械展開(簡易・長崎バグ修正済)
113,飼料・有機質肥料（別掲を除く。）・たばこ（統合）,福岡,宮崎,893.6,機械展開(簡易・長崎バグ修正済)
113,飼料・有機質肥料（別掲を除く。）・たばこ（統合）,福岡,鹿児島,5405.6,機械展開(簡易・長崎バグ修正済)
113,飼料・有機質肥料（別掲を除く。）・たばこ（統合）,福岡,沖縄,1808.2,機械展開(簡易・長崎バグ修正済)
113,飼料・有機質肥料（別掲を除く。）・たばこ（統合）,福岡,山口,2768.1,機械展開(簡易・長崎バグ修正済)
113,飼料・有機質肥料（別掲を除く。）・たばこ（統合）,福岡,大分,3009.1,機械展開(簡易・長崎バグ修正済)
113,飼料・有機質肥料（別掲を除く。）・たばこ（統合）,佐賀,福岡,1685.7,機械展開(簡易・長崎バグ修正済)
113,飼料・有機質肥料（別掲を除く。）・たばこ（統合）,佐賀,長崎,20.1,機械展開(簡易・長崎バグ修正済)
113,飼料・有機質肥料（別掲を除く。）・たばこ（統合）,佐賀,熊本,103.8,機械展開(簡易・長崎バグ修正済)
113,飼料・有機質肥料（別掲を除く。）・たばこ（統合）,佐賀,宮崎,13.7,機械展開(簡易・長崎バグ修正済)
113,飼料・有機質肥料（別掲を除く。）・たばこ（統合）,佐賀,鹿児島,88.3,機械展開(簡易・長崎バグ修正済)
113,飼料・有機質肥料（別掲を除く。）・たばこ（統合）,佐賀,沖縄,24,機械展開(簡易・長崎バグ修正済)
113,飼料・有機質肥料（別掲を除く。）・たばこ（統合）,佐賀,山口,24.2,機械展開(簡易・長崎バグ修正済)
113,飼料・有機質肥料（別掲を除く。）・たばこ（統合）,佐賀,大分,36,機械展開(簡易・長崎バグ修正済)
113,飼料・有機質肥料（別掲を除く。）・たばこ（統合）,熊本,福岡,3130.8,機械展開(簡易・長崎バグ修正済)
113,飼料・有機質肥料（別掲を除く。）・たばこ（統合）,熊本,佐賀,122.7,機械展開(簡易・長崎バグ修正済)
113,飼料・有機質肥料（別掲を除く。）・たばこ（統合）,熊本,長崎,110.3,機械展開(簡易・長崎バグ修正済)
113,飼料・有機質肥料（別掲を除く。）・たばこ（統合）,熊本,宮崎,172.9,機械展開(簡易・長崎バグ修正済)
113,飼料・有機質肥料（別掲を除く。）・たばこ（統合）,熊本,鹿児島,954.3,機械展開(簡易・長崎バグ修正済)
113,飼料・有機質肥料（別掲を除く。）・たばこ（統合）,熊本,沖縄,176.6,機械展開(簡易・長崎バグ修正済)
113,飼料・有機質肥料（別掲を除く。）・たばこ（統合）,熊本,山口,136.4,機械展開(簡易・長崎バグ修正済)
113,飼料・有機質肥料（別掲を除く。）・たばこ（統合）,熊本,大分,340.4,機械展開(簡易・長崎バグ修正済)
113,飼料・有機質肥料（別掲を除く。）・たばこ（統合）,鹿児島,福岡,7025.8,機械展開(簡易・長崎バグ修正済)
113,飼料・有機質肥料（別掲を除く。）・たばこ（統合）,鹿児島,佐賀,202.6,機械展開(簡易・長崎バグ修正済)
113,飼料・有機質肥料（別掲を除く。）・たばこ（統合）,鹿児島,長崎,371.3,機械展開(簡易・長崎バグ修正済)
113,飼料・有機質肥料（別掲を除く。）・たばこ（統合）,鹿児島,熊本,1851.2,機械展開(簡易・長崎バグ修正済)
113,飼料・有機質肥料（別掲を除く。）・たばこ（統合）,鹿児島,宮崎,2268.9,機械展開(簡易・長崎バグ修正済)
113,飼料・有機質肥料（別掲を除く。）・たばこ（統合）,鹿児島,沖縄,1963.2,機械展開(簡易・長崎バグ修正済)
113,飼料・有機質肥料（別掲を除く。）・たばこ（統合）,鹿児島,山口,484.7,機械展開(簡易・長崎バグ修正済)
113,飼料・有機質肥料（別掲を除く。）・たばこ（統合）,鹿児島,大分,917.6,機械展開(簡易・長崎バグ修正済)
113,飼料・有機質肥料（別掲を除く。）・たばこ（統合）,沖縄,福岡,16.9,機械展開(簡易・長崎バグ修正済)
113,飼料・有機質肥料（別掲を除く。）・たばこ（統合）,沖縄,長崎,0.5,機械展開(簡易・長崎バグ修正済)
113,飼料・有機質肥料（別掲を除く。）・たばこ（統合）,沖縄,熊本,2.5,機械展開(簡易・長崎バグ修正済)
113,飼料・有機質肥料（別掲を除く。）・たばこ（統合）,沖縄,宮崎,1.8,機械展開(簡易・長崎バグ修正済)
113,飼料・有機質肥料（別掲を除く。）・たばこ（統合）,沖縄,鹿児島,14.2,機械展開(簡易・長崎バグ修正済)
113,飼料・有機質肥料（別掲を除く。）・たばこ（統合）,沖縄,山口,1.6,機械展開(簡易・長崎バグ修正済)
113,飼料・有機質肥料（別掲を除く。）・たばこ（統合）,沖縄,大分,2.1,機械展開(簡易・長崎バグ修正済)
113,飼料・有機質肥料（別掲を除く。）・たばこ（統合）,山口,福岡,1331.3,機械展開(簡易・長崎バグ修正済)
113,飼料・有機質肥料（別掲を除く。）・たばこ（統合）,山口,佐賀,20.6,機械展開(簡易・長崎バグ修正済)
113,飼料・有機質肥料（別掲を除く。）・たばこ（統合）,山口,長崎,14.7,機械展開(簡易・長崎バグ修正済)
113,飼料・有機質肥料（別掲を除く。）・たばこ（統合）,山口,熊本,97.9,機械展開(簡易・長崎バグ修正済)
113,飼料・有機質肥料（別掲を除く。）・たばこ（統合）,山口,宮崎,35.2,機械展開(簡易・長崎バグ修正済)
113,飼料・有機質肥料（別掲を除く。）・たばこ（統合）,山口,鹿児島,179.4,機械展開(簡易・長崎バグ修正済)
113,飼料・有機質肥料（別掲を除く。）・たばこ（統合）,山口,沖縄,82.8,機械展開(簡易・長崎バグ修正済)
113,飼料・有機質肥料（別掲を除く。）・たばこ（統合）,山口,大分,187.7,機械展開(簡易・長崎バグ修正済)
113,飼料・有機質肥料（別掲を除く。）・たばこ（統合）,大分,福岡,150,機械展開(簡易・長崎バグ修正済)
113,飼料・有機質肥料（別掲を除く。）・たばこ（統合）,大分,佐賀,3.2,機械展開(簡易・長崎バグ修正済)
113,飼料・有機質肥料（別掲を除く。）・たばこ（統合）,大分,長崎,2.4,機械展開(簡易・長崎バグ修正済)
113,飼料・有機質肥料（別掲を除く。）・たばこ（統合）,大分,熊本,25.3,機械展開(簡易・長崎バグ修正済)
113,飼料・有機質肥料（別掲を除く。）・たばこ（統合）,大分,宮崎,8.8,機械展開(簡易・長崎バグ修正済)
113,飼料・有機質肥料（別掲を除く。）・たばこ（統合）,大分,鹿児島,35.2,機械展開(簡易・長崎バグ修正済)
113,飼料・有機質肥料（別掲を除く。）・たばこ（統合）,大分,沖縄,10.9,機械展開(簡易・長崎バグ修正済)
113,飼料・有機質肥料（別掲を除く。）・たばこ（統合）,大分,山口,19.5,機械展開(簡易・長崎バグ修正済)
151,繊維工業製品,福岡,佐賀,257.4,機械展開(簡易・長崎バグ修正済)
151,繊維工業製品,福岡,長崎,127.3,機械展開(簡易・長崎バグ修正済)
151,繊維工業製品,福岡,熊本,118.5,機械展開(簡易・長崎バグ修正済)
151,繊維工業製品,福岡,宮崎,132.1,機械展開(簡易・長崎バグ修正済)
151,繊維工業製品,福岡,鹿児島,32.8,機械展開(簡易・長崎バグ修正済)
151,繊維工業製品,福岡,沖縄,34.9,機械展開(簡易・長崎バグ修正済)
151,繊維工業製品,福岡,山口,159.8,機械展開(簡易・長崎バグ修正済)
151,繊維工業製品,福岡,大分,158.7,機械展開(簡易・長崎バグ修正済)
151,繊維工業製品,佐賀,福岡,168.3,機械展開(簡易・長崎バグ修正済)
151,繊維工業製品,佐賀,長崎,16,機械展開(簡易・長崎バグ修正済)
151,繊維工業製品,佐賀,熊本,13.7,機械展開(簡易・長崎バグ修正済)
151,繊維工業製品,佐賀,宮崎,10.6,機械展開(簡易・長崎バグ修正済)
151,繊維工業製品,佐賀,鹿児島,2.8,機械展開(簡易・長崎バグ修正済)
151,繊維工業製品,佐賀,沖縄,2.4,機械展開(簡易・長崎バグ修正済)
151,繊維工業製品,佐賀,山口,7.3,機械展開(簡易・長崎バグ修正済)
151,繊維工業製品,佐賀,大分,9.9,機械展開(簡易・長崎バグ修正済)
151,繊維工業製品,長崎,福岡,120.6,機械展開(簡易・長崎バグ修正済)
151,繊維工業製品,長崎,佐賀,23.1,機械展開(簡易・長崎バグ修正済)
151,繊維工業製品,長崎,熊本,31.4,機械展開(簡易・長崎バグ修正済)
151,繊維工業製品,長崎,宮崎,36.4,機械展開(簡易・長崎バグ修正済)
151,繊維工業製品,長崎,鹿児島,13,機械展開(簡易・長崎バグ修正済)
151,繊維工業製品,長崎,沖縄,8.3,機械展開(簡易・長崎バグ修正済)
151,繊維工業製品,長崎,山口,13.3,機械展開(簡易・長崎バグ修正済)
151,繊維工業製品,長崎,大分,19,機械展開(簡易・長崎バグ修正済)
151,繊維工業製品,熊本,福岡,155.3,機械展開(簡易・長崎バグ修正済)
151,繊維工業製品,熊本,佐賀,27.5,機械展開(簡易・長崎バグ修正済)
151,繊維工業製品,熊本,長崎,43.4,機械展開(簡易・長崎バグ修正済)
151,繊維工業製品,熊本,宮崎,66.3,機械展開(簡易・長崎バグ修正済)
151,繊維工業製品,熊本,鹿児島,15,機械展開(簡易・長崎バグ修正済)
151,繊維工業製品,熊本,沖縄,8.8,機械展開(簡易・長崎バグ修正済)
151,繊維工業製品,熊本,山口,20.4,機械展開(簡易・長崎バグ修正済)
151,繊維工業製品,熊本,大分,46.6,機械展開(簡易・長崎バグ修正済)
151,繊維工業製品,宮崎,福岡,807,機械展開(簡易・長崎バグ修正済)
151,繊維工業製品,宮崎,佐賀,98.9,機械展開(簡易・長崎バグ修正済)
151,繊維工業製品,宮崎,長崎,235,機械展開(簡易・長崎バグ修正済)
151,繊維工業製品,宮崎,熊本,308.8,機械展開(簡易・長崎バグ修正済)
151,繊維工業製品,宮崎,鹿児島,499.2,機械展開(簡易・長崎バグ修正済)
151,繊維工業製品,宮崎,沖縄,172.7,機械展開(簡易・長崎バグ修正済)
151,繊維工業製品,宮崎,山口,199.5,機械展開(簡易・長崎バグ修正済)
151,繊維工業製品,宮崎,大分,440.3,機械展開(簡易・長崎バグ修正済)
151,繊維工業製品,鹿児島,福岡,20,機械展開(簡易・長崎バグ修正済)
151,繊維工業製品,鹿児島,佐賀,2.6,機械展開(簡易・長崎バグ修正済)
151,繊維工業製品,鹿児島,長崎,8.4,機械展開(簡易・長崎バグ修正済)
151,繊維工業製品,鹿児島,熊本,7,機械展開(簡易・長崎バグ修正済)
151,繊維工業製品,鹿児島,宮崎,50,機械展開(簡易・長崎バグ修正済)
151,繊維工業製品,鹿児島,沖縄,5.6,機械展開(簡易・長崎バグ修正済)
151,繊維工業製品,鹿児島,山口,4.2,機械展開(簡易・長崎バグ修正済)
151,繊維工業製品,鹿児島,大分,7.2,機械展開(簡易・長崎バグ修正済)
151,繊維工業製品,沖縄,福岡,19,機械展開(簡易・長崎バグ修正済)
151,繊維工業製品,沖縄,佐賀,2,機械展開(簡易・長崎バグ修正済)
151,繊維工業製品,沖縄,長崎,4.7,機械展開(簡易・長崎バグ修正済)
151,繊維工業製品,沖縄,熊本,3.7,機械展開(簡易・長崎バグ修正済)
151,繊維工業製品,沖縄,宮崎,15.4,機械展開(簡易・長崎バグ修正済)
151,繊維工業製品,沖縄,鹿児島,5,機械展開(簡易・長崎バグ修正済)
151,繊維工業製品,沖縄,山口,5.5,機械展開(簡易・長崎バグ修正済)
151,繊維工業製品,沖縄,大分,6.3,機械展開(簡易・長崎バグ修正済)
151,繊維工業製品,山口,福岡,180.3,機械展開(簡易・長崎バグ修正済)
151,繊維工業製品,山口,佐賀,12.6,機械展開(簡易・長崎バグ修正済)
151,繊維工業製品,山口,長崎,15.8,機械展開(簡易・長崎バグ修正済)
151,繊維工業製品,山口,熊本,17.6,機械展開(簡易・長崎バグ修正済)
151,繊維工業製品,山口,宮崎,36.8,機械展開(簡易・長崎バグ修正済)
151,繊維工業製品,山口,鹿児島,7.7,機械展開(簡易・長崎バグ修正済)
151,繊維工業製品,山口,沖縄,11.3,機械展開(簡易・長崎バグ修正済)
151,繊維工業製品,山口,大分,70.1,機械展開(簡易・長崎バグ修正済)
151,繊維工業製品,大分,福岡,404.2,機械展開(簡易・長崎バグ修正済)
151,繊維工業製品,大分,佐賀,38.6,機械展開(簡易・長崎バグ修正済)
151,繊維工業製品,大分,長崎,51.2,機械展開(簡易・長崎バグ修正済)
151,繊維工業製品,大分,熊本,90.5,機械展開(簡易・長崎バグ修正済)
151,繊維工業製品,大分,宮崎,183.5,機械展開(簡易・長崎バグ修正済)
151,繊維工業製品,大分,鹿児島,30,機械展開(簡易・長崎バグ修正済)
151,繊維工業製品,大分,沖縄,29.7,機械展開(簡易・長崎バグ修正済)
151,繊維工業製品,大分,山口,158.2,機械展開(簡易・長崎バグ修正済)
152,衣服・その他の繊維既製品,福岡,佐賀,1058.8,機械展開(簡易・長崎バグ修正済)
152,衣服・その他の繊維既製品,福岡,長崎,333.5,機械展開(簡易・長崎バグ修正済)
152,衣服・その他の繊維既製品,福岡,熊本,689.2,機械展開(簡易・長崎バグ修正済)
152,衣服・その他の繊維既製品,福岡,宮崎,345.1,機械展開(簡易・長崎バグ修正済)
152,衣服・その他の繊維既製品,福岡,鹿児島,842.7,機械展開(簡易・長崎バグ修正済)
152,衣服・その他の繊維既製品,福岡,沖縄,544.7,機械展開(簡易・長崎バグ修正済)
152,衣服・その他の繊維既製品,福岡,山口,373.4,機械展開(簡易・長崎バグ修正済)
152,衣服・その他の繊維既製品,福岡,大分,1103.1,機械展開(簡易・長崎バグ修正済)
152,衣服・その他の繊維既製品,佐賀,福岡,2852.7,機械展開(簡易・長崎バグ修正済)
152,衣服・その他の繊維既製品,佐賀,長崎,105.6,機械展開(簡易・長崎バグ修正済)
152,衣服・その他の繊維既製品,佐賀,熊本,201.8,機械展開(簡易・長崎バグ修正済)
152,衣服・その他の繊維既製品,佐賀,宮崎,69.9,機械展開(簡易・長崎バグ修正済)
152,衣服・その他の繊維既製品,佐賀,鹿児島,181.5,機械展開(簡易・長崎バグ修正済)
152,衣服・その他の繊維既製品,佐賀,沖縄,95.3,機械展開(簡易・長崎バグ修正済)
152,衣服・その他の繊維既製品,佐賀,山口,43.1,機械展開(簡易・長崎バグ修正済)
152,衣服・その他の繊維既製品,佐賀,大分,174.1,機械展開(簡易・長崎バグ修正済)
152,衣服・その他の繊維既製品,長崎,福岡,1923,機械展開(簡易・長崎バグ修正済)
152,衣服・その他の繊維既製品,長崎,佐賀,226.1,機械展開(簡易・長崎バグ修正済)
152,衣服・その他の繊維既製品,長崎,熊本,434,機械展開(簡易・長崎バグ修正済)
152,衣服・その他の繊維既製品,長崎,宮崎,226.2,機械展開(簡易・長崎バグ修正済)
152,衣服・その他の繊維既製品,長崎,鹿児島,796,機械展開(簡易・長崎バグ修正済)
152,衣服・その他の繊維既製品,長崎,沖縄,306.7,機械展開(簡易・長崎バグ修正済)
152,衣服・その他の繊維既製品,長崎,山口,73.8,機械展開(簡易・長崎バグ修正済)
152,衣服・その他の繊維既製品,長崎,大分,314.5,機械展開(簡易・長崎バグ修正済)
152,衣服・その他の繊維既製品,熊本,福岡,1131.6,機械展開(簡易・長崎バグ修正済)
152,衣服・その他の繊維既製品,熊本,佐賀,123,機械展開(簡易・長崎バグ修正済)
152,衣服・その他の繊維既製品,熊本,長崎,123.6,機械展開(簡易・長崎バグ修正済)
152,衣服・その他の繊維既製品,熊本,宮崎,188,機械展開(簡易・長崎バグ修正済)
152,衣服・その他の繊維既製品,熊本,鹿児島,418.8,機械展開(簡易・長崎バグ修正済)
152,衣服・その他の繊維既製品,熊本,沖縄,149.7,機械展開(簡易・長崎バグ修正済)
152,衣服・その他の繊維既製品,熊本,山口,51.8,機械展開(簡易・長崎バグ修正済)
152,衣服・その他の繊維既製品,熊本,大分,351.3,機械展開(簡易・長崎バグ修正済)
152,衣服・その他の繊維既製品,宮崎,福岡,727.2,機械展開(簡易・長崎バグ修正済)
152,衣服・その他の繊維既製品,宮崎,佐賀,54.7,機械展開(簡易・長崎バグ修正済)
152,衣服・その他の繊維既製品,宮崎,長崎,82.7,機械展開(簡易・長崎バグ修正済)
152,衣服・その他の繊維既製品,宮崎,熊本,241.2,機械展開(簡易・長崎バグ修正済)
152,衣服・その他の繊維既製品,宮崎,鹿児島,1725.1,機械展開(簡易・長崎バグ修正済)
152,衣服・その他の繊維既製品,宮崎,沖縄,361.8,機械展開(簡易・長崎バグ修正済)
152,衣服・その他の繊維既製品,宮崎,山口,62.6,機械展開(簡易・長崎バグ修正済)
152,衣服・その他の繊維既製品,宮崎,大分,411,機械展開(簡易・長崎バグ修正済)
152,衣服・その他の繊維既製品,鹿児島,福岡,655.7,機械展開(簡易・長崎バグ修正済)
152,衣服・その他の繊維既製品,鹿児島,佐賀,52.4,機械展開(簡易・長崎バグ修正済)
152,衣服・その他の繊維既製品,鹿児島,長崎,107.4,機械展開(簡易・長崎バグ修正済)
152,衣服・その他の繊維既製品,鹿児島,熊本,198.5,機械展開(簡易・長崎バグ修正済)
152,衣服・その他の繊維既製品,鹿児島,宮崎,637,機械展開(簡易・長崎バグ修正済)
152,衣服・その他の繊維既製品,鹿児島,沖縄,429.9,機械展開(簡易・長崎バグ修正済)
152,衣服・その他の繊維既製品,鹿児島,山口,47.5,機械展開(簡易・長崎バグ修正済)
152,衣服・その他の繊維既製品,鹿児島,大分,244.5,機械展開(簡易・長崎バグ修正済)
152,衣服・その他の繊維既製品,沖縄,福岡,93.1,機械展開(簡易・長崎バグ修正済)
152,衣服・その他の繊維既製品,沖縄,佐賀,6,機械展開(簡易・長崎バグ修正済)
152,衣服・その他の繊維既製品,沖縄,長崎,9.1,機械展開(簡易・長崎バグ修正済)
152,衣服・その他の繊維既製品,沖縄,熊本,15.6,機械展開(簡易・長崎バグ修正済)
152,衣服・その他の繊維既製品,沖縄,宮崎,29.4,機械展開(簡易・長崎バグ修正済)
152,衣服・その他の繊維既製品,沖縄,鹿児島,94.5,機械展開(簡易・長崎バグ修正済)
152,衣服・その他の繊維既製品,沖縄,山口,9.3,機械展開(簡易・長崎バグ修正済)
152,衣服・その他の繊維既製品,沖縄,大分,32.2,機械展開(簡易・長崎バグ修正済)
152,衣服・その他の繊維既製品,山口,福岡,1485.9,機械展開(簡易・長崎バグ修正済)
152,衣服・その他の繊維既製品,山口,佐賀,63.7,機械展開(簡易・長崎バグ修正済)
152,衣服・その他の繊維既製品,山口,長崎,50.9,機械展開(簡易・長崎バグ修正済)
152,衣服・その他の繊維既製品,山口,熊本,125.6,機械展開(簡易・長崎バグ修正済)
152,衣服・その他の繊維既製品,山口,宮崎,118.3,機械展開(簡易・長崎バグ修正済)
152,衣服・その他の繊維既製品,山口,鹿児島,243.1,機械展開(簡易・長崎バグ修正済)
152,衣服・その他の繊維既製品,山口,沖縄,216.9,機械展開(簡易・長崎バグ修正済)
152,衣服・その他の繊維既製品,山口,大分,598.4,機械展開(簡易・長崎バグ修正済)
152,衣服・その他の繊維既製品,大分,福岡,786.9,機械展開(簡易・長崎バグ修正済)
152,衣服・その他の繊維既製品,大分,佐賀,46.1,機械展開(簡易・長崎バグ修正済)
152,衣服・その他の繊維既製品,大分,長崎,38.9,機械展開(簡易・長崎バグ修正済)
152,衣服・その他の繊維既製品,大分,熊本,152.6,機械展開(簡易・長崎バグ修正済)
152,衣服・その他の繊維既製品,大分,宮崎,139.1,機械展開(簡易・長崎バグ修正済)
152,衣服・その他の繊維既製品,大分,鹿児島,224.2,機械展開(簡易・長崎バグ修正済)
152,衣服・その他の繊維既製品,大分,沖縄,134.3,機械展開(簡易・長崎バグ修正済)
152,衣服・その他の繊維既製品,大分,山口,107.3,機械展開(簡易・長崎バグ修正済)
161,木材・木製品,福岡,佐賀,1209.3,機械展開(簡易・長崎バグ修正済)
161,木材・木製品,福岡,長崎,328.1,機械展開(簡易・長崎バグ修正済)
161,木材・木製品,福岡,熊本,331.2,機械展開(簡易・長崎バグ修正済)
161,木材・木製品,福岡,宮崎,355.6,機械展開(簡易・長崎バグ修正済)
161,木材・木製品,福岡,鹿児島,106.8,機械展開(簡易・長崎バグ修正済)
161,木材・木製品,福岡,沖縄,220.2,機械展開(簡易・長崎バグ修正済)
161,木材・木製品,福岡,山口,668.1,機械展開(簡易・長崎バグ修正済)
161,木材・木製品,福岡,大分,322.9,機械展開(簡易・長崎バグ修正済)
161,木材・木製品,佐賀,福岡,1614.6,機械展開(簡易・長崎バグ修正済)
161,木材・木製品,佐賀,長崎,194.9,機械展開(簡易・長崎バグ修正済)
161,木材・木製品,佐賀,熊本,181.8,機械展開(簡易・長崎バグ修正済)
161,木材・木製品,佐賀,宮崎,135,機械展開(簡易・長崎バグ修正済)
161,木材・木製品,佐賀,鹿児島,43.1,機械展開(簡易・長崎バグ修正済)
161,木材・木製品,佐賀,沖縄,72.2,機械展開(簡易・長崎バグ修正済)
161,木材・木製品,佐賀,山口,144.6,機械展開(簡易・長崎バグ修正済)
161,木材・木製品,佐賀,大分,95.5,機械展開(簡易・長崎バグ修正済)
161,木材・木製品,長崎,福岡,187.6,機械展開(簡易・長崎バグ修正済)
161,木材・木製品,長崎,佐賀,83.4,機械展開(簡易・長崎バグ修正済)
161,木材・木製品,長崎,熊本,67.4,機械展開(簡易・長崎バグ修正済)
161,木材・木製品,長崎,宮崎,75.3,機械展開(簡易・長崎バグ修正済)
161,木材・木製品,長崎,鹿児島,32.6,機械展開(簡易・長崎バグ修正済)
161,木材・木製品,長崎,沖縄,40.1,機械展開(簡易・長崎バグ修正済)
161,木材・木製品,長崎,山口,42.7,機械展開(簡易・長崎バグ修正済)
161,木材・木製品,長崎,大分,29.7,機械展開(簡易・長崎バグ修正済)
161,木材・木製品,熊本,福岡,941.7,機械展開(簡易・長崎バグ修正済)
161,木材・木製品,熊本,佐賀,387.2,機械展開(簡易・長崎バグ修正済)
161,木材・木製品,熊本,長崎,335.1,機械展開(簡易・長崎バグ修正済)
161,木材・木製品,熊本,宮崎,533.9,機械展開(簡易・長崎バグ修正済)
161,木材・木製品,熊本,鹿児島,146.3,機械展開(簡易・長崎バグ修正済)
161,木材・木製品,熊本,沖縄,166.9,機械展開(簡易・長崎バグ修正済)
161,木材・木製品,熊本,山口,255.5,機械展開(簡易・長崎バグ修正済)
161,木材・木製品,熊本,大分,283.5,機械展開(簡易・長崎バグ修正済)
161,木材・木製品,宮崎,福岡,1478.7,機械展開(簡易・長崎バグ修正済)
161,木材・木製品,宮崎,佐賀,420.5,機械展開(簡易・長崎バグ修正済)
161,木材・木製品,宮崎,長崎,547.8,機械展開(簡易・長崎バグ修正済)
161,木材・木製品,宮崎,熊本,780.8,機械展開(簡易・長崎バグ修正済)
161,木材・木製品,宮崎,鹿児島,1472.2,機械展開(簡易・長崎バグ修正済)
161,木材・木製品,宮崎,沖縄,985.4,機械展開(簡易・長崎バグ修正済)
161,木材・木製品,宮崎,山口,754.7,機械展開(簡易・長崎バグ修正済)
161,木材・木製品,宮崎,大分,810.4,機械展開(簡易・長崎バグ修正済)
161,木材・木製品,鹿児島,福岡,106.1,機械展開(簡易・長崎バグ修正済)
161,木材・木製品,鹿児島,佐賀,32.1,機械展開(簡易・長崎バグ修正済)
161,木材・木製品,鹿児島,長崎,56.6,機械展開(簡易・長崎バグ修正済)
161,木材・木製品,鹿児島,熊本,51.1,機械展開(簡易・長崎バグ修正済)
161,木材・木製品,鹿児島,宮崎,351.7,機械展開(簡易・長崎バグ修正済)
161,木材・木製品,鹿児島,沖縄,93.1,機械展開(簡易・長崎バグ修正済)
161,木材・木製品,鹿児島,山口,45.6,機械展開(簡易・長崎バグ修正済)
161,木材・木製品,鹿児島,大分,38.4,機械展開(簡易・長崎バグ修正済)
161,木材・木製品,沖縄,福岡,17.9,機械展開(簡易・長崎バグ修正済)
161,木材・木製品,沖縄,佐賀,4.4,機械展開(簡易・長崎バグ修正済)
161,木材・木製品,沖縄,長崎,5.7,機械展開(簡易・長崎バグ修正済)
161,木材・木製品,沖縄,熊本,4.8,機械展開(簡易・長崎バグ修正済)
161,木材・木製品,沖縄,宮崎,19.3,機械展開(簡易・長崎バグ修正済)
161,木材・木製品,沖縄,鹿児島,7.6,機械展開(簡易・長崎バグ修正済)
161,木材・木製品,沖縄,山口,10.6,機械展開(簡易・長崎バグ修正済)
161,木材・木製品,沖縄,大分,6,機械展開(簡易・長崎バグ修正済)
161,木材・木製品,山口,福岡,2177.5,機械展開(簡易・長崎バグ修正済)
161,木材・木製品,山口,佐賀,353.1,機械展開(簡易・長崎バグ修正済)
161,木材・木製品,山口,長崎,243.2,機械展開(簡易・長崎バグ修正済)
161,木材・木製品,山口,熊本,292.9,機械展開(簡易・長崎バグ修正済)
161,木材・木製品,山口,宮崎,591.6,機械展開(簡易・長崎バグ修正済)
161,木材・木製品,山口,鹿児島,149.5,機械展開(簡易・長崎バグ修正済)
161,木材・木製品,山口,沖縄,425.7,機械展開(簡易・長崎バグ修正済)
161,木材・木製品,山口,大分,850.2,機械展開(簡易・長崎バグ修正済)
161,木材・木製品,大分,福岡,896.2,機械展開(簡易・長崎バグ修正済)
161,木材・木製品,大分,佐賀,198.6,機械展開(簡易・長崎バグ修正済)
161,木材・木製品,大分,長崎,144.4,機械展開(簡易・長崎バグ修正済)
161,木材・木製品,大分,熊本,276.7,機械展開(簡易・長崎バグ修正済)
161,木材・木製品,大分,宮崎,540.9,機械展開(簡易・長崎バグ修正済)
161,木材・木製品,大分,鹿児島,107.2,機械展開(簡易・長崎バグ修正済)
161,木材・木製品,大分,沖縄,204.8,機械展開(簡易・長崎バグ修正済)
161,木材・木製品,大分,山口,724,機械展開(簡易・長崎バグ修正済)
162,家具・装備品,福岡,佐賀,560,機械展開(簡易・長崎バグ修正済)
162,家具・装備品,福岡,長崎,665.5,機械展開(簡易・長崎バグ修正済)
162,家具・装備品,福岡,熊本,661.1,機械展開(簡易・長崎バグ修正済)
162,家具・装備品,福岡,宮崎,589.3,機械展開(簡易・長崎バグ修正済)
162,家具・装備品,福岡,鹿児島,1011.8,機械展開(簡易・長崎バグ修正済)
162,家具・装備品,福岡,沖縄,892.4,機械展開(簡易・長崎バグ修正済)
162,家具・装備品,福岡,山口,810.5,機械展開(簡易・長崎バグ修正済)
162,家具・装備品,福岡,大分,1023.3,機械展開(簡易・長崎バグ修正済)
162,家具・装備品,佐賀,福岡,1700.2,機械展開(簡易・長崎バグ修正済)
162,家具・装備品,佐賀,長崎,64.3,機械展開(簡易・長崎バグ修正済)
162,家具・装備品,佐賀,熊本,59,機械展開(簡易・長崎バグ修正済)
162,家具・装備品,佐賀,宮崎,36.4,機械展開(簡易・長崎バグ修正済)
162,家具・装備品,佐賀,鹿児島,66.4,機械展開(簡易・長崎バグ修正済)
162,家具・装備品,佐賀,沖縄,47.6,機械展開(簡易・長崎バグ修正済)
162,家具・装備品,佐賀,山口,28.5,機械展開(簡易・長崎バグ修正済)
162,家具・装備品,佐賀,大分,49.2,機械展開(簡易・長崎バグ修正済)
162,家具・装備品,長崎,福岡,48.5,機械展開(簡易・長崎バグ修正済)
162,家具・装備品,長崎,佐賀,1.5,機械展開(簡易・長崎バグ修正済)
162,家具・装備品,長崎,熊本,5.4,機械展開(簡易・長崎バグ修正済)
162,家具・装備品,長崎,宮崎,5,機械展開(簡易・長崎バグ修正済)
162,家具・装備品,長崎,鹿児島,12.3,機械展開(簡易・長崎バグ修正済)
162,家具・装備品,長崎,沖縄,6.5,機械展開(簡易・長崎バグ修正済)
162,家具・装備品,長崎,山口,2.1,機械展開(簡易・長崎バグ修正済)
162,家具・装備品,長崎,大分,3.8,機械展開(簡易・長崎バグ修正済)
162,家具・装備品,熊本,福岡,238.8,機械展開(簡易・長崎バグ修正済)
162,家具・装備品,熊本,佐賀,7,機械展開(簡易・長崎バグ修正済)
162,家具・装備品,熊本,長崎,26.6,機械展開(簡易・長崎バグ修正済)
162,家具・装備品,熊本,宮崎,34.6,機械展開(簡易・長崎バグ修正済)
162,家具・装備品,熊本,鹿児島,54.3,機械展開(簡易・長崎バグ修正済)
162,家具・装備品,熊本,沖縄,26.5,機械展開(簡易・長崎バグ修正済)
162,家具・装備品,熊本,山口,12.1,機械展開(簡易・長崎バグ修正済)
162,家具・装備品,熊本,大分,35.2,機械展開(簡易・長崎バグ修正済)
162,家具・装備品,宮崎,福岡,185.8,機械展開(簡易・長崎バグ修正済)
162,家具・装備品,宮崎,佐賀,3.8,機械展開(簡易・長崎バグ修正済)
162,家具・装備品,宮崎,長崎,21.6,機械展開(簡易・長崎バグ修正済)
162,家具・装備品,宮崎,熊本,30.2,機械展開(簡易・長崎バグ修正済)
162,家具・装備品,宮崎,鹿児島,270.7,機械展開(簡易・長崎バグ修正済)
162,家具・装備品,宮崎,沖縄,77.5,機械展開(簡易・長崎バグ修正済)
162,家具・装備品,宮崎,山口,17.8,機械展開(簡易・長崎バグ修正済)
162,家具・装備品,宮崎,大分,49.8,機械展開(簡易・長崎バグ修正済)
162,家具・装備品,鹿児島,福岡,145.8,機械展開(簡易・長崎バグ修正済)
162,家具・装備品,鹿児島,佐賀,3.2,機械展開(簡易・長崎バグ修正済)
162,家具・装備品,鹿児島,長崎,24.4,機械展開(簡易・長崎バグ修正済)
162,家具・装備品,鹿児島,熊本,21.7,機械展開(簡易・長崎バグ修正済)
162,家具・装備品,鹿児島,宮崎,123.7,機械展開(簡易・長崎バグ修正済)
162,家具・装備品,鹿児島,沖縄,80.1,機械展開(簡易・長崎バグ修正済)
162,家具・装備品,鹿児島,山口,11.7,機械展開(簡易・長崎バグ修正済)
162,家具・装備品,鹿児島,大分,25.8,機械展開(簡易・長崎バグ修正済)
162,家具・装備品,沖縄,福岡,12.7,機械展開(簡易・長崎バグ修正済)
162,家具・装備品,沖縄,長崎,1.3,機械展開(簡易・長崎バグ修正済)
162,家具・装備品,沖縄,熊本,1,機械展開(簡易・長崎バグ修正済)
162,家具・装備品,沖縄,宮崎,3.5,機械展開(簡易・長崎バグ修正済)
162,家具・装備品,沖縄,鹿児島,7.9,機械展開(簡易・長崎バグ修正済)
162,家具・装備品,沖縄,山口,1.4,機械展開(簡易・長崎バグ修正済)
162,家具・装備品,沖縄,大分,2.1,機械展開(簡易・長崎バグ修正済)
162,家具・装備品,山口,福岡,216,機械展開(簡易・長崎バグ修正済)
162,家具・装備品,山口,佐賀,2.5,機械展開(簡易・長崎バグ修正済)
162,家具・装備品,山口,長崎,7.6,機械展開(簡易・長崎バグ修正済)
162,家具・装備品,山口,熊本,9,機械展開(簡易・長崎バグ修正済)
162,家具・装備品,山口,宮崎,15,機械展開(簡易・長崎バグ修正済)
162,家具・装備品,山口,鹿児島,21.7,機械展開(簡易・長崎バグ修正済)
162,家具・装備品,山口,沖縄,26.4,機械展開(簡易・長崎バグ修正済)
162,家具・装備品,山口,大分,41.3,機械展開(簡易・長崎バグ修正済)
162,家具・装備品,大分,福岡,889.2,機械展開(簡易・長崎バグ修正済)
162,家具・装備品,大分,佐賀,14.1,機械展開(簡易・長崎バグ修正済)
162,家具・装備品,大分,長崎,44.9,機械展開(簡易・長崎バグ修正済)
162,家具・装備品,大分,熊本,84.6,機械展開(簡易・長崎バグ修正済)
162,家具・装備品,大分,宮崎,137.3,機械展開(簡易・長崎バグ修正済)
162,家具・装備品,大分,鹿児島,155.6,機械展開(簡易・長崎バグ修正済)
162,家具・装備品,大分,沖縄,127.2,機械展開(簡易・長崎バグ修正済)
162,家具・装備品,大分,山口,134.6,機械展開(簡易・長崎バグ修正済)
163,パルプ・紙・板紙・加工紙,福岡,佐賀,738.6,機械展開(簡易・長崎バグ修正済)
163,パルプ・紙・板紙・加工紙,福岡,長崎,106.4,機械展開(簡易・長崎バグ修正済)
163,パルプ・紙・板紙・加工紙,福岡,熊本,436.3,機械展開(簡易・長崎バグ修正済)
163,パルプ・紙・板紙・加工紙,福岡,宮崎,55.8,機械展開(簡易・長崎バグ修正済)
163,パルプ・紙・板紙・加工紙,福岡,鹿児島,105.3,機械展開(簡易・長崎バグ修正済)
163,パルプ・紙・板紙・加工紙,福岡,沖縄,130.9,機械展開(簡易・長崎バグ修正済)
163,パルプ・紙・板紙・加工紙,福岡,山口,679.3,機械展開(簡易・長崎バグ修正済)
163,パルプ・紙・板紙・加工紙,福岡,大分,132.9,機械展開(簡易・長崎バグ修正済)
163,パルプ・紙・板紙・加工紙,佐賀,福岡,1489,機械展開(簡易・長崎バグ修正済)
163,パルプ・紙・板紙・加工紙,佐賀,長崎,105.9,機械展開(簡易・長崎バグ修正済)
163,パルプ・紙・板紙・加工紙,佐賀,熊本,401.4,機械展開(簡易・長崎バグ修正済)
163,パルプ・紙・板紙・加工紙,佐賀,宮崎,35.5,機械展開(簡易・長崎バグ修正済)
163,パルプ・紙・板紙・加工紙,佐賀,鹿児島,71.3,機械展開(簡易・長崎バグ修正済)
163,パルプ・紙・板紙・加工紙,佐賀,沖縄,71.9,機械展開(簡易・長崎バグ修正済)
163,パルプ・紙・板紙・加工紙,佐賀,山口,246.4,機械展開(簡易・長崎バグ修正済)
163,パルプ・紙・板紙・加工紙,佐賀,大分,65.9,機械展開(簡易・長崎バグ修正済)
163,パルプ・紙・板紙・加工紙,長崎,福岡,111.7,機械展開(簡易・長崎バグ修正済)
163,パルプ・紙・板紙・加工紙,長崎,佐賀,55.2,機械展開(簡易・長崎バグ修正済)
163,パルプ・紙・板紙・加工紙,長崎,熊本,96.1,機械展開(簡易・長崎バグ修正済)
163,パルプ・紙・板紙・加工紙,長崎,宮崎,12.8,機械展開(簡易・長崎バグ修正済)
163,パルプ・紙・板紙・加工紙,長崎,鹿児島,34.8,機械展開(簡易・長崎バグ修正済)
163,パルプ・紙・板紙・加工紙,長崎,沖縄,25.8,機械展開(簡易・長崎バグ修正済)
163,パルプ・紙・板紙・加工紙,長崎,山口,47,機械展開(簡易・長崎バグ修正済)
163,パルプ・紙・板紙・加工紙,長崎,大分,13.3,機械展開(簡易・長崎バグ修正済)
163,パルプ・紙・板紙・加工紙,熊本,福岡,2276.5,機械展開(簡易・長崎バグ修正済)
163,パルプ・紙・板紙・加工紙,熊本,佐賀,1038.9,機械展開(簡易・長崎バグ修正済)
163,パルプ・紙・板紙・加工紙,熊本,長崎,477.3,機械展開(簡易・長崎バグ修正済)
163,パルプ・紙・板紙・加工紙,熊本,宮崎,368.2,機械展開(簡易・長崎バグ修正済)
163,パルプ・紙・板紙・加工紙,熊本,鹿児島,633.8,機械展開(簡易・長崎バグ修正済)
163,パルプ・紙・板紙・加工紙,熊本,沖縄,435.7,機械展開(簡易・長崎バグ修正済)
163,パルプ・紙・板紙・加工紙,熊本,山口,1141.3,機械展開(簡易・長崎バグ修正済)
163,パルプ・紙・板紙・加工紙,熊本,大分,512.6,機械展開(簡易・長崎バグ修正済)
163,パルプ・紙・板紙・加工紙,宮崎,福岡,376.9,機械展開(簡易・長崎バグ修正済)
163,パルプ・紙・板紙・加工紙,宮崎,佐賀,118.9,機械展開(簡易・長崎バグ修正済)
163,パルプ・紙・板紙・加工紙,宮崎,長崎,82.3,機械展開(簡易・長崎バグ修正済)
163,パルプ・紙・板紙・加工紙,宮崎,熊本,476.4,機械展開(簡易・長崎バグ修正済)
163,パルプ・紙・板紙・加工紙,宮崎,鹿児島,672.5,機械展開(簡易・長崎バグ修正済)
163,パルプ・紙・板紙・加工紙,宮崎,沖縄,271.2,機械展開(簡易・長崎バグ修正済)
163,パルプ・紙・板紙・加工紙,宮崎,山口,355.4,機械展開(簡易・長崎バグ修正済)
163,パルプ・紙・板紙・加工紙,宮崎,大分,154.5,機械展開(簡易・長崎バグ修正済)
163,パルプ・紙・板紙・加工紙,鹿児島,福岡,717.4,機械展開(簡易・長崎バグ修正済)
163,パルプ・紙・板紙・加工紙,鹿児島,佐賀,240.8,機械展開(簡易・長崎バグ修正済)
163,パルプ・紙・板紙・加工紙,鹿児島,長崎,225.6,機械展開(簡易・長崎バグ修正済)
163,パルプ・紙・板紙・加工紙,鹿児島,熊本,827.5,機械展開(簡易・長崎バグ修正済)
163,パルプ・紙・板紙・加工紙,鹿児島,宮崎,678.7,機械展開(簡易・長崎バグ修正済)
163,パルプ・紙・板紙・加工紙,鹿児島,沖縄,680.3,機械展開(簡易・長崎バグ修正済)
163,パルプ・紙・板紙・加工紙,鹿児島,山口,569.4,機械展開(簡易・長崎バグ修正済)
163,パルプ・紙・板紙・加工紙,鹿児島,大分,194,機械展開(簡易・長崎バグ修正済)
163,パルプ・紙・板紙・加工紙,沖縄,福岡,16.2,機械展開(簡易・長崎バグ修正済)
163,パルプ・紙・板紙・加工紙,沖縄,佐賀,4.4,機械展開(簡易・長崎バグ修正済)
163,パルプ・紙・板紙・加工紙,沖縄,長崎,3,機械展開(簡易・長崎バグ修正済)
163,パルプ・紙・板紙・加工紙,沖縄,熊本,10.3,機械展開(簡易・長崎バグ修正済)
163,パルプ・紙・板紙・加工紙,沖縄,宮崎,5,機械展開(簡易・長崎バグ修正済)
163,パルプ・紙・板紙・加工紙,沖縄,鹿児島,12.4,機械展開(簡易・長崎バグ修正済)
163,パルプ・紙・板紙・加工紙,沖縄,山口,17.7,機械展開(簡易・長崎バグ修正済)
163,パルプ・紙・板紙・加工紙,沖縄,大分,4.1,機械展開(簡易・長崎バグ修正済)
163,パルプ・紙・板紙・加工紙,山口,福岡,3595.2,機械展開(簡易・長崎バグ修正済)
163,パルプ・紙・板紙・加工紙,山口,佐賀,647.1,機械展開(簡易・長崎バグ修正済)
163,パルプ・紙・板紙・加工紙,山口,長崎,236.6,機械展開(簡易・長崎バグ修正済)
163,パルプ・紙・板紙・加工紙,山口,熊本,1157.9,機械展開(簡易・長崎バグ修正済)
163,パルプ・紙・板紙・加工紙,山口,宮崎,278.7,機械展開(簡易・長崎バグ修正済)
163,パルプ・紙・板紙・加工紙,山口,鹿児島,442.4,機械展開(簡易・長崎バグ修正済)
163,パルプ・紙・板紙・加工紙,山口,沖縄,759.1,機械展開(簡易・長崎バグ修正済)
163,パルプ・紙・板紙・加工紙,山口,大分,1050.1,機械展開(簡易・長崎バグ修正済)
163,パルプ・紙・板紙・加工紙,大分,福岡,617.6,機械展開(簡易・長崎バグ修正済)
163,パルプ・紙・板紙・加工紙,大分,佐賀,151.9,機械展開(簡易・長崎バグ修正済)
163,パルプ・紙・板紙・加工紙,大分,長崎,58.6,機械展開(簡易・長崎バグ修正済)
163,パルプ・紙・板紙・加工紙,大分,熊本,456.5,機械展開(簡易・長崎バグ修正済)
163,パルプ・紙・板紙・加工紙,大分,宮崎,106.4,機械展開(簡易・長崎バグ修正済)
163,パルプ・紙・板紙・加工紙,大分,鹿児島,132.4,機械展開(簡易・長崎バグ修正済)
163,パルプ・紙・板紙・加工紙,大分,沖縄,152.4,機械展開(簡易・長崎バグ修正済)
163,パルプ・紙・板紙・加工紙,大分,山口,921.8,機械展開(簡易・長崎バグ修正済)
164,紙加工品,福岡,佐賀,1100,機械展開(簡易・長崎バグ修正済)
164,紙加工品,福岡,長崎,858.9,機械展開(簡易・長崎バグ修正済)
164,紙加工品,福岡,熊本,1502.2,機械展開(簡易・長崎バグ修正済)
164,紙加工品,福岡,宮崎,560.2,機械展開(簡易・長崎バグ修正済)
164,紙加工品,福岡,鹿児島,838.9,機械展開(簡易・長崎バグ修正済)
164,紙加工品,福岡,沖縄,190.2,機械展開(簡易・長崎バグ修正済)
164,紙加工品,福岡,山口,1737.2,機械展開(簡易・長崎バグ修正済)
164,紙加工品,福岡,大分,1267.7,機械展開(簡易・長崎バグ修正済)
164,紙加工品,佐賀,福岡,4040.9,機械展開(簡易・長崎バグ修正済)
164,紙加工品,佐賀,長崎,367.9,機械展開(簡易・長崎バグ修正済)
164,紙加工品,佐賀,熊本,594.8,機械展開(簡易・長崎バグ修正済)
164,紙加工品,佐賀,宮崎,153.4,機械展開(簡易・長崎バグ修正済)
164,紙加工品,佐賀,鹿児島,244.3,機械展開(簡易・長崎バグ修正済)
164,紙加工品,佐賀,沖縄,45,機械展開(簡易・長崎バグ修正済)
164,紙加工品,佐賀,山口,271.3,機械展開(簡易・長崎バグ修正済)
164,紙加工品,佐賀,大分,270.5,機械展開(簡易・長崎バグ修正済)
164,紙加工品,長崎,福岡,80.9,機械展開(簡易・長崎バグ修正済)
164,紙加工品,長崎,佐賀,9.4,機械展開(簡易・長崎バグ修正済)
164,紙加工品,長崎,熊本,38,機械展開(簡易・長崎バグ修正済)
164,紙加工品,長崎,宮崎,14.8,機械展開(簡易・長崎バグ修正済)
164,紙加工品,長崎,鹿児島,31.8,機械展開(簡易・長崎バグ修正済)
164,紙加工品,長崎,沖縄,4.3,機械展開(簡易・長崎バグ修正済)
164,紙加工品,長崎,山口,13.8,機械展開(簡易・長崎バグ修正済)
164,紙加工品,長崎,大分,14.5,機械展開(簡易・長崎バグ修正済)
164,紙加工品,熊本,福岡,1251.1,機械展開(簡易・長崎バグ修正済)
164,紙加工品,熊本,佐賀,134.9,機械展開(簡易・長崎バグ修正済)
164,紙加工品,熊本,長崎,335.9,機械展開(簡易・長崎バグ修正済)
164,紙加工品,熊本,宮崎,322,機械展開(簡易・長崎バグ修正済)
164,紙加工品,熊本,鹿児島,440.1,機械展開(簡易・長崎バグ修正済)
164,紙加工品,熊本,沖縄,55.2,機械展開(簡易・長崎バグ修正済)
164,紙加工品,熊本,山口,254.4,機械展開(簡易・長崎バグ修正済)
164,紙加工品,熊本,大分,426.1,機械展開(簡易・長崎バグ修正済)
164,紙加工品,宮崎,福岡,148.4,機械展開(簡易・長崎バグ修正済)
164,紙加工品,宮崎,佐賀,11.1,機械展開(簡易・長崎バグ修正済)
164,紙加工品,宮崎,長崎,41.5,機械展開(簡易・長崎バグ修正済)
164,紙加工品,宮崎,熊本,102.4,機械展開(簡易・長崎バグ修正済)
164,紙加工品,宮崎,鹿児島,334.6,機械展開(簡易・長崎バグ修正済)
164,紙加工品,宮崎,沖縄,24.6,機械展開(簡易・長崎バグ修正済)
164,紙加工品,宮崎,山口,56.8,機械展開(簡易・長崎バグ修正済)
164,紙加工品,宮崎,大分,92,機械展開(簡易・長崎バグ修正済)
164,紙加工品,鹿児島,福岡,196.3,機械展開(簡易・長崎バグ修正済)
164,紙加工品,鹿児島,佐賀,15.6,機械展開(簡易・長崎バグ修正済)
164,紙加工品,鹿児島,長崎,79.1,機械展開(簡易・長崎バグ修正済)
164,紙加工品,鹿児島,熊本,123.7,機械展開(簡易・長崎バグ修正済)
164,紙加工品,鹿児島,宮崎,295.6,機械展開(簡易・長崎バグ修正済)
164,紙加工品,鹿児島,沖縄,42.9,機械展開(簡易・長崎バグ修正済)
164,紙加工品,鹿児島,山口,63.2,機械展開(簡易・長崎バグ修正済)
164,紙加工品,鹿児島,大分,80.3,機械展開(簡易・長崎バグ修正済)
164,紙加工品,沖縄,福岡,0.6,機械展開(簡易・長崎バグ修正済)
164,紙加工品,沖縄,鹿児島,0.6,機械展開(簡易・長崎バグ修正済)
164,紙加工品,山口,福岡,673.2,機械展開(簡易・長崎バグ修正済)
164,紙加工品,山口,佐賀,28.6,機械展開(簡易・長崎バグ修正済)
164,紙加工品,山口,長崎,56.7,機械展開(簡易・長崎バグ修正済)
164,紙加工品,山口,熊本,118.4,機械展開(簡易・長崎バグ修正済)
164,紙加工品,山口,宮崎,83,機械展開(簡易・長崎バグ修正済)
164,紙加工品,山口,鹿児島,104.7,機械展開(簡易・長崎バグ修正済)
164,紙加工品,山口,沖縄,32.8,機械展開(簡易・長崎バグ修正済)
164,紙加工品,山口,大分,297.4,機械展開(簡易・長崎バグ修正済)
164,紙加工品,大分,福岡,227.3,機械展開(簡易・長崎バグ修正済)
164,紙加工品,大分,佐賀,13.2,機械展開(簡易・長崎バグ修正済)
164,紙加工品,大分,長崎,27.6,機械展開(簡易・長崎バグ修正済)
164,紙加工品,大分,熊本,91.7,機械展開(簡易・長崎バグ修正済)
164,紙加工品,大分,宮崎,62.3,機械展開(簡易・長崎バグ修正済)
164,紙加工品,大分,鹿児島,61.5,機械展開(簡易・長崎バグ修正済)
164,紙加工品,大分,沖縄,12.9,機械展開(簡易・長崎バグ修正済)
164,紙加工品,大分,山口,137.6,機械展開(簡易・長崎バグ修正済)
191,印刷・製版・製本,福岡,佐賀,904.3,機械展開(簡易・長崎バグ修正済)
191,印刷・製版・製本,福岡,長崎,1217.5,機械展開(簡易・長崎バグ修正済)
191,印刷・製版・製本,福岡,熊本,2558.8,機械展開(簡易・長崎バグ修正済)
191,印刷・製版・製本,福岡,宮崎,975.7,機械展開(簡易・長崎バグ修正済)
191,印刷・製版・製本,福岡,鹿児島,909.2,機械展開(簡易・長崎バグ修正済)
191,印刷・製版・製本,福岡,沖縄,1253.1,機械展開(簡易・長崎バグ修正済)
191,印刷・製版・製本,福岡,山口,2712.3,機械展開(簡易・長崎バグ修正済)
191,印刷・製版・製本,福岡,大分,1850,機械展開(簡易・長崎バグ修正済)
191,印刷・製版・製本,佐賀,福岡,1073,機械展開(簡易・長崎バグ修正済)
191,印刷・製版・製本,佐賀,長崎,30.8,機械展開(簡易・長崎バグ修正済)
191,印刷・製版・製本,佐賀,熊本,59.8,機械展開(簡易・長崎バグ修正済)
191,印刷・製版・製本,佐賀,宮崎,15.8,機械展開(簡易・長崎バグ修正済)
191,印刷・製版・製本,佐賀,鹿児島,15.6,機械展開(簡易・長崎バグ修正済)
191,印刷・製版・製本,佐賀,沖縄,17.5,機械展開(簡易・長崎バグ修正済)
191,印刷・製版・製本,佐賀,山口,25,機械展開(簡易・長崎バグ修正済)
191,印刷・製版・製本,佐賀,大分,23.3,機械展開(簡易・長崎バグ修正済)
191,印刷・製版・製本,長崎,福岡,243.7,機械展開(簡易・長崎バグ修正済)
191,印刷・製版・製本,長崎,佐賀,5.2,機械展開(簡易・長崎バグ修正済)
191,印刷・製版・製本,長崎,熊本,43.3,機械展開(簡易・長崎バグ修正済)
191,印刷・製版・製本,長崎,宮崎,17.2,機械展開(簡易・長崎バグ修正済)
191,印刷・製版・製本,長崎,鹿児島,23.1,機械展開(簡易・長崎バグ修正済)
191,印刷・製版・製本,長崎,沖縄,19,機械展開(簡易・長崎バグ修正済)
191,印刷・製版・製本,長崎,山口,14.4,機械展開(簡易・長崎バグ修正済)
191,印刷・製版・製本,長崎,大分,14.2,機械展開(簡易・長崎バグ修正済)
191,印刷・製版・製本,熊本,福岡,2635.5,機械展開(簡易・長崎バグ修正済)
191,印刷・製版・製本,熊本,佐賀,51.9,機械展開(簡易・長崎バグ修正済)
191,印刷・製版・製本,熊本,長崎,223,機械展開(簡易・長崎バグ修正済)
191,印刷・製版・製本,熊本,宮崎,262.7,機械展開(簡易・長崎バグ修正済)
191,印刷・製版・製本,熊本,鹿児島,223.4,機械展開(簡易・長崎バグ修正済)
191,印刷・製版・製本,熊本,沖縄,170.3,機械展開(簡易・長崎バグ修正済)
191,印刷・製版・製本,熊本,山口,186,機械展開(簡易・長崎バグ修正済)
191,印刷・製版・製本,熊本,大分,291.3,機械展開(簡易・長崎バグ修正済)
191,印刷・製版・製本,宮崎,福岡,361.3,機械展開(簡易・長崎バグ修正済)
191,印刷・製版・製本,宮崎,佐賀,4.9,機械展開(簡易・長崎バグ修正済)
191,印刷・製版・製本,宮崎,長崎,31.8,機械展開(簡易・長崎バグ修正済)
191,印刷・製版・製本,宮崎,熊本,94.5,機械展開(簡易・長崎バグ修正済)
191,印刷・製版・製本,宮崎,鹿児島,196.3,機械展開(簡易・長崎バグ修正済)
191,印刷・製版・製本,宮崎,沖縄,87.8,機械展開(簡易・長崎バグ修正済)
191,印刷・製版・製本,宮崎,山口,48,機械展開(簡易・長崎バグ修正済)
191,印刷・製版・製本,宮崎,大分,72.7,機械展開(簡易・長崎バグ修正済)
191,印刷・製版・製本,鹿児島,福岡,76.3,機械展開(簡易・長崎バグ修正済)
191,印刷・製版・製本,鹿児島,佐賀,1.1,機械展開(簡易・長崎バグ修正済)
191,印刷・製版・製本,鹿児島,長崎,9.7,機械展開(簡易・長崎バグ修正済)
191,印刷・製版・製本,鹿児島,熊本,18.2,機械展開(簡易・長崎バグ修正済)
191,印刷・製版・製本,鹿児島,宮崎,44.5,機械展開(簡易・長崎バグ修正済)
191,印刷・製版・製本,鹿児島,沖縄,24.4,機械展開(簡易・長崎バグ修正済)
191,印刷・製版・製本,鹿児島,山口,8.5,機械展開(簡易・長崎バグ修正済)
191,印刷・製版・製本,鹿児島,大分,10.1,機械展開(簡易・長崎バグ修正済)
191,印刷・製版・製本,沖縄,福岡,188.5,機械展開(簡易・長崎バグ修正済)
191,印刷・製版・製本,沖縄,佐賀,2.2,機械展開(簡易・長崎バグ修正済)
191,印刷・製版・製本,沖縄,長崎,14.3,機械展開(簡易・長崎バグ修正済)
191,印刷・製版・製本,沖縄,熊本,24.9,機械展開(簡易・長崎バグ修正済)
191,印刷・製版・製本,沖縄,宮崎,35.7,機械展開(簡易・長崎バグ修正済)
191,印刷・製版・製本,沖縄,鹿児島,43.8,機械展開(簡易・長崎バグ修正済)
191,印刷・製版・製本,沖縄,山口,29.1,機械展開(簡易・長崎バグ修正済)
191,印刷・製版・製本,沖縄,大分,23.2,機械展開(簡易・長崎バグ修正済)
191,印刷・製版・製本,山口,福岡,1864.5,機械展開(簡易・長崎バグ修正済)
191,印刷・製版・製本,山口,佐賀,14.5,機械展開(簡易・長崎バグ修正済)
191,印刷・製版・製本,山口,長崎,49.5,機械展開(簡易・長崎バグ修正済)
191,印刷・製版・製本,山口,熊本,124.2,機械展開(簡易・長崎バグ修正済)
191,印刷・製版・製本,山口,宮崎,89.1,機械展開(簡易・長崎バグ修正済)
191,印刷・製版・製本,山口,鹿児島,69.9,機械展開(簡易・長崎バグ修正済)
191,印刷・製版・製本,山口,沖縄,132.9,機械展開(簡易・長崎バグ修正済)
191,印刷・製版・製本,山口,大分,267.2,機械展開(簡易・長崎バグ修正済)
191,印刷・製版・製本,大分,福岡,339.4,機械展開(簡易・長崎バグ修正済)
191,印刷・製版・製本,大分,佐賀,3.6,機械展開(簡易・長崎バグ修正済)
191,印刷・製版・製本,大分,長崎,13,機械展開(簡易・長崎バグ修正済)
191,印刷・製版・製本,大分,熊本,51.9,機械展開(簡易・長崎バグ修正済)
191,印刷・製版・製本,大分,宮崎,36,機械展開(簡易・長崎バグ修正済)
191,印刷・製版・製本,大分,鹿児島,22.1,機械展開(簡易・長崎バグ修正済)
191,印刷・製版・製本,大分,沖縄,28.3,機械展開(簡易・長崎バグ修正済)
191,印刷・製版・製本,大分,山口,71.3,機械展開(簡易・長崎バグ修正済)
201,化学肥料,福岡,佐賀,47.8,機械展開(簡易・長崎バグ修正済)
201,化学肥料,福岡,長崎,18,機械展開(簡易・長崎バグ修正済)
201,化学肥料,福岡,熊本,38.2,機械展開(簡易・長崎バグ修正済)
201,化学肥料,福岡,宮崎,22.3,機械展開(簡易・長崎バグ修正済)
201,化学肥料,福岡,鹿児島,21.8,機械展開(簡易・長崎バグ修正済)
201,化学肥料,福岡,沖縄,6.7,機械展開(簡易・長崎バグ修正済)
201,化学肥料,福岡,山口,470.4,機械展開(簡易・長崎バグ修正済)
201,化学肥料,福岡,大分,12.9,機械展開(簡易・長崎バグ修正済)
201,化学肥料,佐賀,山口,0.9,機械展開(簡易・長崎バグ修正済)
201,化学肥料,熊本,福岡,48.4,機械展開(簡易・長崎バグ修正済)
201,化学肥料,熊本,佐賀,31.2,機械展開(簡易・長崎バグ修正済)
201,化学肥料,熊本,長崎,37.6,機械展開(簡易・長崎バグ修正済)
201,化学肥料,熊本,宮崎,68.3,機械展開(簡易・長崎バグ修正済)
201,化学肥料,熊本,鹿児島,60.9,機械展開(簡易・長崎バグ修正済)
201,化学肥料,熊本,沖縄,10.3,機械展開(簡易・長崎バグ修正済)
201,化学肥料,熊本,山口,367.3,機械展開(簡易・長崎バグ修正済)
201,化学肥料,熊本,大分,23.1,機械展開(簡易・長崎バグ修正済)
201,化学肥料,宮崎,福岡,4.7,機械展開(簡易・長崎バグ修正済)
201,化学肥料,宮崎,佐賀,2.1,機械展開(簡易・長崎バグ修正済)
201,化学肥料,宮崎,長崎,3.8,機械展開(簡易・長崎バグ修正済)
201,化学肥料,宮崎,熊本,11.3,機械展開(簡易・長崎バグ修正済)
201,化学肥料,宮崎,鹿児島,37.6,機械展開(簡易・長崎バグ修正済)
201,化学肥料,宮崎,沖縄,3.7,機械展開(簡易・長崎バグ修正済)
201,化学肥料,宮崎,山口,66.6,機械展開(簡易・長崎バグ修正済)
201,化学肥料,宮崎,大分,4.1,機械展開(簡易・長崎バグ修正済)
201,化学肥料,山口,福岡,849.2,機械展開(簡易・長崎バグ修正済)
201,化学肥料,山口,佐賀,216.1,機械展開(簡易・長崎バグ修正済)
201,化学肥料,山口,長崎,207.3,機械展開(簡易・長崎バグ修正済)
201,化学肥料,山口,熊本,523.2,機械展開(簡易・長崎バグ修正済)
201,化学肥料,山口,宮崎,574.7,機械展開(簡易・長崎バグ修正済)
201,化学肥料,山口,鹿児島,472.5,機械展開(簡易・長崎バグ修正済)
201,化学肥料,山口,沖縄,200.3,機械展開(簡易・長崎バグ修正済)
201,化学肥料,山口,大分,526.4,機械展開(簡易・長崎バグ修正済)
201,化学肥料,大分,福岡,12.9,機械展開(簡易・長崎バグ修正済)
201,化学肥料,大分,佐賀,4.5,機械展開(簡易・長崎バグ修正済)
201,化学肥料,大分,長崎,4.6,機械展開(簡易・長崎バグ修正済)
201,化学肥料,大分,熊本,18.3,機械展開(簡易・長崎バグ修正済)
201,化学肥料,大分,宮崎,19.4,機械展開(簡易・長崎バグ修正済)
201,化学肥料,大分,鹿児島,12.5,機械展開(簡易・長崎バグ修正済)
201,化学肥料,大分,沖縄,3.6,機械展開(簡易・長崎バグ修正済)
201,化学肥料,大分,山口,292.1,機械展開(簡易・長崎バグ修正済)
202,無機化学工業製品,福岡,佐賀,205.6,機械展開(簡易・長崎バグ修正済)
202,無機化学工業製品,福岡,長崎,38.6,機械展開(簡易・長崎バグ修正済)
202,無機化学工業製品,福岡,熊本,92.8,機械展開(簡易・長崎バグ修正済)
202,無機化学工業製品,福岡,宮崎,46.1,機械展開(簡易・長崎バグ修正済)
202,無機化学工業製品,福岡,鹿児島,32,機械展開(簡易・長崎バグ修正済)
202,無機化学工業製品,福岡,沖縄,23.2,機械展開(簡易・長崎バグ修正済)
202,無機化学工業製品,福岡,山口,3771.2,機械展開(簡易・長崎バグ修正済)
202,無機化学工業製品,福岡,大分,48.9,機械展開(簡易・長崎バグ修正済)
202,無機化学工業製品,佐賀,福岡,11.9,機械展開(簡易・長崎バグ修正済)
202,無機化学工業製品,佐賀,長崎,2,機械展開(簡易・長崎バグ修正済)
202,無機化学工業製品,佐賀,熊本,4.5,機械展開(簡易・長崎バグ修正済)
202,無機化学工業製品,佐賀,宮崎,1.6,機械展開(簡易・長崎バグ修正済)
202,無機化学工業製品,佐賀,鹿児島,1.1,機械展開(簡易・長崎バグ修正済)
202,無機化学工業製品,佐賀,沖縄,0.7,機械展開(簡易・長崎バグ修正済)
202,無機化学工業製品,佐賀,山口,72.7,機械展開(簡易・長崎バグ修正済)
202,無機化学工業製品,佐賀,大分,1.3,機械展開(簡易・長崎バグ修正済)
202,無機化学工業製品,長崎,福岡,27.1,機械展開(簡易・長崎バグ修正済)
202,無機化学工業製品,長崎,佐賀,24.8,機械展開(簡易・長崎バグ修正済)
202,無機化学工業製品,長崎,熊本,33,機械展開(簡易・長崎バグ修正済)
202,無機化学工業製品,長崎,宮崎,17.1,機械展開(簡易・長崎バグ修正済)
202,無機化学工業製品,長崎,鹿児島,17.1,機械展開(簡易・長崎バグ修正済)
202,無機化学工業製品,長崎,沖縄,7.4,機械展開(簡易・長崎バグ修正済)
202,無機化学工業製品,長崎,山口,421.1,機械展開(簡易・長崎バグ修正済)
202,無機化学工業製品,長崎,大分,7.9,機械展開(簡易・長崎バグ修正済)
202,無機化学工業製品,熊本,福岡,3.6,機械展開(簡易・長崎バグ修正済)
202,無機化学工業製品,熊本,佐賀,3.1,機械展開(簡易・長崎バグ修正済)
202,無機化学工業製品,熊本,長崎,1.8,機械展開(簡易・長崎バグ修正済)
202,無機化学工業製品,熊本,宮崎,3.2,機械展開(簡易・長崎バグ修正済)
202,無機化学工業製品,熊本,鹿児島,2,機械展開(簡易・長崎バグ修正済)
202,無機化学工業製品,熊本,沖縄,0.8,機械展開(簡易・長崎バグ修正済)
202,無機化学工業製品,熊本,山口,67.2,機械展開(簡易・長崎バグ修正済)
202,無機化学工業製品,熊本,大分,2,機械展開(簡易・長崎バグ修正済)
202,無機化学工業製品,宮崎,福岡,44.5,機械展開(簡易・長崎バグ修正済)
202,無機化学工業製品,宮崎,佐賀,26.1,機械展開(簡易・長崎バグ修正済)
202,無機化学工業製品,宮崎,長崎,23.5,機械展開(簡易・長崎バグ修正済)
202,無機化学工業製品,宮崎,熊本,79.8,機械展開(簡易・長崎バグ修正済)
202,無機化学工業製品,宮崎,鹿児島,160.7,機械展開(簡易・長崎バグ修正済)
202,無機化学工業製品,宮崎,沖縄,37.8,機械展開(簡易・長崎バグ修正済)
202,無機化学工業製品,宮崎,山口,1552.9,機械展開(簡易・長崎バグ修正済)
202,無機化学工業製品,宮崎,大分,44.7,機械展開(簡易・長崎バグ修正済)
202,無機化学工業製品,鹿児島,福岡,6.2,機械展開(簡易・長崎バグ修正済)
202,無機化学工業製品,鹿児島,佐賀,3.9,機械展開(簡易・長崎バグ修正済)
202,無機化学工業製品,鹿児島,長崎,4.7,機械展開(簡易・長崎バグ修正済)
202,無機化学工業製品,鹿児島,熊本,10.1,機械展開(簡易・長崎バグ修正済)
202,無機化学工業製品,鹿児島,宮崎,32.3,機械展開(簡易・長崎バグ修正済)
202,無機化学工業製品,鹿児島,沖縄,7,機械展開(簡易・長崎バグ修正済)
202,無機化学工業製品,鹿児島,山口,182.2,機械展開(簡易・長崎バグ修正済)
202,無機化学工業製品,鹿児島,大分,4.1,機械展開(簡易・長崎バグ修正済)
202,無機化学工業製品,沖縄,福岡,5.1,機械展開(簡易・長崎バグ修正済)
202,無機化学工業製品,沖縄,佐賀,2.6,機械展開(簡易・長崎バグ修正済)
202,無機化学工業製品,沖縄,長崎,2.3,機械展開(簡易・長崎バグ修正済)
202,無機化学工業製品,沖縄,熊本,4.7,機械展開(簡易・長崎バグ修正済)
202,無機化学工業製品,沖縄,宮崎,8.7,機械展開(簡易・長崎バグ修正済)
202,無機化学工業製品,沖縄,鹿児島,7.9,機械展開(簡易・長崎バグ修正済)
202,無機化学工業製品,沖縄,山口,208.4,機械展開(簡易・長崎バグ修正済)
202,無機化学工業製品,沖縄,大分,3.2,機械展開(簡易・長崎バグ修正済)
202,無機化学工業製品,山口,福岡,4245,機械展開(簡易・長崎バグ修正済)
202,無機化学工業製品,山口,佐賀,1418.7,機械展開(簡易・長崎バグ修正済)
202,無機化学工業製品,山口,長崎,675.6,機械展開(簡易・長崎バグ修正済)
202,無機化学工業製品,山口,熊本,1939.9,機械展開(簡易・長崎バグ修正済)
202,無機化学工業製品,山口,宮崎,1811,機械展開(簡易・長崎バグ修正済)
202,無機化学工業製品,山口,鹿児島,1057.9,機械展開(簡易・長崎バグ修正済)
202,無機化学工業製品,山口,沖縄,1059.7,機械展開(簡易・長崎バグ修正済)
202,無機化学工業製品,山口,大分,3043.7,機械展開(簡易・長崎バグ修正済)
202,無機化学工業製品,大分,福岡,26.2,機械展開(簡易・長崎バグ修正済)
202,無機化学工業製品,大分,佐賀,12,機械展開(簡易・長崎バグ修正済)
202,無機化学工業製品,大分,長崎,6,機械展開(簡易・長崎バグ修正済)
202,無機化学工業製品,大分,熊本,27.4,機械展開(簡易・長崎バグ修正済)
202,無機化学工業製品,大分,宮崎,24.8,機械展開(簡易・長崎バグ修正済)
202,無機化学工業製品,大分,鹿児島,11.4,機械展開(簡易・長崎バグ修正済)
202,無機化学工業製品,大分,沖縄,7.6,機械展開(簡易・長崎バグ修正済)
202,無機化学工業製品,大分,山口,1446.5,機械展開(簡易・長崎バグ修正済)
203,石油化学系基礎製品,山口,福岡,3456,機械展開(簡易・長崎バグ修正済)
203,石油化学系基礎製品,山口,佐賀,355.7,機械展開(簡易・長崎バグ修正済)
203,石油化学系基礎製品,山口,長崎,56.8,機械展開(簡易・長崎バグ修正済)
203,石油化学系基礎製品,山口,熊本,477,機械展開(簡易・長崎バグ修正済)
203,石油化学系基礎製品,山口,宮崎,868.4,機械展開(簡易・長崎バグ修正済)
203,石油化学系基礎製品,山口,鹿児島,127.9,機械展開(簡易・長崎バグ修正済)
203,石油化学系基礎製品,山口,沖縄,34.1,機械展開(簡易・長崎バグ修正済)
203,石油化学系基礎製品,山口,大分,5041.9,機械展開(簡易・長崎バグ修正済)
203,石油化学系基礎製品,大分,福岡,539.8,機械展開(簡易・長崎バグ修正済)
203,石油化学系基礎製品,大分,佐賀,75.9,機械展開(簡易・長崎バグ修正済)
203,石油化学系基礎製品,大分,長崎,12.8,機械展開(簡易・長崎バグ修正済)
203,石油化学系基礎製品,大分,熊本,171,機械展開(簡易・長崎バグ修正済)
203,石油化学系基礎製品,大分,宮崎,301.3,機械展開(簡易・長崎バグ修正済)
203,石油化学系基礎製品,大分,鹿児島,34.8,機械展開(簡易・長崎バグ修正済)
203,石油化学系基礎製品,大分,沖縄,6.2,機械展開(簡易・長崎バグ修正済)
203,石油化学系基礎製品,大分,山口,14239.7,機械展開(簡易・長崎バグ修正済)
204,有機化学工業製品（石油化学系基礎製品・合成樹脂を除く。）,福岡,佐賀,922.5,機械展開(簡易・長崎バグ修正済)
204,有機化学工業製品（石油化学系基礎製品・合成樹脂を除く。）,福岡,長崎,84.6,機械展開(簡易・長崎バグ修正済)
204,有機化学工業製品（石油化学系基礎製品・合成樹脂を除く。）,福岡,熊本,315.6,機械展開(簡易・長崎バグ修正済)
204,有機化学工業製品（石油化学系基礎製品・合成樹脂を除く。）,福岡,宮崎,424.8,機械展開(簡易・長崎バグ修正済)
204,有機化学工業製品（石油化学系基礎製品・合成樹脂を除く。）,福岡,鹿児島,63.8,機械展開(簡易・長崎バグ修正済)
204,有機化学工業製品（石油化学系基礎製品・合成樹脂を除く。）,福岡,沖縄,19.2,機械展開(簡易・長崎バグ修正済)
204,有機化学工業製品（石油化学系基礎製品・合成樹脂を除く。）,福岡,山口,4888.8,機械展開(簡易・長崎バグ修正済)
204,有機化学工業製品（石油化学系基礎製品・合成樹脂を除く。）,福岡,大分,995.6,機械展開(簡易・長崎バグ修正済)
204,有機化学工業製品（石油化学系基礎製品・合成樹脂を除く。）,佐賀,福岡,102.7,機械展開(簡易・長崎バグ修正済)
204,有機化学工業製品（石油化学系基礎製品・合成樹脂を除く。）,佐賀,長崎,3.5,機械展開(簡易・長崎バグ修正済)
204,有機化学工業製品（石油化学系基礎製品・合成樹脂を除く。）,佐賀,熊本,11.9,機械展開(簡易・長崎バグ修正済)
204,有機化学工業製品（石油化学系基礎製品・合成樹脂を除く。）,佐賀,宮崎,11.1,機械展開(簡易・長崎バグ修正済)
204,有機化学工業製品（石油化学系基礎製品・合成樹脂を除く。）,佐賀,鹿児島,1.8,機械展開(簡易・長崎バグ修正済)
204,有機化学工業製品（石油化学系基礎製品・合成樹脂を除く。）,佐賀,山口,72.8,機械展開(簡易・長崎バグ修正済)
204,有機化学工業製品（石油化学系基礎製品・合成樹脂を除く。）,佐賀,大分,20.3,機械展開(簡易・長崎バグ修正済)
204,有機化学工業製品（石油化学系基礎製品・合成樹脂を除く。）,長崎,福岡,76.7,機械展開(簡易・長崎バグ修正済)
204,有機化学工業製品（石油化学系基礎製品・合成樹脂を除く。）,長崎,佐賀,28.2,機械展開(簡易・長崎バグ修正済)
204,有機化学工業製品（石油化学系基礎製品・合成樹脂を除く。）,長崎,熊本,28.4,機械展開(簡易・長崎バグ修正済)
204,有機化学工業製品（石油化学系基礎製品・合成樹脂を除く。）,長崎,宮崎,39.8,機械展開(簡易・長崎バグ修正済)
204,有機化学工業製品（石油化学系基礎製品・合成樹脂を除く。）,長崎,鹿児島,8.6,機械展開(簡易・長崎バグ修正済)
204,有機化学工業製品（石油化学系基礎製品・合成樹脂を除く。）,長崎,沖縄,1.5,機械展開(簡易・長崎バグ修正済)
204,有機化学工業製品（石油化学系基礎製品・合成樹脂を除く。）,長崎,山口,138.2,機械展開(簡易・長崎バグ修正済)
204,有機化学工業製品（石油化学系基礎製品・合成樹脂を除く。）,長崎,大分,40.6,機械展開(簡易・長崎バグ修正済)
204,有機化学工業製品（石油化学系基礎製品・合成樹脂を除く。）,熊本,福岡,91.8,機械展開(簡易・長崎バグ修正済)
204,有機化学工業製品（石油化学系基礎製品・合成樹脂を除く。）,熊本,佐賀,31.2,機械展開(簡易・長崎バグ修正済)
204,有機化学工業製品（石油化学系基礎製品・合成樹脂を除く。）,熊本,長崎,9.1,機械展開(簡易・長崎バグ修正済)
204,有機化学工業製品（石油化学系基礎製品・合成樹脂を除く。）,熊本,宮崎,67.3,機械展開(簡易・長崎バグ修正済)
204,有機化学工業製品（石油化学系基礎製品・合成樹脂を除く。）,熊本,鹿児島,9.2,機械展開(簡易・長崎バグ修正済)
204,有機化学工業製品（石油化学系基礎製品・合成樹脂を除く。）,熊本,沖縄,1.5,機械展開(簡易・長崎バグ修正済)
204,有機化学工業製品（石油化学系基礎製品・合成樹脂を除く。）,熊本,山口,197.2,機械展開(簡易・長崎バグ修正済)
204,有機化学工業製品（石油化学系基礎製品・合成樹脂を除く。）,熊本,大分,92.2,機械展開(簡易・長崎バグ修正済)
204,有機化学工業製品（石油化学系基礎製品・合成樹脂を除く。）,宮崎,福岡,278.2,機械展開(簡易・長崎バグ修正済)
204,有機化学工業製品（石油化学系基礎製品・合成樹脂を除く。）,宮崎,佐賀,65.3,機械展開(簡易・長崎バグ修正済)
204,有機化学工業製品（石油化学系基礎製品・合成樹脂を除く。）,宮崎,長崎,28.7,機械展開(簡易・長崎バグ修正済)
204,有機化学工業製品（石油化学系基礎製品・合成樹脂を除く。）,宮崎,熊本,151.4,機械展開(簡易・長崎バグ修正済)
204,有機化学工業製品（石油化学系基礎製品・合成樹脂を除く。）,宮崎,鹿児島,179.1,機械展開(簡易・長崎バグ修正済)
204,有機化学工業製品（石油化学系基礎製品・合成樹脂を除く。）,宮崎,沖縄,17.5,機械展開(簡易・長崎バグ修正済)
204,有機化学工業製品（石油化学系基礎製品・合成樹脂を除く。）,宮崎,山口,1124.2,機械展開(簡易・長崎バグ修正済)
204,有機化学工業製品（石油化学系基礎製品・合成樹脂を除く。）,宮崎,大分,508.6,機械展開(簡易・長崎バグ修正済)
204,有機化学工業製品（石油化学系基礎製品・合成樹脂を除く。）,鹿児島,福岡,103.9,機械展開(簡易・長崎バグ修正済)
204,有機化学工業製品（石油化学系基礎製品・合成樹脂を除く。）,鹿児島,佐賀,25.9,機械展開(簡易・長崎バグ修正済)
204,有機化学工業製品（石油化学系基礎製品・合成樹脂を除く。）,鹿児島,長崎,15.5,機械展開(簡易・長崎バグ修正済)
204,有機化学工業製品（石油化学系基礎製品・合成樹脂を除く。）,鹿児島,熊本,51.6,機械展開(簡易・長崎バグ修正済)
204,有機化学工業製品（石油化学系基礎製品・合成樹脂を除く。）,鹿児島,宮崎,445.4,機械展開(簡易・長崎バグ修正済)
204,有機化学工業製品（石油化学系基礎製品・合成樹脂を除く。）,鹿児島,沖縄,8.6,機械展開(簡易・長崎バグ修正済)
204,有機化学工業製品（石油化学系基礎製品・合成樹脂を除く。）,鹿児島,山口,353.5,機械展開(簡易・長崎バグ修正済)
204,有機化学工業製品（石油化学系基礎製品・合成樹脂を除く。）,鹿児島,大分,125.4,機械展開(簡易・長崎バグ修正済)
204,有機化学工業製品（石油化学系基礎製品・合成樹脂を除く。）,山口,福岡,10222.2,機械展開(簡易・長崎バグ修正済)
204,有機化学工業製品（石油化学系基礎製品・合成樹脂を除く。）,山口,佐賀,1368,機械展開(簡易・長崎バグ修正済)
204,有機化学工業製品（石油化学系基礎製品・合成樹脂を除く。）,山口,長崎,318.4,機械展開(簡易・長崎バグ修正済)
204,有機化学工業製品（石油化学系基礎製品・合成樹脂を除く。）,山口,熊本,1417.4,機械展開(簡易・長崎バグ修正済)
204,有機化学工業製品（石油化学系基礎製品・合成樹脂を除く。）,山口,宮崎,3589,機械展開(簡易・長崎バグ修正済)
204,有機化学工業製品（石油化学系基礎製品・合成樹脂を除く。）,山口,鹿児島,453.8,機械展開(簡易・長崎バグ修正済)
204,有機化学工業製品（石油化学系基礎製品・合成樹脂を除く。）,山口,沖縄,188.4,機械展開(簡易・長崎バグ修正済)
204,有機化学工業製品（石油化学系基礎製品・合成樹脂を除く。）,山口,大分,13312.4,機械展開(簡易・長崎バグ修正済)
204,有機化学工業製品（石油化学系基礎製品・合成樹脂を除く。）,大分,福岡,2454.7,機械展開(簡易・長崎バグ修正済)
204,有機化学工業製品（石油化学系基礎製品・合成樹脂を除く。）,大分,佐賀,448.9,機械展開(簡易・長崎バグ修正済)
204,有機化学工業製品（石油化学系基礎製品・合成樹脂を除く。）,大分,長崎,110.3,機械展開(簡易・長崎バグ修正済)
204,有機化学工業製品（石油化学系基礎製品・合成樹脂を除く。）,大分,熊本,781.2,機械展開(簡易・長崎バグ修正済)
204,有機化学工業製品（石油化学系基礎製品・合成樹脂を除く。）,大分,宮崎,1914.5,機械展開(簡易・長崎バグ修正済)
204,有機化学工業製品（石油化学系基礎製品・合成樹脂を除く。）,大分,鹿児島,189.8,機械展開(簡易・長崎バグ修正済)
204,有機化学工業製品（石油化学系基礎製品・合成樹脂を除く。）,大分,沖縄,52.9,機械展開(簡易・長崎バグ修正済)
204,有機化学工業製品（石油化学系基礎製品・合成樹脂を除く。）,大分,山口,15698.2,機械展開(簡易・長崎バグ修正済)
205,合成樹脂・化学繊維（統合）,福岡,佐賀,286.5,機械展開(簡易・長崎バグ修正済)
205,合成樹脂・化学繊維（統合）,福岡,長崎,92.2,機械展開(簡易・長崎バグ修正済)
205,合成樹脂・化学繊維（統合）,福岡,熊本,165.5,機械展開(簡易・長崎バグ修正済)
205,合成樹脂・化学繊維（統合）,福岡,宮崎,102.8,機械展開(簡易・長崎バグ修正済)
205,合成樹脂・化学繊維（統合）,福岡,鹿児島,4.3,機械展開(簡易・長崎バグ修正済)
205,合成樹脂・化学繊維（統合）,福岡,沖縄,7.6,機械展開(簡易・長崎バグ修正済)
205,合成樹脂・化学繊維（統合）,福岡,山口,242,機械展開(簡易・長崎バグ修正済)
205,合成樹脂・化学繊維（統合）,福岡,大分,106.1,機械展開(簡易・長崎バグ修正済)
205,合成樹脂・化学繊維（統合）,熊本,福岡,13,機械展開(簡易・長崎バグ修正済)
205,合成樹脂・化学繊維（統合）,熊本,佐賀,3.3,機械展開(簡易・長崎バグ修正済)
205,合成樹脂・化学繊維（統合）,熊本,長崎,3.4,機械展開(簡易・長崎バグ修正済)
205,合成樹脂・化学繊維（統合）,熊本,宮崎,5.5,機械展開(簡易・長崎バグ修正済)
205,合成樹脂・化学繊維（統合）,熊本,山口,3.3,機械展開(簡易・長崎バグ修正済)
205,合成樹脂・化学繊維（統合）,熊本,大分,3.3,機械展開(簡易・長崎バグ修正済)
205,合成樹脂・化学繊維（統合）,宮崎,福岡,967.6,機械展開(簡易・長崎バグ修正済)
205,合成樹脂・化学繊維（統合）,宮崎,佐賀,168.5,機械展開(簡易・長崎バグ修正済)
205,合成樹脂・化学繊維（統合）,宮崎,長崎,260.5,機械展開(簡易・長崎バグ修正済)
205,合成樹脂・化学繊維（統合）,宮崎,熊本,660,機械展開(簡易・長崎バグ修正済)
205,合成樹脂・化学繊維（統合）,宮崎,鹿児島,101.1,機械展開(簡易・長崎バグ修正済)
205,合成樹脂・化学繊維（統合）,宮崎,沖縄,57.5,機械展開(簡易・長崎バグ修正済)
205,合成樹脂・化学繊維（統合）,宮崎,山口,462.5,機械展開(簡易・長崎バグ修正済)
205,合成樹脂・化学繊維（統合）,宮崎,大分,450.3,機械展開(簡易・長崎バグ修正済)
205,合成樹脂・化学繊維（統合）,山口,福岡,3268.8,機械展開(簡易・長崎バグ修正済)
205,合成樹脂・化学繊維（統合）,山口,佐賀,324.7,機械展開(簡易・長崎バグ修正済)
205,合成樹脂・化学繊維（統合）,山口,長崎,265.3,機械展開(簡易・長崎バグ修正済)
205,合成樹脂・化学繊維（統合）,山口,熊本,568.1,機械展開(簡易・長崎バグ修正済)
205,合成樹脂・化学繊維（統合）,山口,宮崎,663.8,機械展開(簡易・長崎バグ修正済)
205,合成樹脂・化学繊維（統合）,山口,鹿児島,23.6,機械展開(簡易・長崎バグ修正済)
205,合成樹脂・化学繊維（統合）,山口,沖縄,57,機械展開(簡易・長崎バグ修正済)
205,合成樹脂・化学繊維（統合）,山口,大分,1083.8,機械展開(簡易・長崎バグ修正済)
205,合成樹脂・化学繊維（統合）,大分,福岡,1336.2,機械展開(簡易・長崎バグ修正済)
205,合成樹脂・化学繊維（統合）,大分,佐賀,181.4,機械展開(簡易・長崎バグ修正済)
205,合成樹脂・化学繊維（統合）,大分,長崎,156.5,機械展開(簡易・長崎バグ修正済)
205,合成樹脂・化学繊維（統合）,大分,熊本,533,機械展開(簡易・長崎バグ修正済)
205,合成樹脂・化学繊維（統合）,大分,宮崎,602.8,機械展開(簡易・長崎バグ修正済)
205,合成樹脂・化学繊維（統合）,大分,鹿児島,16.8,機械展開(簡易・長崎バグ修正済)
205,合成樹脂・化学繊維（統合）,大分,沖縄,27.2,機械展開(簡易・長崎バグ修正済)
205,合成樹脂・化学繊維（統合）,大分,山口,1011,機械展開(簡易・長崎バグ修正済)
207,医薬品,福岡,佐賀,1260.3,機械展開(簡易・長崎バグ修正済)
207,医薬品,福岡,長崎,1338.4,機械展開(簡易・長崎バグ修正済)
207,医薬品,福岡,熊本,836.9,機械展開(簡易・長崎バグ修正済)
207,医薬品,福岡,宮崎,735.7,機械展開(簡易・長崎バグ修正済)
207,医薬品,福岡,鹿児島,1688.2,機械展開(簡易・長崎バグ修正済)
207,医薬品,福岡,沖縄,898.9,機械展開(簡易・長崎バグ修正済)
207,医薬品,福岡,山口,5562.2,機械展開(簡易・長崎バグ修正済)
207,医薬品,福岡,大分,501.5,機械展開(簡易・長崎バグ修正済)
207,医薬品,佐賀,福岡,6235,機械展開(簡易・長崎バグ修正済)
207,医薬品,佐賀,長崎,1153.2,機械展開(簡易・長崎バグ修正済)
207,医薬品,佐賀,熊本,666.6,機械展開(簡易・長崎バグ修正済)
207,医薬品,佐賀,宮崎,405.2,機械展開(簡易・長崎バグ修正済)
207,医薬品,佐賀,鹿児島,989,機械展開(簡易・長崎バグ修正済)
207,医薬品,佐賀,沖縄,427.8,機械展開(簡易・長崎バグ修正済)
207,医薬品,佐賀,山口,1747.2,機械展開(簡易・長崎バグ修正済)
207,医薬品,佐賀,大分,215.2,機械展開(簡易・長崎バグ修正済)
207,医薬品,長崎,福岡,12.6,機械展開(簡易・長崎バグ修正済)
207,医薬品,長崎,佐賀,2.2,機械展開(簡易・長崎バグ修正済)
207,医薬品,長崎,熊本,4.3,機械展開(簡易・長崎バグ修正済)
207,医薬品,長崎,宮崎,3.9,機械展開(簡易・長崎バグ修正済)
207,医薬品,長崎,鹿児島,13,機械展開(簡易・長崎バグ修正済)
207,医薬品,長崎,沖縄,4.1,機械展開(簡易・長崎バグ修正済)
207,医薬品,長崎,山口,9,機械展開(簡易・長崎バグ修正済)
207,医薬品,長崎,大分,1.2,機械展開(簡易・長崎バグ修正済)
207,医薬品,熊本,福岡,388.5,機械展開(簡易・長崎バグ修正済)
207,医薬品,熊本,佐賀,62.5,機械展開(簡易・長崎バグ修正済)
207,医薬品,熊本,長崎,211.9,機械展開(簡易・長崎バグ修正済)
207,医薬品,熊本,宮崎,171.2,機械展開(簡易・長崎バグ修正済)
207,医薬品,熊本,鹿児島,358.5,機械展開(簡易・長崎バグ修正済)
207,医薬品,熊本,沖縄,105.6,機械展開(簡易・長崎バグ修正済)
207,医薬品,熊本,山口,329.8,機械展開(簡易・長崎バグ修正済)
207,医薬品,熊本,大分,68.2,機械展開(簡易・長崎バグ修正済)
207,医薬品,宮崎,福岡,131.6,機械展開(簡易・長崎バグ修正済)
207,医薬品,宮崎,佐賀,14.7,機械展開(簡易・長崎バグ修正済)
207,医薬品,宮崎,長崎,74.7,機械展開(簡易・長崎バグ修正済)
207,医薬品,宮崎,熊本,66,機械展開(簡易・長崎バグ修正済)
207,医薬品,宮崎,鹿児島,778.3,機械展開(簡易・長崎バグ修正済)
207,医薬品,宮崎,沖縄,134.5,機械展開(簡易・長崎バグ修正済)
207,医薬品,宮崎,山口,210.1,機械展開(簡易・長崎バグ修正済)
207,医薬品,宮崎,大分,42.1,機械展開(簡易・長崎バグ修正済)
207,医薬品,鹿児島,福岡,8.4,機械展開(簡易・長崎バグ修正済)
207,医薬品,鹿児島,佐賀,1,機械展開(簡易・長崎バグ修正済)
207,医薬品,鹿児島,長崎,6.8,機械展開(簡易・長崎バグ修正済)
207,医薬品,鹿児島,熊本,3.8,機械展開(簡易・長崎バグ修正済)
207,医薬品,鹿児島,宮崎,21.5,機械展開(簡易・長崎バグ修正済)
207,医薬品,鹿児島,沖縄,11.2,機械展開(簡易・長崎バグ修正済)
207,医薬品,鹿児島,山口,11.2,機械展開(簡易・長崎バグ修正済)
207,医薬品,鹿児島,大分,1.8,機械展開(簡易・長崎バグ修正済)
207,医薬品,沖縄,福岡,10.1,機械展開(簡易・長崎バグ修正済)
207,医薬品,沖縄,佐賀,1,機械展開(簡易・長崎バグ修正済)
207,医薬品,沖縄,長崎,4.9,機械展開(簡易・長崎バグ修正済)
207,医薬品,沖縄,熊本,2.6,機械展開(簡易・長崎バグ修正済)
207,医薬品,沖縄,宮崎,8.5,機械展開(簡易・長崎バグ修正済)
207,医薬品,沖縄,鹿児島,25.6,機械展開(簡易・長崎バグ修正済)
207,医薬品,沖縄,山口,18.8,機械展開(簡易・長崎バグ修正済)
207,医薬品,沖縄,大分,2,機械展開(簡易・長崎バグ修正済)
207,医薬品,山口,福岡,32882.6,機械展開(簡易・長崎バグ修正済)
207,医薬品,山口,佐賀,2087.8,機械展開(簡易・長崎バグ修正済)
207,医薬品,山口,長崎,5629.7,機械展開(簡易・長崎バグ修正済)
207,医薬品,山口,熊本,4199.5,機械展開(簡易・長崎バグ修正済)
207,医薬品,山口,宮崎,6944.1,機械展開(簡易・長崎バグ修正済)
207,医薬品,山口,鹿児島,13412.7,機械展開(簡易・長崎バグ修正済)
207,医薬品,山口,沖縄,9858.1,機械展開(簡易・長崎バグ修正済)
207,医薬品,山口,大分,7491,機械展開(簡易・長崎バグ修正済)
207,医薬品,大分,福岡,741,機械展開(簡易・長崎バグ修正済)
207,医薬品,大分,佐賀,64.3,機械展開(簡易・長崎バグ修正済)
207,医薬品,大分,長崎,183,機械展開(簡易・長崎バグ修正済)
207,医薬品,大分,熊本,217.2,機械展開(簡易・長崎バグ修正済)
207,医薬品,大分,宮崎,347.6,機械展開(簡易・長崎バグ修正済)
207,医薬品,大分,鹿児島,526.3,機械展開(簡易・長崎バグ修正済)
207,医薬品,大分,沖縄,259.7,機械展開(簡易・長崎バグ修正済)
207,医薬品,大分,山口,1872.4,機械展開(簡易・長崎バグ修正済)
208,化学最終製品（医薬品を除く。）,福岡,佐賀,2416.6,機械展開(簡易・長崎バグ修正済)
208,化学最終製品（医薬品を除く。）,福岡,長崎,1533.6,機械展開(簡易・長崎バグ修正済)
208,化学最終製品（医薬品を除く。）,福岡,熊本,1544.6,機械展開(簡易・長崎バグ修正済)
208,化学最終製品（医薬品を除く。）,福岡,宮崎,1025.6,機械展開(簡易・長崎バグ修正済)
208,化学最終製品（医薬品を除く。）,福岡,鹿児島,1171.5,機械展開(簡易・長崎バグ修正済)
208,化学最終製品（医薬品を除く。）,福岡,沖縄,989.2,機械展開(簡易・長崎バグ修正済)
208,化学最終製品（医薬品を除く。）,福岡,山口,2798.7,機械展開(簡易・長崎バグ修正済)
208,化学最終製品（医薬品を除く。）,福岡,大分,2063.8,機械展開(簡易・長崎バグ修正済)
208,化学最終製品（医薬品を除く。）,佐賀,福岡,4239.1,機械展開(簡易・長崎バグ修正済)
208,化学最終製品（医薬品を除く。）,佐賀,長崎,343.5,機械展開(簡易・長崎バグ修正済)
208,化学最終製品（医薬品を除く。）,佐賀,熊本,319.8,機械展開(簡易・長崎バグ修正済)
208,化学最終製品（医薬品を除く。）,佐賀,宮崎,146.8,機械展開(簡易・長崎バグ修正済)
208,化学最終製品（医薬品を除く。）,佐賀,鹿児島,178.4,機械展開(簡易・長崎バグ修正済)
208,化学最終製品（医薬品を除く。）,佐賀,沖縄,122.4,機械展開(簡易・長崎バグ修正済)
208,化学最終製品（医薬品を除く。）,佐賀,山口,228.5,機械展開(簡易・長崎バグ修正済)
208,化学最終製品（医薬品を除く。）,佐賀,大分,230.3,機械展開(簡易・長崎バグ修正済)
208,化学最終製品（医薬品を除く。）,長崎,福岡,5.2,機械展開(簡易・長崎バグ修正済)
208,化学最終製品（医薬品を除く。）,長崎,佐賀,0.7,機械展開(簡易・長崎バグ修正済)
208,化学最終製品（医薬品を除く。）,長崎,熊本,1.2,機械展開(簡易・長崎バグ修正済)
208,化学最終製品（医薬品を除く。）,長崎,宮崎,0.9,機械展開(簡易・長崎バグ修正済)
208,化学最終製品（医薬品を除く。）,長崎,鹿児島,1.4,機械展開(簡易・長崎バグ修正済)
208,化学最終製品（医薬品を除く。）,長崎,沖縄,0.7,機械展開(簡易・長崎バグ修正済)
208,化学最終製品（医薬品を除く。）,長崎,山口,0.7,機械展開(簡易・長崎バグ修正済)
208,化学最終製品（医薬品を除く。）,長崎,大分,0.8,機械展開(簡易・長崎バグ修正済)
208,化学最終製品（医薬品を除く。）,熊本,福岡,1048.8,機械展開(簡易・長崎バグ修正済)
208,化学最終製品（医薬品を除く。）,熊本,佐賀,123.8,機械展開(簡易・長崎バグ修正済)
208,化学最終製品（医薬品を除く。）,熊本,長崎,250.6,機械展開(簡易・長崎バグ修正済)
208,化学最終製品（医薬品を除く。）,熊本,宮崎,246.3,機械展開(簡易・長崎バグ修正済)
208,化学最終製品（医薬品を除く。）,熊本,鹿児島,256.8,機械展開(簡易・長崎バグ修正済)
208,化学最終製品（医薬品を除く。）,熊本,沖縄,119.9,機械展開(簡易・長崎バグ修正済)
208,化学最終製品（医薬品を除く。）,熊本,山口,171.3,機械展開(簡易・長崎バグ修正済)
208,化学最終製品（医薬品を除く。）,熊本,大分,289.9,機械展開(簡易・長崎バグ修正済)
208,化学最終製品（医薬品を除く。）,宮崎,福岡,999.2,機械展開(簡易・長崎バグ修正済)
208,化学最終製品（医薬品を除く。）,宮崎,佐賀,81.6,機械展開(簡易・長崎バグ修正済)
208,化学最終製品（医薬品を除く。）,宮崎,長崎,248.6,機械展開(簡易・長崎バグ修正済)
208,化学最終製品（医薬品を除く。）,宮崎,熊本,353.5,機械展開(簡易・長崎バグ修正済)
208,化学最終製品（医薬品を除く。）,宮崎,鹿児島,1568,機械展開(簡易・長崎バグ修正済)
208,化学最終製品（医薬品を除く。）,宮崎,沖縄,429.6,機械展開(簡易・長崎バグ修正済)
208,化学最終製品（医薬品を除く。）,宮崎,山口,306.9,機械展開(簡易・長崎バグ修正済)
208,化学最終製品（医薬品を除く。）,宮崎,大分,502.8,機械展開(簡易・長崎バグ修正済)
208,化学最終製品（医薬品を除く。）,鹿児島,福岡,63.1,機械展開(簡易・長崎バグ修正済)
208,化学最終製品（医薬品を除く。）,鹿児島,佐賀,5.5,機械展開(簡易・長崎バグ修正済)
208,化学最終製品（医薬品を除く。）,鹿児島,長崎,22.6,機械展開(簡易・長崎バグ修正済)
208,化学最終製品（医薬品を除く。）,鹿児島,熊本,20.4,機械展開(簡易・長崎バグ修正済)
208,化学最終製品（医薬品を除く。）,鹿児島,宮崎,86.6,機械展開(簡易・長崎バグ修正済)
208,化学最終製品（医薬品を除く。）,鹿児島,沖縄,35.7,機械展開(簡易・長崎バグ修正済)
208,化学最終製品（医薬品を除く。）,鹿児島,山口,16.3,機械展開(簡易・長崎バグ修正済)
208,化学最終製品（医薬品を除く。）,鹿児島,大分,20.9,機械展開(簡易・長崎バグ修正済)
208,化学最終製品（医薬品を除く。）,沖縄,福岡,11,機械展開(簡易・長崎バグ修正済)
208,化学最終製品（医薬品を除く。）,沖縄,佐賀,0.8,機械展開(簡易・長崎バグ修正済)
208,化学最終製品（医薬品を除く。）,沖縄,長崎,2.4,機械展開(簡易・長崎バグ修正済)
208,化学最終製品（医薬品を除く。）,沖縄,熊本,2,機械展開(簡易・長崎バグ修正済)
208,化学最終製品（医薬品を除く。）,沖縄,宮崎,4.9,機械展開(簡易・長崎バグ修正済)
208,化学最終製品（医薬品を除く。）,沖縄,鹿児島,7.4,機械展開(簡易・長崎バグ修正済)
208,化学最終製品（医薬品を除く。）,沖縄,山口,3.9,機械展開(簡易・長崎バグ修正済)
208,化学最終製品（医薬品を除く。）,沖縄,大分,3.4,機械展開(簡易・長崎バグ修正済)
208,化学最終製品（医薬品を除く。）,山口,福岡,4338.2,機械展開(簡易・長崎バグ修正済)
208,化学最終製品（医薬品を除く。）,山口,佐賀,201.9,機械展開(簡易・長崎バグ修正済)
208,化学最終製品（医薬品を除く。）,山口,長崎,325.4,機械展開(簡易・長崎バグ修正済)
208,化学最終製品（医薬品を除く。）,山口,熊本,391,機械展開(簡易・長崎バグ修正済)
208,化学最終製品（医薬品を除く。）,山口,宮崎,488.3,機械展開(簡易・長崎バグ修正済)
208,化学最終製品（医薬品を除く。）,山口,鹿児島,469.5,機械展開(簡易・長崎バグ修正済)
208,化学最終製品（医薬品を除く。）,山口,沖縄,547.2,機械展開(簡易・長崎バグ修正済)
208,化学最終製品（医薬品を除く。）,山口,大分,1555.2,機械展開(簡易・長崎バグ修正済)
208,化学最終製品（医薬品を除く。）,大分,福岡,3476,機械展開(簡易・長崎バグ修正済)
208,化学最終製品（医薬品を除く。）,大分,佐賀,221.1,機械展開(簡易・長崎バグ修正済)
208,化学最終製品（医薬品を除く。）,大分,長崎,376.1,機械展開(簡易・長崎バグ修正済)
208,化学最終製品（医薬品を除く。）,大分,熊本,719.1,機械展開(簡易・長崎バグ修正済)
208,化学最終製品（医薬品を除く。）,大分,宮崎,869.2,機械展開(簡易・長崎バグ修正済)
208,化学最終製品（医薬品を除く。）,大分,鹿児島,655.1,機械展開(簡易・長崎バグ修正済)
208,化学最終製品（医薬品を除く。）,大分,沖縄,512.6,機械展開(簡易・長崎バグ修正済)
208,化学最終製品（医薬品を除く。）,大分,山口,1689.9,機械展開(簡易・長崎バグ修正済)
211,石油・石炭製品（統合）,福岡,佐賀,1678,機械展開(簡易・長崎バグ修正済)
211,石油・石炭製品（統合）,福岡,長崎,1505.6,機械展開(簡易・長崎バグ修正済)
211,石油・石炭製品（統合）,福岡,熊本,1598.4,機械展開(簡易・長崎バグ修正済)
211,石油・石炭製品（統合）,福岡,宮崎,491.4,機械展開(簡易・長崎バグ修正済)
211,石油・石炭製品（統合）,福岡,鹿児島,1130.3,機械展開(簡易・長崎バグ修正済)
211,石油・石炭製品（統合）,福岡,沖縄,742.5,機械展開(簡易・長崎バグ修正済)
211,石油・石炭製品（統合）,福岡,山口,3624.3,機械展開(簡易・長崎バグ修正済)
211,石油・石炭製品（統合）,福岡,大分,1565,機械展開(簡易・長崎バグ修正済)
211,石油・石炭製品（統合）,佐賀,福岡,54.3,機械展開(簡易・長崎バグ修正済)
211,石油・石炭製品（統合）,佐賀,長崎,15.2,機械展開(簡易・長崎バグ修正済)
211,石油・石炭製品（統合）,佐賀,熊本,15,機械展開(簡易・長崎バグ修正済)
211,石油・石炭製品（統合）,佐賀,宮崎,3.2,機械展開(簡易・長崎バグ修正済)
211,石油・石炭製品（統合）,佐賀,鹿児島,7.8,機械展開(簡易・長崎バグ修正済)
211,石油・石炭製品（統合）,佐賀,沖縄,4.2,機械展開(簡易・長崎バグ修正済)
211,石油・石炭製品（統合）,佐賀,山口,13.4,機械展開(簡易・長崎バグ修正済)
211,石油・石炭製品（統合）,佐賀,大分,7.9,機械展開(簡易・長崎バグ修正済)
211,石油・石炭製品（統合）,熊本,福岡,2.3,機械展開(簡易・長崎バグ修正済)
211,石油・石炭製品（統合）,熊本,佐賀,0.7,機械展開(簡易・長崎バグ修正済)
211,石油・石炭製品（統合）,熊本,長崎,1.9,機械展開(簡易・長崎バグ修正済)
211,石油・石炭製品（統合）,熊本,宮崎,0.9,機械展開(簡易・長崎バグ修正済)
211,石油・石炭製品（統合）,熊本,鹿児島,1.9,機械展開(簡易・長崎バグ修正済)
211,石油・石炭製品（統合）,熊本,沖縄,0.7,機械展開(簡易・長崎バグ修正済)
211,石油・石炭製品（統合）,熊本,山口,1.7,機械展開(簡易・長崎バグ修正済)
211,石油・石炭製品（統合）,熊本,大分,1.7,機械展開(簡易・長崎バグ修正済)
211,石油・石炭製品（統合）,宮崎,福岡,2,機械展開(簡易・長崎バグ修正済)
211,石油・石炭製品（統合）,宮崎,長崎,1.7,機械展開(簡易・長崎バグ修正済)
211,石油・石炭製品（統合）,宮崎,熊本,2.5,機械展開(簡易・長崎バグ修正済)
211,石油・石炭製品（統合）,宮崎,鹿児島,10.5,機械展開(簡易・長崎バグ修正済)
211,石油・石炭製品（統合）,宮崎,沖縄,2.2,機械展開(簡易・長崎バグ修正済)
211,石油・石炭製品（統合）,宮崎,山口,2.8,機械展開(簡易・長崎バグ修正済)
211,石油・石炭製品（統合）,宮崎,大分,2.6,機械展開(簡易・長崎バグ修正済)
211,石油・石炭製品（統合）,鹿児島,福岡,7.6,機械展開(簡易・長崎バグ修正済)
211,石油・石炭製品（統合）,鹿児島,佐賀,1.6,機械展開(簡易・長崎バグ修正済)
211,石油・石炭製品（統合）,鹿児島,長崎,9.5,機械展開(簡易・長崎バグ修正済)
211,石油・石炭製品（統合）,鹿児島,熊本,9,機械展開(簡易・長崎バグ修正済)
211,石油・石炭製品（統合）,鹿児島,宮崎,17.8,機械展開(簡易・長崎バグ修正済)
211,石油・石炭製品（統合）,鹿児島,沖縄,11.5,機械展開(簡易・長崎バグ修正済)
211,石油・石炭製品（統合）,鹿児島,山口,9,機械展開(簡易・長崎バグ修正済)
211,石油・石炭製品（統合）,鹿児島,大分,6.8,機械展開(簡易・長崎バグ修正済)
211,石油・石炭製品（統合）,沖縄,福岡,0.6,機械展開(簡易・長崎バグ修正済)
211,石油・石炭製品（統合）,沖縄,鹿児島,1.5,機械展開(簡易・長崎バグ修正済)
211,石油・石炭製品（統合）,沖縄,山口,1,機械展開(簡易・長崎バグ修正済)
211,石油・石炭製品（統合）,沖縄,大分,0.5,機械展開(簡易・長崎バグ修正済)
211,石油・石炭製品（統合）,山口,福岡,30627.7,機械展開(簡易・長崎バグ修正済)
211,石油・石炭製品（統合）,山口,佐賀,3496.3,機械展開(簡易・長崎バグ修正済)
211,石油・石炭製品（統合）,山口,長崎,7965.5,機械展開(簡易・長崎バグ修正済)
211,石油・石炭製品（統合）,山口,熊本,10088.2,機械展開(簡易・長崎バグ修正済)
211,石油・石炭製品（統合）,山口,宮崎,5833.8,機械展開(簡易・長崎バグ修正済)
211,石油・石炭製品（統合）,山口,鹿児島,11294.6,機械展開(簡易・長崎バグ修正済)
211,石油・石炭製品（統合）,山口,沖縄,10241.1,機械展開(簡易・長崎バグ修正済)
211,石油・石炭製品（統合）,山口,大分,29405.6,機械展開(簡易・長崎バグ修正済)
211,石油・石炭製品（統合）,大分,福岡,10732.1,機械展開(簡易・長崎バグ修正済)
211,石油・石炭製品（統合）,大分,佐賀,1674,機械展開(簡易・長崎バグ修正済)
211,石油・石炭製品（統合）,大分,長崎,4026.2,機械展開(簡易・長崎バグ修正済)
211,石油・石炭製品（統合）,大分,熊本,8113.7,機械展開(簡易・長崎バグ修正済)
211,石油・石炭製品（統合）,大分,宮崎,4541.1,機械展開(簡易・長崎バグ修正済)
211,石油・石炭製品（統合）,大分,鹿児島,6891.5,機械展開(簡易・長崎バグ修正済)
211,石油・石炭製品（統合）,大分,沖縄,4195.3,機械展開(簡易・長崎バグ修正済)
211,石油・石炭製品（統合）,大分,山口,23861.3,機械展開(簡易・長崎バグ修正済)
221,プラスチック製品,福岡,佐賀,3780.9,機械展開(簡易・長崎バグ修正済)
221,プラスチック製品,福岡,長崎,1965.5,機械展開(簡易・長崎バグ修正済)
221,プラスチック製品,福岡,熊本,2300.7,機械展開(簡易・長崎バグ修正済)
221,プラスチック製品,福岡,宮崎,1160.2,機械展開(簡易・長崎バグ修正済)
221,プラスチック製品,福岡,鹿児島,1291,機械展開(簡易・長崎バグ修正済)
221,プラスチック製品,福岡,沖縄,1057.6,機械展開(簡易・長崎バグ修正済)
221,プラスチック製品,福岡,山口,6111.8,機械展開(簡易・長崎バグ修正済)
221,プラスチック製品,福岡,大分,2723.2,機械展開(簡易・長崎バグ修正済)
221,プラスチック製品,佐賀,福岡,3825.6,機械展開(簡易・長崎バグ修正済)
221,プラスチック製品,佐賀,長崎,247.3,機械展開(簡易・長崎バグ修正済)
221,プラスチック製品,佐賀,熊本,267.6,機械展開(簡易・長崎バグ修正済)
221,プラスチック製品,佐賀,宮崎,93.3,機械展開(簡易・長崎バグ修正済)
221,プラスチック製品,佐賀,鹿児島,110.4,機械展開(簡易・長崎バグ修正済)
221,プラスチック製品,佐賀,沖縄,73.5,機械展開(簡易・長崎バグ修正済)
221,プラスチック製品,佐賀,山口,280.3,機械展開(簡易・長崎バグ修正済)
221,プラスチック製品,佐賀,大分,170.7,機械展開(簡易・長崎バグ修正済)
221,プラスチック製品,長崎,福岡,519.4,機械展開(簡易・長崎バグ修正済)
221,プラスチック製品,長崎,佐賀,64.6,機械展開(簡易・長崎バグ修正済)
221,プラスチック製品,長崎,熊本,115.9,機械展開(簡易・長崎バグ修正済)
221,プラスチック製品,長崎,宮崎,60.9,機械展開(簡易・長崎バグ修正済)
221,プラスチック製品,長崎,鹿児島,97.6,機械展開(簡易・長崎バグ修正済)
221,プラスチック製品,長崎,沖縄,47.7,機械展開(簡易・長崎バグ修正済)
221,プラスチック製品,長崎,山口,96.7,機械展開(簡易・長崎バグ修正済)
221,プラスチック製品,長崎,大分,62.1,機械展開(簡易・長崎バグ修正済)
221,プラスチック製品,熊本,福岡,2676.2,機械展開(簡易・長崎バグ修正済)
221,プラスチック製品,熊本,佐賀,307.6,機械展開(簡易・長崎バグ修正済)
221,プラスチック製品,熊本,長崎,510.2,機械展開(簡易・長崎バグ修正済)
221,プラスチック製品,熊本,宮崎,442.6,機械展開(簡易・長崎バグ修正済)
221,プラスチック製品,熊本,鹿児島,449.5,機械展開(簡易・長崎バグ修正済)
221,プラスチック製品,熊本,沖縄,203.7,機械展開(簡易・長崎バグ修正済)
221,プラスチック製品,熊本,山口,594,機械展開(簡易・長崎バグ修正済)
221,プラスチック製品,熊本,大分,607.5,機械展開(簡易・長崎バグ修正済)
221,プラスチック製品,宮崎,福岡,1493.2,機械展開(簡易・長崎バグ修正済)
221,プラスチック製品,宮崎,佐賀,118.7,機械展開(簡易・長崎バグ修正済)
221,プラスチック製品,宮崎,長崎,296.3,機械展開(簡易・長崎バグ修正済)
221,プラスチック製品,宮崎,熊本,489.7,機械展開(簡易・長崎バグ修正済)
221,プラスチック製品,宮崎,鹿児島,1607.3,機械展開(簡易・長崎バグ修正済)
221,プラスチック製品,宮崎,沖縄,427.3,機械展開(簡易・長崎バグ修正済)
221,プラスチック製品,宮崎,山口,623.4,機械展開(簡易・長崎バグ修正済)
221,プラスチック製品,宮崎,大分,617.1,機械展開(簡易・長崎バグ修正済)
221,プラスチック製品,鹿児島,福岡,427.1,機械展開(簡易・長崎バグ修正済)
221,プラスチック製品,鹿児島,佐賀,36.1,機械展開(簡易・長崎バグ修正済)
221,プラスチック製品,鹿児島,長崎,122.1,機械展開(簡易・長崎バグ修正済)
221,プラスチック製品,鹿児島,熊本,127.8,機械展開(簡易・長崎バグ修正済)
221,プラスチック製品,鹿児島,宮崎,413.2,機械展開(簡易・長崎バグ修正済)
221,プラスチック製品,鹿児島,沖縄,161.1,機械展開(簡易・長崎バグ修正済)
221,プラスチック製品,鹿児島,山口,150.1,機械展開(簡易・長崎バグ修正済)
221,プラスチック製品,鹿児島,大分,116.5,機械展開(簡易・長崎バグ修正済)
221,プラスチック製品,沖縄,福岡,115.7,機械展開(簡易・長崎バグ修正済)
221,プラスチック製品,沖縄,佐賀,7.9,機械展開(簡易・長崎バグ修正済)
221,プラスチック製品,沖縄,長崎,19.7,機械展開(簡易・長崎バグ修正済)
221,プラスチック製品,沖縄,熊本,19.2,機械展開(簡易・長崎バグ修正済)
221,プラスチック製品,沖縄,宮崎,36.3,機械展開(簡易・長崎バグ修正済)
221,プラスチック製品,沖縄,鹿児島,53.3,機械展開(簡易・長崎バグ修正済)
221,プラスチック製品,沖縄,山口,56.1,機械展開(簡易・長崎バグ修正済)
221,プラスチック製品,沖縄,大分,29.2,機械展開(簡易・長崎バグ修正済)
221,プラスチック製品,山口,福岡,8192,機械展開(簡易・長崎バグ修正済)
221,プラスチック製品,山口,佐賀,371.4,機械展開(簡易・長崎バグ修正済)
221,プラスチック製品,山口,長崎,490.2,機械展開(簡易・長崎バグ修正済)
221,プラスチック製品,山口,熊本,684.5,機械展開(簡易・長崎バグ修正済)
221,プラスチック製品,山口,宮崎,649.3,機械展開(簡易・長崎バグ修正済)
221,プラスチック製品,山口,鹿児島,608.2,機械展開(簡易・長崎バグ修正済)
221,プラスチック製品,山口,沖縄,687.7,機械展開(簡易・長崎バグ修正済)
221,プラスチック製品,山口,大分,2412,機械展開(簡易・長崎バグ修正済)
221,プラスチック製品,大分,福岡,3749.6,機械展開(簡易・長崎バグ修正済)
221,プラスチック製品,大分,佐賀,232.3,機械展開(簡易・長崎バグ修正済)
221,プラスチック製品,大分,長崎,323.7,機械展開(簡易・長崎バグ修正済)
221,プラスチック製品,大分,熊本,719.1,機械展開(簡易・長崎バグ修正済)
221,プラスチック製品,大分,宮崎,660.2,機械展開(簡易・長崎バグ修正済)
221,プラスチック製品,大分,鹿児島,484.7,機械展開(簡易・長崎バグ修正済)
221,プラスチック製品,大分,沖縄,368,機械展開(簡易・長崎バグ修正済)
221,プラスチック製品,大分,山口,2477.8,機械展開(簡易・長崎バグ修正済)
222,ゴム製品,福岡,佐賀,1331.2,機械展開(簡易・長崎バグ修正済)
222,ゴム製品,福岡,長崎,998.3,機械展開(簡易・長崎バグ修正済)
222,ゴム製品,福岡,熊本,1343.7,機械展開(簡易・長崎バグ修正済)
222,ゴム製品,福岡,宮崎,978.5,機械展開(簡易・長崎バグ修正済)
222,ゴム製品,福岡,鹿児島,783.8,機械展開(簡易・長崎バグ修正済)
222,ゴム製品,福岡,沖縄,630.2,機械展開(簡易・長崎バグ修正済)
222,ゴム製品,福岡,山口,2646.1,機械展開(簡易・長崎バグ修正済)
222,ゴム製品,福岡,大分,1352.8,機械展開(簡易・長崎バグ修正済)
222,ゴム製品,佐賀,福岡,2063.3,機械展開(簡易・長崎バグ修正済)
222,ゴム製品,佐賀,長崎,80.7,機械展開(簡易・長崎バグ修正済)
222,ゴム製品,佐賀,熊本,100.4,機械展開(簡易・長崎バグ修正済)
222,ゴム製品,佐賀,宮崎,50.6,機械展開(簡易・長崎バグ修正済)
222,ゴム製品,佐賀,鹿児島,43.1,機械展開(簡易・長崎バグ修正済)
222,ゴム製品,佐賀,沖縄,28.1,機械展開(簡易・長崎バグ修正済)
222,ゴム製品,佐賀,山口,78,機械展開(簡易・長崎バグ修正済)
222,ゴム製品,佐賀,大分,54.5,機械展開(簡易・長崎バグ修正済)
222,ゴム製品,長崎,福岡,3,機械展開(簡易・長崎バグ修正済)
222,ゴム製品,熊本,福岡,1733.4,機械展開(簡易・長崎バグ修正済)
222,ゴム製品,熊本,佐賀,83.6,機械展開(簡易・長崎バグ修正済)
222,ゴム製品,熊本,長崎,199.9,機械展開(簡易・長崎バグ修正済)
222,ゴム製品,熊本,宮崎,288,機械展開(簡易・長崎バグ修正済)
222,ゴム製品,熊本,鹿児島,210.5,機械展開(簡易・長崎バグ修正済)
222,ゴム製品,熊本,沖縄,93.6,機械展開(簡易・長崎バグ修正済)
222,ゴム製品,熊本,山口,198.4,機械展開(簡易・長崎バグ修正済)
222,ゴム製品,熊本,大分,232.9,機械展開(簡易・長崎バグ修正済)
222,ゴム製品,宮崎,福岡,2093.7,機械展開(簡易・長崎バグ修正済)
222,ゴム製品,宮崎,佐賀,69.8,機械展開(簡易・長崎バグ修正済)
222,ゴム製品,宮崎,長崎,251.4,機械展開(簡易・長崎バグ修正済)
222,ゴム製品,宮崎,熊本,477.7,機械展開(簡易・長崎バグ修正済)
222,ゴム製品,宮崎,鹿児島,1629.8,機械展開(簡易・長崎バグ修正済)
222,ゴム製品,宮崎,沖縄,425.2,機械展開(簡易・長崎バグ修正済)
222,ゴム製品,宮崎,山口,450.8,機械展開(簡易・長崎バグ修正済)
222,ゴム製品,宮崎,大分,512,機械展開(簡易・長崎バグ修正済)
222,ゴム製品,沖縄,福岡,1.4,機械展開(簡易・長崎バグ修正済)
222,ゴム製品,山口,福岡,6143.8,機械展開(簡易・長崎バグ修正済)
222,ゴム製品,山口,佐賀,116.8,機械展開(簡易・長崎バグ修正済)
222,ゴム製品,山口,長崎,222.4,機械展開(簡易・長崎バグ修正済)
222,ゴム製品,山口,熊本,357.2,機械展開(簡易・長崎バグ修正済)
222,ゴム製品,山口,宮崎,489.2,機械展開(簡易・長崎バグ修正済)
222,ゴム製品,山口,鹿児島,329.8,機械展開(簡易・長崎バグ修正済)
222,ゴム製品,山口,沖縄,366,機械展開(簡易・長崎バグ修正済)
222,ゴム製品,山口,大分,1070.4,機械展開(簡易・長崎バグ修正済)
222,ゴム製品,大分,福岡,381.3,機械展開(簡易・長崎バグ修正済)
222,ゴム製品,大分,佐賀,9.9,機械展開(簡易・長崎バグ修正済)
222,ゴム製品,大分,長崎,19.9,機械展開(簡易・長崎バグ修正済)
222,ゴム製品,大分,熊本,50.9,機械展開(簡易・長崎バグ修正済)
222,ゴム製品,大分,宮崎,67.4,機械展開(簡易・長崎バグ修正済)
222,ゴム製品,大分,鹿児島,35.6,機械展開(簡易・長崎バグ修正済)
222,ゴム製品,大分,沖縄,26.6,機械展開(簡易・長崎バグ修正済)
222,ゴム製品,大分,山口,130,機械展開(簡易・長崎バグ修正済)
231,なめし革・革製品・毛皮,福岡,佐賀,157.1,機械展開(簡易・長崎バグ修正済)
231,なめし革・革製品・毛皮,福岡,長崎,8.4,機械展開(簡易・長崎バグ修正済)
231,なめし革・革製品・毛皮,福岡,熊本,16.5,機械展開(簡易・長崎バグ修正済)
231,なめし革・革製品・毛皮,福岡,宮崎,16.2,機械展開(簡易・長崎バグ修正済)
231,なめし革・革製品・毛皮,福岡,鹿児島,45.1,機械展開(簡易・長崎バグ修正済)
231,なめし革・革製品・毛皮,福岡,沖縄,35.5,機械展開(簡易・長崎バグ修正済)
231,なめし革・革製品・毛皮,福岡,山口,10,機械展開(簡易・長崎バグ修正済)
231,なめし革・革製品・毛皮,福岡,大分,76.9,機械展開(簡易・長崎バグ修正済)
231,なめし革・革製品・毛皮,佐賀,福岡,1073.2,機械展開(簡易・長崎バグ修正済)
231,なめし革・革製品・毛皮,佐賀,長崎,84.1,機械展開(簡易・長崎バグ修正済)
231,なめし革・革製品・毛皮,佐賀,熊本,153.2,機械展開(簡易・長崎バグ修正済)
231,なめし革・革製品・毛皮,佐賀,宮崎,104.2,機械展開(簡易・長崎バグ修正済)
231,なめし革・革製品・毛皮,佐賀,鹿児島,308.7,機械展開(簡易・長崎バグ修正済)
231,なめし革・革製品・毛皮,佐賀,沖縄,197.6,機械展開(簡易・長崎バグ修正済)
231,なめし革・革製品・毛皮,佐賀,山口,36.8,機械展開(簡易・長崎バグ修正済)
231,なめし革・革製品・毛皮,佐賀,大分,385.8,機械展開(簡易・長崎バグ修正済)
231,なめし革・革製品・毛皮,宮崎,福岡,9.6,機械展開(簡易・長崎バグ修正済)
231,なめし革・革製品・毛皮,宮崎,佐賀,9.1,機械展開(簡易・長崎バグ修正済)
231,なめし革・革製品・毛皮,宮崎,長崎,2.3,機械展開(簡易・長崎バグ修正済)
231,なめし革・革製品・毛皮,宮崎,熊本,6.5,機械展開(簡易・長崎バグ修正済)
231,なめし革・革製品・毛皮,宮崎,鹿児島,103.4,機械展開(簡易・長崎バグ修正済)
231,なめし革・革製品・毛皮,宮崎,沖縄,26.4,機械展開(簡易・長崎バグ修正済)
231,なめし革・革製品・毛皮,宮崎,山口,1.9,機械展開(簡易・長崎バグ修正済)
231,なめし革・革製品・毛皮,宮崎,大分,32.1,機械展開(簡易・長崎バグ修正済)
231,なめし革・革製品・毛皮,鹿児島,福岡,8.1,機械展開(簡易・長崎バグ修正済)
231,なめし革・革製品・毛皮,鹿児島,佐賀,8.1,機械展開(簡易・長崎バグ修正済)
231,なめし革・革製品・毛皮,鹿児島,長崎,2.8,機械展開(簡易・長崎バグ修正済)
231,なめし革・革製品・毛皮,鹿児島,熊本,4.9,機械展開(簡易・長崎バグ修正済)
231,なめし革・革製品・毛皮,鹿児島,宮崎,31,機械展開(簡易・長崎バグ修正済)
231,なめし革・革製品・毛皮,鹿児島,沖縄,29.1,機械展開(簡易・長崎バグ修正済)
231,なめし革・革製品・毛皮,鹿児島,山口,1.3,機械展開(簡易・長崎バグ修正済)
231,なめし革・革製品・毛皮,鹿児島,大分,17.7,機械展開(簡易・長崎バグ修正済)
231,なめし革・革製品・毛皮,沖縄,宮崎,0.5,機械展開(簡易・長崎バグ修正済)
231,なめし革・革製品・毛皮,沖縄,鹿児島,2,機械展開(簡易・長崎バグ修正済)
231,なめし革・革製品・毛皮,沖縄,大分,0.9,機械展開(簡易・長崎バグ修正済)
231,なめし革・革製品・毛皮,山口,福岡,5.9,機械展開(簡易・長崎バグ修正済)
231,なめし革・革製品・毛皮,山口,佐賀,3.1,機械展開(簡易・長崎バグ修正済)
231,なめし革・革製品・毛皮,山口,熊本,1,機械展開(簡易・長崎バグ修正済)
231,なめし革・革製品・毛皮,山口,宮崎,1.8,機械展開(簡易・長崎バグ修正済)
231,なめし革・革製品・毛皮,山口,鹿児島,4.3,機械展開(簡易・長崎バグ修正済)
231,なめし革・革製品・毛皮,山口,沖縄,4.7,機械展開(簡易・長崎バグ修正済)
231,なめし革・革製品・毛皮,山口,大分,13.9,機械展開(簡易・長崎バグ修正済)
231,なめし革・革製品・毛皮,大分,福岡,56.7,機械展開(簡易・長崎バグ修正済)
231,なめし革・革製品・毛皮,大分,佐賀,41.6,機械展開(簡易・長崎バグ修正済)
231,なめし革・革製品・毛皮,大分,長崎,5.9,機械展開(簡易・長崎バグ修正済)
231,なめし革・革製品・毛皮,大分,熊本,22.2,機械展開(簡易・長崎バグ修正済)
231,なめし革・革製品・毛皮,大分,宮崎,39.7,機械展開(簡易・長崎バグ修正済)
231,なめし革・革製品・毛皮,大分,鹿児島,73.1,機械展開(簡易・長崎バグ修正済)
231,なめし革・革製品・毛皮,大分,沖縄,53.3,機械展開(簡易・長崎バグ修正済)
231,なめし革・革製品・毛皮,大分,山口,17.5,機械展開(簡易・長崎バグ修正済)
251,ガラス・ガラス製品,福岡,佐賀,188.9,機械展開(簡易・長崎バグ修正済)
251,ガラス・ガラス製品,福岡,長崎,105.6,機械展開(簡易・長崎バグ修正済)
251,ガラス・ガラス製品,福岡,熊本,103,機械展開(簡易・長崎バグ修正済)
251,ガラス・ガラス製品,福岡,宮崎,43.1,機械展開(簡易・長崎バグ修正済)
251,ガラス・ガラス製品,福岡,鹿児島,55,機械展開(簡易・長崎バグ修正済)
251,ガラス・ガラス製品,福岡,沖縄,53.2,機械展開(簡易・長崎バグ修正済)
251,ガラス・ガラス製品,福岡,山口,402.4,機械展開(簡易・長崎バグ修正済)
251,ガラス・ガラス製品,福岡,大分,129.9,機械展開(簡易・長崎バグ修正済)
251,ガラス・ガラス製品,佐賀,福岡,418.2,機械展開(簡易・長崎バグ修正済)
251,ガラス・ガラス製品,佐賀,長崎,24.6,機械展開(簡易・長崎バグ修正済)
251,ガラス・ガラス製品,佐賀,熊本,22.2,機械展開(簡易・長崎バグ修正済)
251,ガラス・ガラス製品,佐賀,宮崎,6.4,機械展開(簡易・長崎バグ修正済)
251,ガラス・ガラス製品,佐賀,鹿児島,8.7,機械展開(簡易・長崎バグ修正済)
251,ガラス・ガラス製品,佐賀,沖縄,6.9,機械展開(簡易・長崎バグ修正済)
251,ガラス・ガラス製品,佐賀,山口,34.2,機械展開(簡易・長崎バグ修正済)
251,ガラス・ガラス製品,佐賀,大分,15.1,機械展開(簡易・長崎バグ修正済)
251,ガラス・ガラス製品,長崎,福岡,773,機械展開(簡易・長崎バグ修正済)
251,ガラス・ガラス製品,長崎,佐賀,81.5,機械展開(簡易・長崎バグ修正済)
251,ガラス・ガラス製品,長崎,熊本,130.9,機械展開(簡易・長崎バグ修正済)
251,ガラス・ガラス製品,長崎,宮崎,57,機械展開(簡易・長崎バグ修正済)
251,ガラス・ガラス製品,長崎,鹿児島,104.9,機械展開(簡易・長崎バグ修正済)
251,ガラス・ガラス製品,長崎,沖縄,60.5,機械展開(簡易・長崎バグ修正済)
251,ガラス・ガラス製品,長崎,山口,160.6,機械展開(簡易・長崎バグ修正済)
251,ガラス・ガラス製品,長崎,大分,74.8,機械展開(簡易・長崎バグ修正済)
251,ガラス・ガラス製品,熊本,福岡,123,機械展開(簡易・長崎バグ修正済)
251,ガラス・ガラス製品,熊本,佐賀,12,機械展開(簡易・長崎バグ修正済)
251,ガラス・ガラス製品,熊本,長崎,21.4,機械展開(簡易・長崎バグ修正済)
251,ガラス・ガラス製品,熊本,宮崎,12.8,機械展開(簡易・長崎バグ修正済)
251,ガラス・ガラス製品,熊本,鹿児島,14.9,機械展開(簡易・長崎バグ修正済)
251,ガラス・ガラス製品,熊本,沖縄,8,機械展開(簡易・長崎バグ修正済)
251,ガラス・ガラス製品,熊本,山口,30.5,機械展開(簡易・長崎バグ修正済)
251,ガラス・ガラス製品,熊本,大分,22.6,機械展開(簡易・長崎バグ修正済)
251,ガラス・ガラス製品,宮崎,福岡,19.3,機械展開(簡易・長崎バグ修正済)
251,ガラス・ガラス製品,宮崎,佐賀,1.3,機械展開(簡易・長崎バグ修正済)
251,ガラス・ガラス製品,宮崎,長崎,3.5,機械展開(簡易・長崎バグ修正済)
251,ガラス・ガラス製品,宮崎,熊本,4.8,機械展開(簡易・長崎バグ修正済)
251,ガラス・ガラス製品,宮崎,鹿児島,15,機械展開(簡易・長崎バグ修正済)
251,ガラス・ガラス製品,宮崎,沖縄,4.7,機械展開(簡易・長崎バグ修正済)
251,ガラス・ガラス製品,宮崎,山口,9,機械展開(簡易・長崎バグ修正済)
251,ガラス・ガラス製品,宮崎,大分,6.4,機械展開(簡易・長崎バグ修正済)
251,ガラス・ガラス製品,鹿児島,福岡,36.8,機械展開(簡易・長崎バグ修正済)
251,ガラス・ガラス製品,鹿児島,佐賀,2.6,機械展開(簡易・長崎バグ修正済)
251,ガラス・ガラス製品,鹿児島,長崎,9.6,機械展開(簡易・長崎バグ修正済)
251,ガラス・ガラス製品,鹿児島,熊本,8.4,機械展開(簡易・長崎バグ修正済)
251,ガラス・ガラス製品,鹿児島,宮崎,22.4,機械展開(簡易・長崎バグ修正済)
251,ガラス・ガラス製品,鹿児島,沖縄,11.8,機械展開(簡易・長崎バグ修正済)
251,ガラス・ガラス製品,鹿児島,山口,14.5,機械展開(簡易・長崎バグ修正済)
251,ガラス・ガラス製品,鹿児島,大分,8.1,機械展開(簡易・長崎バグ修正済)
251,ガラス・ガラス製品,沖縄,福岡,18.4,機械展開(簡易・長崎バグ修正済)
251,ガラス・ガラス製品,沖縄,佐賀,1.1,機械展開(簡易・長崎バグ修正済)
251,ガラス・ガラス製品,沖縄,長崎,2.9,機械展開(簡易・長崎バグ修正済)
251,ガラス・ガラス製品,沖縄,熊本,2.3,機械展開(簡易・長崎バグ修正済)
251,ガラス・ガラス製品,沖縄,宮崎,3.6,機械展開(簡易・長崎バグ修正済)
251,ガラス・ガラス製品,沖縄,鹿児島,6.1,機械展開(簡易・長崎バグ修正済)
251,ガラス・ガラス製品,沖縄,山口,10,機械展開(簡易・長崎バグ修正済)
251,ガラス・ガラス製品,沖縄,大分,3.8,機械展開(簡易・長崎バグ修正済)
251,ガラス・ガラス製品,山口,福岡,1787.3,機械展開(簡易・長崎バグ修正済)
251,ガラス・ガラス製品,山口,佐賀,68.7,機械展開(簡易・長崎バグ修正済)
251,ガラス・ガラス製品,山口,長崎,97.4,機械展開(簡易・長崎バグ修正済)
251,ガラス・ガラス製品,山口,熊本,113.4,機械展開(簡易・長崎バグ修正済)
251,ガラス・ガラス製品,山口,宮崎,89.2,機械展開(簡易・長崎バグ修正済)
251,ガラス・ガラス製品,山口,鹿児島,95.8,機械展開(簡易・長崎バグ修正済)
251,ガラス・ガラス製品,山口,沖縄,127.9,機械展開(簡易・長崎バグ修正済)
251,ガラス・ガラス製品,山口,大分,425.5,機械展開(簡易・長崎バグ修正済)
251,ガラス・ガラス製品,大分,福岡,4,機械展開(簡易・長崎バグ修正済)
251,ガラス・ガラス製品,大分,熊本,0.6,機械展開(簡易・長崎バグ修正済)
251,ガラス・ガラス製品,大分,山口,3,機械展開(簡易・長崎バグ修正済)
252,セメント・セメント製品,福岡,佐賀,866.7,機械展開(簡易・長崎バグ修正済)
252,セメント・セメント製品,福岡,長崎,1275.9,機械展開(簡易・長崎バグ修正済)
252,セメント・セメント製品,福岡,熊本,609.8,機械展開(簡易・長崎バグ修正済)
252,セメント・セメント製品,福岡,宮崎,359.8,機械展開(簡易・長崎バグ修正済)
252,セメント・セメント製品,福岡,鹿児島,508.6,機械展開(簡易・長崎バグ修正済)
252,セメント・セメント製品,福岡,沖縄,749,機械展開(簡易・長崎バグ修正済)
252,セメント・セメント製品,福岡,山口,2157.4,機械展開(簡易・長崎バグ修正済)
252,セメント・セメント製品,福岡,大分,398.1,機械展開(簡易・長崎バグ修正済)
252,セメント・セメント製品,佐賀,福岡,165.5,機械展開(簡易・長崎バグ修正済)
252,セメント・セメント製品,佐賀,長崎,59.3,機械展開(簡易・長崎バグ修正済)
252,セメント・セメント製品,佐賀,熊本,26.2,機械展開(簡易・長崎バグ修正済)
252,セメント・セメント製品,佐賀,宮崎,10.7,機械展開(簡易・長崎バグ修正済)
252,セメント・セメント製品,佐賀,鹿児島,16.1,機械展開(簡易・長崎バグ修正済)
252,セメント・セメント製品,佐賀,沖縄,19.2,機械展開(簡易・長崎バグ修正済)
252,セメント・セメント製品,佐賀,山口,36.5,機械展開(簡易・長崎バグ修正済)
252,セメント・セメント製品,佐賀,大分,9.2,機械展開(簡易・長崎バグ修正済)
252,セメント・セメント製品,長崎,福岡,103.9,機械展開(簡易・長崎バグ修正済)
252,セメント・セメント製品,長崎,佐賀,25.3,機械展開(簡易・長崎バグ修正済)
252,セメント・セメント製品,長崎,熊本,52.5,機械展開(簡易・長崎バグ修正済)
252,セメント・セメント製品,長崎,宮崎,32.2,機械展開(簡易・長崎バグ修正済)
252,セメント・セメント製品,長崎,鹿児島,65.6,機械展開(簡易・長崎バグ修正済)
252,セメント・セメント製品,長崎,沖縄,57.6,機械展開(簡易・長崎バグ修正済)
252,セメント・セメント製品,長崎,山口,58.3,機械展開(簡易・長崎バグ修正済)
252,セメント・セメント製品,長崎,大分,15.5,機械展開(簡易・長崎バグ修正済)
252,セメント・セメント製品,熊本,福岡,203.9,機械展開(簡易・長崎バグ修正済)
252,セメント・セメント製品,熊本,佐賀,45.8,機械展開(簡易・長崎バグ修正済)
252,セメント・セメント製品,熊本,長崎,215.3,機械展開(簡易・長崎バグ修正済)
252,セメント・セメント製品,熊本,宮崎,89.2,機械展開(簡易・長崎バグ修正済)
252,セメント・セメント製品,熊本,鹿児島,115.1,機械展開(簡易・長崎バグ修正済)
252,セメント・セメント製品,熊本,沖縄,93.8,機械展開(簡易・長崎バグ修正済)
252,セメント・セメント製品,熊本,山口,136.3,機械展開(簡易・長崎バグ修正済)
252,セメント・セメント製品,熊本,大分,57.7,機械展開(簡易・長崎バグ修正済)
252,セメント・セメント製品,宮崎,福岡,36.3,機械展開(簡易・長崎バグ修正済)
252,セメント・セメント製品,宮崎,佐賀,5.6,機械展開(簡易・長崎バグ修正済)
252,セメント・セメント製品,宮崎,長崎,39.9,機械展開(簡易・長崎バグ修正済)
252,セメント・セメント製品,宮崎,熊本,26.9,機械展開(簡易・長崎バグ修正済)
252,セメント・セメント製品,宮崎,鹿児島,131.4,機械展開(簡易・長崎バグ修正済)
252,セメント・セメント製品,宮崎,沖縄,62.8,機械展開(簡易・長崎バグ修正済)
252,セメント・セメント製品,宮崎,山口,45.7,機械展開(簡易・長崎バグ修正済)
252,セメント・セメント製品,宮崎,大分,18.7,機械展開(簡易・長崎バグ修正済)
252,セメント・セメント製品,鹿児島,福岡,53,機械展開(簡易・長崎バグ修正済)
252,セメント・セメント製品,鹿児島,佐賀,8.8,機械展開(簡易・長崎バグ修正済)
252,セメント・セメント製品,鹿児島,長崎,83.9,機械展開(簡易・長崎バグ修正済)
252,セメント・セメント製品,鹿児島,熊本,35.9,機械展開(簡易・長崎バグ修正済)
252,セメント・セメント製品,鹿児島,宮崎,135.6,機械展開(簡易・長崎バグ修正済)
252,セメント・セメント製品,鹿児島,沖縄,120.7,機械展開(簡易・長崎バグ修正済)
252,セメント・セメント製品,鹿児島,山口,56.1,機械展開(簡易・長崎バグ修正済)
252,セメント・セメント製品,鹿児島,大分,18,機械展開(簡易・長崎バグ修正済)
252,セメント・セメント製品,沖縄,福岡,3.4,機械展開(簡易・長崎バグ修正済)
252,セメント・セメント製品,沖縄,長崎,3.2,機械展開(簡易・長崎バグ修正済)
252,セメント・セメント製品,沖縄,熊本,1.3,機械展開(簡易・長崎バグ修正済)
252,セメント・セメント製品,沖縄,宮崎,2.8,機械展開(簡易・長崎バグ修正済)
252,セメント・セメント製品,沖縄,鹿児島,5.3,機械展開(簡易・長崎バグ修正済)
252,セメント・セメント製品,沖縄,山口,5,機械展開(簡易・長崎バグ修正済)
252,セメント・セメント製品,沖縄,大分,1.1,機械展開(簡易・長崎バグ修正済)
252,セメント・セメント製品,山口,福岡,2616.8,機械展開(簡易・長崎バグ修正済)
252,セメント・セメント製品,山口,佐賀,232.1,機械展開(簡易・長崎バグ修正済)
252,セメント・セメント製品,山口,長崎,867.4,機械展開(簡易・長崎バグ修正済)
252,セメント・セメント製品,山口,熊本,494.6,機械展開(簡易・長崎バグ修正済)
252,セメント・セメント製品,山口,宮崎,548.8,機械展開(簡易・長崎バグ修正済)
252,セメント・セメント製品,山口,鹿児島,653.1,機械展開(簡易・長崎バグ修正済)
252,セメント・セメント製品,山口,沖縄,1327.5,機械展開(簡易・長崎バグ修正済)
252,セメント・セメント製品,山口,大分,961.1,機械展開(簡易・長崎バグ修正済)
252,セメント・セメント製品,大分,福岡,556.8,機械展開(簡易・長崎バグ修正済)
252,セメント・セメント製品,大分,佐賀,67.5,機械展開(簡易・長崎バグ修正済)
252,セメント・セメント製品,大分,長崎,266.2,機械展開(簡易・長崎バグ修正済)
252,セメント・セメント製品,大分,熊本,241.5,機械展開(簡易・長崎バグ修正済)
252,セメント・セメント製品,大分,宮崎,259.4,機械展開(簡易・長崎バグ修正済)
252,セメント・セメント製品,大分,鹿児島,242,機械展開(簡易・長崎バグ修正済)
252,セメント・セメント製品,大分,沖縄,330.2,機械展開(簡易・長崎バグ修正済)
252,セメント・セメント製品,大分,山口,1108.2,機械展開(簡易・長崎バグ修正済)
253,陶磁器,福岡,佐賀,315.2,機械展開(簡易・長崎バグ修正済)
253,陶磁器,福岡,長崎,77.8,機械展開(簡易・長崎バグ修正済)
253,陶磁器,福岡,熊本,78.6,機械展開(簡易・長崎バグ修正済)
253,陶磁器,福岡,宮崎,9.9,機械展開(簡易・長崎バグ修正済)
253,陶磁器,福岡,鹿児島,899.2,機械展開(簡易・長崎バグ修正済)
253,陶磁器,福岡,沖縄,12.8,機械展開(簡易・長崎バグ修正済)
253,陶磁器,福岡,山口,114.5,機械展開(簡易・長崎バグ修正済)
253,陶磁器,福岡,大分,46.9,機械展開(簡易・長崎バグ修正済)
253,陶磁器,佐賀,福岡,183.4,機械展開(簡易・長崎バグ修正済)
253,陶磁器,佐賀,長崎,39.9,機械展開(簡易・長崎バグ修正済)
253,陶磁器,佐賀,熊本,37.3,機械展開(簡易・長崎バグ修正済)
253,陶磁器,佐賀,宮崎,3.2,機械展開(簡易・長崎バグ修正済)
253,陶磁器,佐賀,鹿児島,313.9,機械展開(簡易・長崎バグ修正済)
253,陶磁器,佐賀,沖縄,3.6,機械展開(簡易・長崎バグ修正済)
253,陶磁器,佐賀,山口,21.4,機械展開(簡易・長崎バグ修正済)
253,陶磁器,佐賀,大分,12,機械展開(簡易・長崎バグ修正済)
253,陶磁器,長崎,福岡,18.7,機械展開(簡易・長崎バグ修正済)
253,陶磁器,長崎,佐賀,16.5,機械展開(簡易・長崎バグ修正済)
253,陶磁器,長崎,熊本,12.2,機械展開(簡易・長崎バグ修正済)
253,陶磁器,長崎,宮崎,1.6,機械展開(簡易・長崎バグ修正済)
253,陶磁器,長崎,鹿児島,208.4,機械展開(簡易・長崎バグ修正済)
253,陶磁器,長崎,沖縄,1.8,機械展開(簡易・長崎バグ修正済)
253,陶磁器,長崎,山口,5.6,機械展開(簡易・長崎バグ修正済)
253,陶磁器,長崎,大分,3.3,機械展開(簡易・長崎バグ修正済)
253,陶磁器,熊本,鹿児島,0.8,機械展開(簡易・長崎バグ修正済)
253,陶磁器,宮崎,鹿児島,21.6,機械展開(簡易・長崎バグ修正済)
253,陶磁器,鹿児島,福岡,1064.7,機械展開(簡易・長崎バグ修正済)
253,陶磁器,鹿児島,佐賀,638.6,機械展開(簡易・長崎バグ修正済)
253,陶磁器,鹿児島,長崎,1025.1,機械展開(簡易・長崎バグ修正済)
253,陶磁器,鹿児島,熊本,927.1,機械展開(簡易・長崎バグ修正済)
253,陶磁器,鹿児島,宮崎,747.3,機械展開(簡易・長崎バグ修正済)
253,陶磁器,鹿児島,沖縄,412.3,機械展開(簡易・長崎バグ修正済)
253,陶磁器,鹿児島,山口,596.4,機械展開(簡易・長崎バグ修正済)
253,陶磁器,鹿児島,大分,425.5,機械展開(簡易・長崎バグ修正済)
253,陶磁器,沖縄,鹿児島,7.1,機械展開(簡易・長崎バグ修正済)
253,陶磁器,山口,福岡,11.9,機械展開(簡易・長崎バグ修正済)
253,陶磁器,山口,佐賀,3.8,機械展開(簡易・長崎バグ修正済)
253,陶磁器,山口,長崎,2.4,機械展開(簡易・長崎バグ修正済)
253,陶磁器,山口,熊本,2.9,機械展開(簡易・長崎バグ修正済)
253,陶磁器,山口,宮崎,0.7,機械展開(簡易・長崎バグ修正済)
253,陶磁器,山口,鹿児島,52.6,機械展開(簡易・長崎バグ修正済)
253,陶磁器,山口,沖縄,1,機械展開(簡易・長崎バグ修正済)
253,陶磁器,山口,大分,5.2,機械展開(簡易・長崎バグ修正済)
253,陶磁器,大分,福岡,63.1,機械展開(簡易・長崎バグ修正済)
253,陶磁器,大分,佐賀,27.7,機械展開(簡易・長崎バグ修正済)
253,陶磁器,大分,長崎,18.3,機械展開(簡易・長崎バグ修正済)
253,陶磁器,大分,熊本,35.2,機械展開(簡易・長崎バグ修正済)
253,陶磁器,大分,宮崎,8.1,機械展開(簡易・長崎バグ修正済)
253,陶磁器,大分,鹿児島,483.2,機械展開(簡易・長崎バグ修正済)
253,陶磁器,大分,沖縄,6.4,機械展開(簡易・長崎バグ修正済)
253,陶磁器,大分,山口,66.4,機械展開(簡易・長崎バグ修正済)
259,その他の窯業・土石製品,福岡,佐賀,961,機械展開(簡易・長崎バグ修正済)
259,その他の窯業・土石製品,福岡,長崎,913.7,機械展開(簡易・長崎バグ修正済)
259,その他の窯業・土石製品,福岡,熊本,908.6,機械展開(簡易・長崎バグ修正済)
259,その他の窯業・土石製品,福岡,宮崎,401.9,機械展開(簡易・長崎バグ修正済)
259,その他の窯業・土石製品,福岡,鹿児島,866.3,機械展開(簡易・長崎バグ修正済)
259,その他の窯業・土石製品,福岡,沖縄,497.8,機械展開(簡易・長崎バグ修正済)
259,その他の窯業・土石製品,福岡,山口,2082.6,機械展開(簡易・長崎バグ修正済)
259,その他の窯業・土石製品,福岡,大分,915.5,機械展開(簡易・長崎バグ修正済)
259,その他の窯業・土石製品,佐賀,福岡,515.6,機械展開(簡易・長崎バグ修正済)
259,その他の窯業・土石製品,佐賀,長崎,24.7,機械展開(簡易・長崎バグ修正済)
259,その他の窯業・土石製品,佐賀,熊本,22.7,機械展開(簡易・長崎バグ修正済)
259,その他の窯業・土石製品,佐賀,宮崎,6.9,機械展開(簡易・長崎バグ修正済)
259,その他の窯業・土石製品,佐賀,鹿児島,15.9,機械展開(簡易・長崎バグ修正済)
259,その他の窯業・土石製品,佐賀,沖縄,7.4,機械展開(簡易・長崎バグ修正済)
259,その他の窯業・土石製品,佐賀,山口,20.5,機械展開(簡易・長崎バグ修正済)
259,その他の窯業・土石製品,佐賀,大分,12.3,機械展開(簡易・長崎バグ修正済)
259,その他の窯業・土石製品,長崎,福岡,144.7,機械展開(簡易・長崎バグ修正済)
259,その他の窯業・土石製品,長崎,佐賀,7.3,機械展開(簡易・長崎バグ修正済)
259,その他の窯業・土石製品,長崎,熊本,20.3,機械展開(簡易・長崎バグ修正済)
259,その他の窯業・土石製品,長崎,宮崎,9.3,機械展開(簡易・長崎バグ修正済)
259,その他の窯業・土石製品,長崎,鹿児島,29,機械展開(簡易・長崎バグ修正済)
259,その他の窯業・土石製品,長崎,沖縄,9.9,機械展開(簡易・長崎バグ修正済)
259,その他の窯業・土石製品,長崎,山口,14.6,機械展開(簡易・長崎バグ修正済)
259,その他の窯業・土石製品,長崎,大分,9.3,機械展開(簡易・長崎バグ修正済)
259,その他の窯業・土石製品,熊本,福岡,192.4,機械展開(簡易・長崎バグ修正済)
259,その他の窯業・土石製品,熊本,佐賀,8.9,機械展開(簡易・長崎バグ修正済)
259,その他の窯業・土石製品,熊本,長崎,27.1,機械展開(簡易・長崎バグ修正済)
259,その他の窯業・土石製品,熊本,宮崎,17.5,機械展開(簡易・長崎バグ修正済)
259,その他の窯業・土石製品,熊本,鹿児島,34.5,機械展開(簡易・長崎バグ修正済)
259,その他の窯業・土石製品,熊本,沖縄,11,機械展開(簡易・長崎バグ修正済)
259,その他の窯業・土石製品,熊本,山口,23.2,機械展開(簡易・長崎バグ修正済)
259,その他の窯業・土石製品,熊本,大分,23.4,機械展開(簡易・長崎バグ修正済)
259,その他の窯業・土石製品,宮崎,福岡,114.6,機械展開(簡易・長崎バグ修正済)
259,その他の窯業・土石製品,宮崎,佐賀,3.7,機械展開(簡易・長崎バグ修正済)
259,その他の窯業・土石製品,宮崎,長崎,16.8,機械展開(簡易・長崎バグ修正済)
259,その他の窯業・土石製品,宮崎,熊本,23.6,機械展開(簡易・長崎バグ修正済)
259,その他の窯業・土石製品,宮崎,鹿児島,131.8,機械展開(簡易・長崎バグ修正済)
259,その他の窯業・土石製品,宮崎,沖縄,24.6,機械展開(簡易・長崎バグ修正済)
259,その他の窯業・土石製品,宮崎,山口,26,機械展開(簡易・長崎バグ修正済)
259,その他の窯業・土石製品,宮崎,大分,25.4,機械展開(簡易・長崎バグ修正済)
259,その他の窯業・土石製品,鹿児島,福岡,519.3,機械展開(簡易・長崎バグ修正済)
259,その他の窯業・土石製品,鹿児島,佐賀,17.8,機械展開(簡易・長崎バグ修正済)
259,その他の窯業・土石製品,鹿児島,長崎,109.9,機械展開(簡易・長崎バグ修正済)
259,その他の窯業・土石製品,鹿児島,熊本,97.7,機械展開(簡易・長崎バグ修正済)
259,その他の窯業・土石製品,鹿児島,宮崎,277,機械展開(簡易・長崎バグ修正済)
259,その他の窯業・土石製品,鹿児島,沖縄,146.7,機械展開(簡易・長崎バグ修正済)
259,その他の窯業・土石製品,鹿児島,山口,99,機械展開(簡易・長崎バグ修正済)
259,その他の窯業・土石製品,鹿児島,大分,75.8,機械展開(簡易・長崎バグ修正済)
259,その他の窯業・土石製品,沖縄,福岡,22.2,機械展開(簡易・長崎バグ修正済)
259,その他の窯業・土石製品,沖縄,佐賀,0.6,機械展開(簡易・長崎バグ修正済)
259,その他の窯業・土石製品,沖縄,長崎,2.8,機械展開(簡易・長崎バグ修正済)
259,その他の窯業・土石製品,沖縄,熊本,2.3,機械展開(簡易・長崎バグ修正済)
259,その他の窯業・土石製品,沖縄,宮崎,3.9,機械展開(簡易・長崎バグ修正済)
259,その他の窯業・土石製品,沖縄,鹿児島,10.9,機械展開(簡易・長崎バグ修正済)
259,その他の窯業・土石製品,沖縄,山口,5.9,機械展開(簡易・長崎バグ修正済)
259,その他の窯業・土石製品,沖縄,大分,3,機械展開(簡易・長崎バグ修正済)
259,その他の窯業・土石製品,山口,福岡,2944.2,機械展開(簡易・長崎バグ修正済)
259,その他の窯業・土石製品,山口,佐賀,54,機械展開(簡易・長崎バグ修正済)
259,その他の窯業・土石製品,山口,長崎,130.4,機械展開(簡易・長崎バグ修正済)
259,その他の窯業・土石製品,山口,熊本,154.7,機械展開(簡易・長崎バグ修正済)
259,その他の窯業・土石製品,山口,宮崎,128.7,機械展開(簡易・長崎バグ修正済)
259,その他の窯業・土石製品,山口,鹿児島,233.5,機械展開(簡易・長崎バグ修正済)
259,その他の窯業・土石製品,山口,沖縄,185.2,機械展開(簡易・長崎バグ修正済)
259,その他の窯業・土石製品,山口,大分,464,機械展開(簡易・長崎バグ修正済)
259,その他の窯業・土石製品,大分,福岡,806.7,機械展開(簡易・長崎バグ修正済)
259,その他の窯業・土石製品,大分,佐賀,20.2,機械展開(簡易・長崎バグ修正済)
259,その他の窯業・土石製品,大分,長崎,51.5,機械展開(簡易・長崎バグ修正済)
259,その他の窯業・土石製品,大分,熊本,97.3,機械展開(簡易・長崎バグ修正済)
259,その他の窯業・土石製品,大分,宮崎,78.3,機械展開(簡易・長崎バグ修正済)
259,その他の窯業・土石製品,大分,鹿児島,111.4,機械展開(簡易・長崎バグ修正済)
259,その他の窯業・土石製品,大分,沖縄,59.3,機械展開(簡易・長崎バグ修正済)
259,その他の窯業・土石製品,大分,山口,289.2,機械展開(簡易・長崎バグ修正済)
261,銑鉄・粗鋼,福岡,大分,13286.9,機械展開(簡易・長崎バグ修正済)
261,銑鉄・粗鋼,佐賀,大分,364.9,機械展開(簡易・長崎バグ修正済)
261,銑鉄・粗鋼,長崎,大分,126.6,機械展開(簡易・長崎バグ修正済)
261,銑鉄・粗鋼,宮崎,大分,1481.8,機械展開(簡易・長崎バグ修正済)
261,銑鉄・粗鋼,山口,大分,11179.5,機械展開(簡易・長崎バグ修正済)
261,銑鉄・粗鋼,大分,福岡,39727.4,機械展開(簡易・長崎バグ修正済)
261,銑鉄・粗鋼,大分,佐賀,468.5,機械展開(簡易・長崎バグ修正済)
261,銑鉄・粗鋼,大分,長崎,173.2,機械展開(簡易・長崎バグ修正済)
261,銑鉄・粗鋼,大分,熊本,1396,機械展開(簡易・長崎バグ修正済)
261,銑鉄・粗鋼,大分,宮崎,107.5,機械展開(簡易・長崎バグ修正済)
261,銑鉄・粗鋼,大分,鹿児島,3.4,機械展開(簡易・長崎バグ修正済)
261,銑鉄・粗鋼,大分,沖縄,33.6,機械展開(簡易・長崎バグ修正済)
261,銑鉄・粗鋼,大分,山口,11697.1,機械展開(簡易・長崎バグ修正済)
262,鋼材,福岡,佐賀,5997,機械展開(簡易・長崎バグ修正済)
262,鋼材,福岡,長崎,8822.8,機械展開(簡易・長崎バグ修正済)
262,鋼材,福岡,熊本,6970.3,機械展開(簡易・長崎バグ修正済)
262,鋼材,福岡,宮崎,1778.4,機械展開(簡易・長崎バグ修正済)
262,鋼材,福岡,鹿児島,2690.4,機械展開(簡易・長崎バグ修正済)
262,鋼材,福岡,沖縄,2140.1,機械展開(簡易・長崎バグ修正済)
262,鋼材,福岡,山口,24804.1,機械展開(簡易・長崎バグ修正済)
262,鋼材,長崎,福岡,139.9,機械展開(簡易・長崎バグ修正済)
262,鋼材,長崎,佐賀,7,機械展開(簡易・長崎バグ修正済)
262,鋼材,長崎,熊本,24,機械展開(簡易・長崎バグ修正済)
262,鋼材,長崎,宮崎,6.4,機械展開(簡易・長崎バグ修正済)
262,鋼材,長崎,鹿児島,13.9,機械展開(簡易・長崎バグ修正済)
262,鋼材,長崎,沖縄,6.6,機械展開(簡易・長崎バグ修正済)
262,鋼材,長崎,山口,26.8,機械展開(簡易・長崎バグ修正済)
262,鋼材,熊本,福岡,906.4,機械展開(簡易・長崎バグ修正済)
262,鋼材,熊本,佐賀,42,機械展開(簡易・長崎バグ修正済)
262,鋼材,熊本,長崎,197.1,機械展開(簡易・長崎バグ修正済)
262,鋼材,熊本,宮崎,58.4,機械展開(簡易・長崎バグ修正済)
262,鋼材,熊本,鹿児島,80.6,機械展開(簡易・長崎バグ修正済)
262,鋼材,熊本,沖縄,35.5,機械展開(簡易・長崎バグ修正済)
262,鋼材,熊本,山口,207.5,機械展開(簡易・長崎バグ修正済)
262,鋼材,宮崎,福岡,54.1,機械展開(簡易・長崎バグ修正済)
262,鋼材,宮崎,佐賀,1.7,機械展開(簡易・長崎バグ修正済)
262,鋼材,宮崎,長崎,12.2,機械展開(簡易・長崎バグ修正済)
262,鋼材,宮崎,熊本,13.7,機械展開(簡易・長崎バグ修正済)
262,鋼材,宮崎,鹿児島,30.8,機械展開(簡易・長崎バグ修正済)
262,鋼材,宮崎,沖縄,8,機械展開(簡易・長崎バグ修正済)
262,鋼材,宮崎,山口,23.3,機械展開(簡易・長崎バグ修正済)
262,鋼材,沖縄,福岡,269.6,機械展開(簡易・長崎バグ修正済)
262,鋼材,沖縄,佐賀,7.5,機械展開(簡易・長崎バグ修正済)
262,鋼材,沖縄,長崎,52.4,機械展開(簡易・長崎バグ修正済)
262,鋼材,沖縄,熊本,34.4,機械展開(簡易・長崎バグ修正済)
262,鋼材,沖縄,宮崎,33,機械展開(簡易・長崎バグ修正済)
262,鋼材,沖縄,鹿児島,65.7,機械展開(簡易・長崎バグ修正済)
262,鋼材,沖縄,山口,134.9,機械展開(簡易・長崎バグ修正済)
262,鋼材,山口,福岡,26556.4,機械展開(簡易・長崎バグ修正済)
262,鋼材,山口,佐賀,485.3,機械展開(簡易・長崎バグ修正済)
262,鋼材,山口,長崎,1813,機械展開(簡易・長崎バグ修正済)
262,鋼材,山口,熊本,1708.7,機械展開(簡易・長崎バグ修正済)
262,鋼材,山口,宮崎,820,機械展開(簡易・長崎バグ修正済)
262,鋼材,山口,鹿児島,1044.2,機械展開(簡易・長崎バグ修正済)
262,鋼材,山口,沖縄,1146.5,機械展開(簡易・長崎バグ修正済)
263,鋳鍛造品（鉄）,福岡,佐賀,753.1,機械展開(簡易・長崎バグ修正済)
263,鋳鍛造品（鉄）,福岡,長崎,1653.1,機械展開(簡易・長崎バグ修正済)
263,鋳鍛造品（鉄）,福岡,熊本,1770.5,機械展開(簡易・長崎バグ修正済)
263,鋳鍛造品（鉄）,福岡,宮崎,612.4,機械展開(簡易・長崎バグ修正済)
263,鋳鍛造品（鉄）,福岡,鹿児島,728.4,機械展開(簡易・長崎バグ修正済)
263,鋳鍛造品（鉄）,福岡,沖縄,422.3,機械展開(簡易・長崎バグ修正済)
263,鋳鍛造品（鉄）,福岡,山口,1892.4,機械展開(簡易・長崎バグ修正済)
263,鋳鍛造品（鉄）,福岡,大分,2388.4,機械展開(簡易・長崎バグ修正済)
263,鋳鍛造品（鉄）,佐賀,福岡,1535.5,機械展開(簡易・長崎バグ修正済)
263,鋳鍛造品（鉄）,長崎,福岡,542.6,機械展開(簡易・長崎バグ修正済)
263,鋳鍛造品（鉄）,熊本,福岡,426.7,機械展開(簡易・長崎バグ修正済)
263,鋳鍛造品（鉄）,山口,福岡,793.6,機械展開(簡易・長崎バグ修正済)
263,鋳鍛造品（鉄）,大分,福岡,1231.9,機械展開(簡易・長崎バグ修正済)
269,その他の鉄鋼製品,福岡,佐賀,989,機械展開(簡易・長崎バグ修正済)
269,その他の鉄鋼製品,福岡,長崎,1195.1,機械展開(簡易・長崎バグ修正済)
269,その他の鉄鋼製品,福岡,熊本,1160.3,機械展開(簡易・長崎バグ修正済)
269,その他の鉄鋼製品,福岡,宮崎,151.2,機械展開(簡易・長崎バグ修正済)
269,その他の鉄鋼製品,福岡,鹿児島,167.6,機械展開(簡易・長崎バグ修正済)
269,その他の鉄鋼製品,福岡,沖縄,34.4,機械展開(簡易・長崎バグ修正済)
269,その他の鉄鋼製品,福岡,山口,2301.3,機械展開(簡易・長崎バグ修正済)
269,その他の鉄鋼製品,福岡,大分,752.6,機械展開(簡易・長崎バグ修正済)
269,その他の鉄鋼製品,佐賀,福岡,29.3,機械展開(簡易・長崎バグ修正済)
269,その他の鉄鋼製品,佐賀,長崎,18.7,機械展開(簡易・長崎バグ修正済)
269,その他の鉄鋼製品,佐賀,熊本,16.8,機械展開(簡易・長崎バグ修正済)
269,その他の鉄鋼製品,佐賀,宮崎,1.5,機械展開(簡易・長崎バグ修正済)
269,その他の鉄鋼製品,佐賀,鹿児島,1.8,機械展開(簡易・長崎バグ修正済)
269,その他の鉄鋼製品,佐賀,山口,13.1,機械展開(簡易・長崎バグ修正済)
269,その他の鉄鋼製品,佐賀,大分,5.9,機械展開(簡易・長崎バグ修正済)
269,その他の鉄鋼製品,長崎,福岡,40.2,機械展開(簡易・長崎バグ修正済)
269,その他の鉄鋼製品,長崎,佐賀,21.2,機械展開(簡易・長崎バグ修正済)
269,その他の鉄鋼製品,長崎,熊本,73.3,機械展開(簡易・長崎バグ修正済)
269,その他の鉄鋼製品,長崎,宮崎,9.9,機械展開(簡易・長崎バグ修正済)
269,その他の鉄鋼製品,長崎,鹿児島,15.9,機械展開(簡易・長崎バグ修正済)
269,その他の鉄鋼製品,長崎,沖縄,1.9,機械展開(簡易・長崎バグ修正済)
269,その他の鉄鋼製品,長崎,山口,45.6,機械展開(簡易・長崎バグ修正済)
269,その他の鉄鋼製品,長崎,大分,21.5,機械展開(簡易・長崎バグ修正済)
269,その他の鉄鋼製品,熊本,福岡,40.6,機械展開(簡易・長崎バグ修正済)
269,その他の鉄鋼製品,熊本,佐賀,19.8,機械展開(簡易・長崎バグ修正済)
269,その他の鉄鋼製品,熊本,長崎,76.4,機械展開(簡易・長崎バグ修正済)
269,その他の鉄鋼製品,熊本,宮崎,14.2,機械展開(簡易・長崎バグ修正済)
269,その他の鉄鋼製品,熊本,鹿児島,14.4,機械展開(簡易・長崎バグ修正済)
269,その他の鉄鋼製品,熊本,沖縄,1.6,機械展開(簡易・長崎バグ修正済)
269,その他の鉄鋼製品,熊本,山口,55.1,機械展開(簡易・長崎バグ修正済)
269,その他の鉄鋼製品,熊本,大分,41.3,機械展開(簡易・長崎バグ修正済)
269,その他の鉄鋼製品,宮崎,福岡,0.6,機械展開(簡易・長崎バグ修正済)
269,その他の鉄鋼製品,宮崎,長崎,1.2,機械展開(簡易・長崎バグ修正済)
269,その他の鉄鋼製品,宮崎,熊本,1.7,機械展開(簡易・長崎バグ修正済)
269,その他の鉄鋼製品,宮崎,鹿児島,1.4,機械展開(簡易・長崎バグ修正済)
269,その他の鉄鋼製品,宮崎,山口,1.6,機械展開(簡易・長崎バグ修正済)
269,その他の鉄鋼製品,宮崎,大分,1.1,機械展開(簡易・長崎バグ修正済)
269,その他の鉄鋼製品,鹿児島,福岡,9.9,機械展開(簡易・長崎バグ修正済)
269,その他の鉄鋼製品,鹿児島,佐賀,3.5,機械展開(簡易・長崎バグ修正済)
269,その他の鉄鋼製品,鹿児島,長崎,27.8,機械展開(簡易・長崎バグ修正済)
269,その他の鉄鋼製品,鹿児島,熊本,24.1,機械展開(簡易・長崎バグ修正済)
269,その他の鉄鋼製品,鹿児島,宮崎,20.1,機械展開(簡易・長崎バグ修正済)
269,その他の鉄鋼製品,鹿児島,沖縄,2,機械展開(簡易・長崎バグ修正済)
269,その他の鉄鋼製品,鹿児島,山口,21.1,機械展開(簡易・長崎バグ修正済)
269,その他の鉄鋼製品,鹿児島,大分,12,機械展開(簡易・長崎バグ修正済)
269,その他の鉄鋼製品,山口,福岡,772.3,機械展開(簡易・長崎バグ修正済)
269,その他の鉄鋼製品,山口,佐賀,148.4,機械展開(簡易・長崎バグ修正済)
269,その他の鉄鋼製品,山口,長崎,455.4,機械展開(簡易・長崎バグ修正済)
269,その他の鉄鋼製品,山口,熊本,527.4,機械展開(簡易・長崎バグ修正済)
269,その他の鉄鋼製品,山口,宮崎,129.3,機械展開(簡易・長崎バグ修正済)
269,その他の鉄鋼製品,山口,鹿児島,120.6,機械展開(簡易・長崎バグ修正済)
269,その他の鉄鋼製品,山口,沖縄,34.2,機械展開(簡易・長崎バグ修正済)
269,その他の鉄鋼製品,山口,大分,1018.5,機械展開(簡易・長崎バグ修正済)
269,その他の鉄鋼製品,大分,福岡,9.3,機械展開(簡易・長崎バグ修正済)
269,その他の鉄鋼製品,大分,佐賀,2.4,機械展開(簡易・長崎バグ修正済)
269,その他の鉄鋼製品,大分,長崎,7.9,機械展開(簡易・長崎バグ修正済)
269,その他の鉄鋼製品,大分,熊本,14.6,機械展開(簡易・長崎バグ修正済)
269,その他の鉄鋼製品,大分,宮崎,3.5,機械展開(簡易・長崎バグ修正済)
269,その他の鉄鋼製品,大分,鹿児島,2.5,機械展開(簡易・長崎バグ修正済)
269,その他の鉄鋼製品,大分,山口,37.5,機械展開(簡易・長崎バグ修正済)
271,非鉄金属製錬・精製,福岡,大分,9409.9,機械展開(簡易・長崎バグ修正済)
271,非鉄金属製錬・精製,佐賀,大分,2864.7,機械展開(簡易・長崎バグ修正済)
271,非鉄金属製錬・精製,長崎,大分,303.8,機械展開(簡易・長崎バグ修正済)
271,非鉄金属製錬・精製,熊本,大分,872.6,機械展開(簡易・長崎バグ修正済)
271,非鉄金属製錬・精製,宮崎,大分,2.2,機械展開(簡易・長崎バグ修正済)
271,非鉄金属製錬・精製,鹿児島,大分,6062.4,機械展開(簡易・長崎バグ修正済)
271,非鉄金属製錬・精製,沖縄,大分,378.5,機械展開(簡易・長崎バグ修正済)
271,非鉄金属製錬・精製,山口,大分,3952.1,機械展開(簡易・長崎バグ修正済)
271,非鉄金属製錬・精製,大分,福岡,14744.2,機械展開(簡易・長崎バグ修正済)
271,非鉄金属製錬・精製,大分,佐賀,12068.1,機械展開(簡易・長崎バグ修正済)
271,非鉄金属製錬・精製,大分,長崎,1635.5,機械展開(簡易・長崎バグ修正済)
271,非鉄金属製錬・精製,大分,熊本,4819.7,機械展開(簡易・長崎バグ修正済)
271,非鉄金属製錬・精製,大分,宮崎,1956.4,機械展開(簡易・長崎バグ修正済)
271,非鉄金属製錬・精製,大分,鹿児島,4312.8,機械展開(簡易・長崎バグ修正済)
271,非鉄金属製錬・精製,大分,沖縄,498.7,機械展開(簡易・長崎バグ修正済)
271,非鉄金属製錬・精製,大分,山口,11082.5,機械展開(簡易・長崎バグ修正済)
272,非鉄金属加工製品,福岡,佐賀,1205.3,機械展開(簡易・長崎バグ修正済)
272,非鉄金属加工製品,福岡,長崎,626,機械展開(簡易・長崎バグ修正済)
272,非鉄金属加工製品,福岡,熊本,513.9,機械展開(簡易・長崎バグ修正済)
272,非鉄金属加工製品,福岡,宮崎,279.8,機械展開(簡易・長崎バグ修正済)
272,非鉄金属加工製品,福岡,鹿児島,659.7,機械展開(簡易・長崎バグ修正済)
272,非鉄金属加工製品,福岡,沖縄,272.2,機械展開(簡易・長崎バグ修正済)
272,非鉄金属加工製品,福岡,山口,921.4,機械展開(簡易・長崎バグ修正済)
272,非鉄金属加工製品,福岡,大分,2146.7,機械展開(簡易・長崎バグ修正済)
272,非鉄金属加工製品,佐賀,福岡,6044.3,機械展開(簡易・長崎バグ修正済)
272,非鉄金属加工製品,佐賀,長崎,995.4,機械展開(簡易・長崎バグ修正済)
272,非鉄金属加工製品,佐賀,熊本,755.3,機械展開(簡易・長崎バグ修正済)
272,非鉄金属加工製品,佐賀,宮崎,284.4,機械展開(簡易・長崎バグ修正済)
272,非鉄金属加工製品,佐賀,鹿児島,713.3,機械展開(簡易・長崎バグ修正済)
272,非鉄金属加工製品,佐賀,沖縄,239.1,機械展開(簡易・長崎バグ修正済)
272,非鉄金属加工製品,佐賀,山口,534.1,機械展開(簡易・長崎バグ修正済)
272,非鉄金属加工製品,佐賀,大分,1700.4,機械展開(簡易・長崎バグ修正済)
272,非鉄金属加工製品,長崎,福岡,0.7,機械展開(簡易・長崎バグ修正済)
272,非鉄金属加工製品,長崎,鹿児島,0.5,機械展開(簡易・長崎バグ修正済)
272,非鉄金属加工製品,長崎,大分,0.5,機械展開(簡易・長崎バグ修正済)
272,非鉄金属加工製品,熊本,福岡,199.9,機械展開(簡易・長崎バグ修正済)
272,非鉄金属加工製品,熊本,佐賀,58.6,機械展開(簡易・長崎バグ修正済)
272,非鉄金属加工製品,熊本,長崎,97.1,機械展開(簡易・長崎バグ修正済)
272,非鉄金属加工製品,熊本,宮崎,63.8,機械展開(簡易・長崎バグ修正済)
272,非鉄金属加工製品,熊本,鹿児島,137.2,機械展開(簡易・長崎バグ修正済)
272,非鉄金属加工製品,熊本,沖縄,31.3,機械展開(簡易・長崎バグ修正済)
272,非鉄金属加工製品,熊本,山口,53.5,機械展開(簡易・長崎バグ修正済)
272,非鉄金属加工製品,熊本,大分,286.1,機械展開(簡易・長崎バグ修正済)
272,非鉄金属加工製品,宮崎,福岡,17.4,機械展開(簡易・長崎バグ修正済)
272,非鉄金属加工製品,宮崎,佐賀,3.5,機械展開(簡易・長崎バグ修正済)
272,非鉄金属加工製品,宮崎,長崎,8.8,機械展開(簡易・長崎バグ修正済)
272,非鉄金属加工製品,宮崎,熊本,10.2,機械展開(簡易・長崎バグ修正済)
272,非鉄金属加工製品,宮崎,鹿児島,76.4,機械展開(簡易・長崎バグ修正済)
272,非鉄金属加工製品,宮崎,沖縄,10.2,機械展開(簡易・長崎バグ修正済)
272,非鉄金属加工製品,宮崎,山口,8.7,機械展開(簡易・長崎バグ修正済)
272,非鉄金属加工製品,宮崎,大分,45.3,機械展開(簡易・長崎バグ修正済)
272,非鉄金属加工製品,鹿児島,福岡,6,機械展開(簡易・長崎バグ修正済)
272,非鉄金属加工製品,鹿児島,佐賀,1.3,機械展開(簡易・長崎バグ修正済)
272,非鉄金属加工製品,鹿児島,長崎,4.4,機械展開(簡易・長崎バグ修正済)
272,非鉄金属加工製品,鹿児島,熊本,3.2,機械展開(簡易・長崎バグ修正済)
272,非鉄金属加工製品,鹿児島,宮崎,11.3,機械展開(簡易・長崎バグ修正済)
272,非鉄金属加工製品,鹿児島,沖縄,4.7,機械展開(簡易・長崎バグ修正済)
272,非鉄金属加工製品,鹿児島,山口,2.6,機械展開(簡易・長崎バグ修正済)
272,非鉄金属加工製品,鹿児島,大分,10.4,機械展開(簡易・長崎バグ修正済)
272,非鉄金属加工製品,沖縄,福岡,13.4,機械展開(簡易・長崎バグ修正済)
272,非鉄金属加工製品,沖縄,佐賀,2.3,機械展開(簡易・長崎バグ修正済)
272,非鉄金属加工製品,沖縄,長崎,5.8,機械展開(簡易・長崎バグ修正済)
272,非鉄金属加工製品,沖縄,熊本,4,機械展開(簡易・長崎バグ修正済)
272,非鉄金属加工製品,沖縄,宮崎,8.1,機械展開(簡易・長崎バグ修正済)
272,非鉄金属加工製品,沖縄,鹿児島,25.2,機械展開(簡易・長崎バグ修正済)
272,非鉄金属加工製品,沖縄,山口,7.8,機械展開(簡易・長崎バグ修正済)
272,非鉄金属加工製品,沖縄,大分,21.3,機械展開(簡易・長崎バグ修正済)
272,非鉄金属加工製品,山口,福岡,2181,機械展開(簡易・長崎バグ修正済)
272,非鉄金属加工製品,山口,佐賀,252.1,機械展開(簡易・長崎バグ修正済)
272,非鉄金属加工製品,山口,長崎,332.5,機械展開(簡易・長崎バグ修正済)
272,非鉄金属加工製品,山口,熊本,325.6,機械展開(簡易・長崎バグ修正済)
272,非鉄金属加工製品,山口,宮崎,333.4,機械展開(簡易・長崎バグ修正済)
272,非鉄金属加工製品,山口,鹿児島,661.9,機械展開(簡易・長崎バグ修正済)
272,非鉄金属加工製品,山口,沖縄,377,機械展開(簡易・長崎バグ修正済)
272,非鉄金属加工製品,山口,大分,4049.2,機械展開(簡易・長崎バグ修正済)
272,非鉄金属加工製品,大分,福岡,2179.2,機械展開(簡易・長崎バグ修正済)
272,非鉄金属加工製品,大分,佐賀,344.2,機械展開(簡易・長崎バグ修正済)
272,非鉄金属加工製品,大分,長崎,479.2,機械展開(簡易・長崎バグ修正済)
272,非鉄金属加工製品,大分,熊本,746.7,機械展開(簡易・長崎バグ修正済)
272,非鉄金属加工製品,大分,宮崎,740.1,機械展開(簡易・長崎バグ修正済)
272,非鉄金属加工製品,大分,鹿児島,1151.5,機械展開(簡易・長崎バグ修正済)
272,非鉄金属加工製品,大分,沖縄,440.3,機械展開(簡易・長崎バグ修正済)
272,非鉄金属加工製品,大分,山口,1736.6,機械展開(簡易・長崎バグ修正済)
281,建設用・建築用金属製品,福岡,佐賀,1205.3,機械展開(簡易・長崎バグ修正済)
281,建設用・建築用金属製品,福岡,長崎,1128.7,機械展開(簡易・長崎バグ修正済)
281,建設用・建築用金属製品,福岡,熊本,2163.5,機械展開(簡易・長崎バグ修正済)
281,建設用・建築用金属製品,福岡,宮崎,491.4,機械展開(簡易・長崎バグ修正済)
281,建設用・建築用金属製品,福岡,鹿児島,1137.2,機械展開(簡易・長崎バグ修正済)
281,建設用・建築用金属製品,福岡,沖縄,1889,機械展開(簡易・長崎バグ修正済)
281,建設用・建築用金属製品,福岡,山口,2828.1,機械展開(簡易・長崎バグ修正済)
281,建設用・建築用金属製品,福岡,大分,449.9,機械展開(簡易・長崎バグ修正済)
281,建設用・建築用金属製品,佐賀,福岡,668.9,機械展開(簡易・長崎バグ修正済)
281,建設用・建築用金属製品,佐賀,長崎,123.7,機械展開(簡易・長崎バグ修正済)
281,建設用・建築用金属製品,佐賀,熊本,219.1,機械展開(簡易・長崎バグ修正済)
281,建設用・建築用金属製品,佐賀,宮崎,34.4,機械展開(簡易・長崎バグ修正済)
281,建設用・建築用金属製品,佐賀,鹿児島,84.7,機械展開(簡易・長崎バグ修正済)
281,建設用・建築用金属製品,佐賀,沖縄,114.3,機械展開(簡易・長崎バグ修正済)
281,建設用・建築用金属製品,佐賀,山口,112.9,機械展開(簡易・長崎バグ修正済)
281,建設用・建築用金属製品,佐賀,大分,24.6,機械展開(簡易・長崎バグ修正済)
281,建設用・建築用金属製品,長崎,福岡,88.9,機械展開(簡易・長崎バグ修正済)
281,建設用・建築用金属製品,長崎,佐賀,17.5,機械展開(簡易・長崎バグ修正済)
281,建設用・建築用金属製品,長崎,熊本,92.9,機械展開(簡易・長崎バグ修正済)
281,建設用・建築用金属製品,長崎,宮崎,22,機械展開(簡易・長崎バグ修正済)
281,建設用・建築用金属製品,長崎,鹿児島,73.2,機械展開(簡易・長崎バグ修正済)
281,建設用・建築用金属製品,長崎,沖縄,72.5,機械展開(簡易・長崎バグ修正済)
281,建設用・建築用金属製品,長崎,山口,38.1,機械展開(簡易・長崎バグ修正済)
281,建設用・建築用金属製品,長崎,大分,8.7,機械展開(簡易・長崎バグ修正済)
281,建設用・建築用金属製品,熊本,福岡,2877.4,機械展開(簡易・長崎バグ修正済)
281,建設用・建築用金属製品,熊本,佐賀,525,機械展開(簡易・長崎バグ修正済)
281,建設用・建築用金属製品,熊本,長崎,1568.5,機械展開(簡易・長崎バグ修正済)
281,建設用・建築用金属製品,熊本,宮崎,1003.7,機械展開(簡易・長崎バグ修正済)
281,建設用・建築用金属製品,熊本,鹿児島,2119.5,機械展開(簡易・長崎バグ修正済)
281,建設用・建築用金属製品,熊本,沖縄,1947.4,機械展開(簡易・長崎バグ修正済)
281,建設用・建築用金属製品,熊本,山口,1471.6,機械展開(簡易・長崎バグ修正済)
281,建設用・建築用金属製品,熊本,大分,537.3,機械展開(簡易・長崎バグ修正済)
281,建設用・建築用金属製品,宮崎,福岡,27,機械展開(簡易・長崎バグ修正済)
281,建設用・建築用金属製品,宮崎,佐賀,3.4,機械展開(簡易・長崎バグ修正済)
281,建設用・建築用金属製品,宮崎,長崎,15.3,機械展開(簡易・長崎バグ修正済)
281,建設用・建築用金属製品,宮崎,熊本,41.5,機械展開(簡易・長崎バグ修正済)
281,建設用・建築用金属製品,宮崎,鹿児島,127.5,機械展開(簡易・長崎バグ修正済)
281,建設用・建築用金属製品,宮崎,沖縄,68.7,機械展開(簡易・長崎バグ修正済)
281,建設用・建築用金属製品,宮崎,山口,26,機械展開(簡易・長崎バグ修正済)
281,建設用・建築用金属製品,宮崎,大分,9.2,機械展開(簡易・長崎バグ修正済)
281,建設用・建築用金属製品,鹿児島,福岡,70.5,機械展開(簡易・長崎バグ修正済)
281,建設用・建築用金属製品,鹿児島,佐賀,9.5,機械展開(簡易・長崎バグ修正済)
281,建設用・建築用金属製品,鹿児島,長崎,57.6,機械展開(簡易・長崎バグ修正済)
281,建設用・建築用金属製品,鹿児島,熊本,98.8,機械展開(簡易・長崎バグ修正済)
281,建設用・建築用金属製品,鹿児島,宮崎,143.8,機械展開(簡易・長崎バグ修正済)
281,建設用・建築用金属製品,鹿児島,沖縄,236.4,機械展開(簡易・長崎バグ修正済)
281,建設用・建築用金属製品,鹿児島,山口,57.1,機械展開(簡易・長崎バグ修正済)
281,建設用・建築用金属製品,鹿児島,大分,15.8,機械展開(簡易・長崎バグ修正済)
281,建設用・建築用金属製品,沖縄,鹿児島,0.8,機械展開(簡易・長崎バグ修正済)
281,建設用・建築用金属製品,山口,福岡,3443.5,機械展開(簡易・長崎バグ修正済)
281,建設用・建築用金属製品,山口,佐賀,247.8,機械展開(簡易・長崎バグ修正済)
281,建設用・建築用金属製品,山口,長崎,589.2,機械展開(簡易・長崎バグ修正済)
281,建設用・建築用金属製品,山口,熊本,1347.3,機械展開(簡易・長崎バグ修正済)
281,建設用・建築用金属製品,山口,宮崎,575.6,機械展開(簡易・長崎バグ修正済)
281,建設用・建築用金属製品,山口,鹿児島,1121.2,機械展開(簡易・長崎バグ修正済)
281,建設用・建築用金属製品,山口,沖縄,2570.8,機械展開(簡易・長崎バグ修正済)
281,建設用・建築用金属製品,山口,大分,834.1,機械展開(簡易・長崎バグ修正済)
281,建設用・建築用金属製品,大分,福岡,134.5,機械展開(簡易・長崎バグ修正済)
281,建設用・建築用金属製品,大分,佐賀,13.2,機械展開(簡易・長崎バグ修正済)
281,建設用・建築用金属製品,大分,長崎,33.2,機械展開(簡易・長崎バグ修正済)
281,建設用・建築用金属製品,大分,熊本,120.8,機械展開(簡易・長崎バグ修正済)
281,建設用・建築用金属製品,大分,宮崎,50,機械展開(簡易・長崎バグ修正済)
281,建設用・建築用金属製品,大分,鹿児島,76.3,機械展開(簡易・長崎バグ修正済)
281,建設用・建築用金属製品,大分,沖縄,117.4,機械展開(簡易・長崎バグ修正済)
281,建設用・建築用金属製品,大分,山口,204.8,機械展開(簡易・長崎バグ修正済)
289,その他の金属製品,福岡,佐賀,1526.6,機械展開(簡易・長崎バグ修正済)
289,その他の金属製品,福岡,長崎,2450.8,機械展開(簡易・長崎バグ修正済)
289,その他の金属製品,福岡,熊本,2811.1,機械展開(簡易・長崎バグ修正済)
289,その他の金属製品,福岡,宮崎,1277.4,機械展開(簡易・長崎バグ修正済)
289,その他の金属製品,福岡,鹿児島,1983.6,機械展開(簡易・長崎バグ修正済)
289,その他の金属製品,福岡,沖縄,1486,機械展開(簡易・長崎バグ修正済)
289,その他の金属製品,福岡,山口,5350.2,機械展開(簡易・長崎バグ修正済)
289,その他の金属製品,福岡,大分,3049.8,機械展開(簡易・長崎バグ修正済)
289,その他の金属製品,佐賀,福岡,3830.8,機械展開(簡易・長崎バグ修正済)
289,その他の金属製品,佐賀,長崎,376.1,機械展開(簡易・長崎バグ修正済)
289,その他の金属製品,佐賀,熊本,398.7,機械展開(簡易・長崎バグ修正済)
289,その他の金属製品,佐賀,宮崎,125.3,機械展開(簡易・長崎バグ修正済)
289,その他の金属製品,佐賀,鹿児島,206.9,機械展開(簡易・長崎バグ修正済)
289,その他の金属製品,佐賀,沖縄,125.9,機械展開(簡易・長崎バグ修正済)
289,その他の金属製品,佐賀,山口,299.3,機械展開(簡易・長崎バグ修正済)
289,その他の金属製品,佐賀,大分,233.1,機械展開(簡易・長崎バグ修正済)
289,その他の金属製品,長崎,福岡,1767.2,機械展開(簡易・長崎バグ修正済)
289,その他の金属製品,長崎,佐賀,108.1,機械展開(簡易・長崎バグ修正済)
289,その他の金属製品,長崎,熊本,586.8,機械展開(簡易・長崎バグ修正済)
289,その他の金属製品,長崎,宮崎,277.6,機械展開(簡易・長崎バグ修正済)
289,その他の金属製品,長崎,鹿児島,621.1,機械展開(簡易・長崎バグ修正済)
289,その他の金属製品,長崎,沖縄,277.4,機械展開(簡易・長崎バグ修正済)
289,その他の金属製品,長崎,山口,350.5,機械展開(簡易・長崎バグ修正済)
289,その他の金属製品,長崎,大分,288.2,機械展開(簡易・長崎バグ修正済)
289,その他の金属製品,熊本,福岡,1329.6,機械展開(簡易・長崎バグ修正済)
289,その他の金属製品,熊本,佐賀,75.1,機械展開(簡易・長崎バグ修正済)
289,その他の金属製品,熊本,長崎,384.9,機械展開(簡易・長崎バグ修正済)
289,その他の金属製品,熊本,宮崎,294.8,機械展開(簡易・長崎バグ修正済)
289,その他の金属製品,熊本,鹿児島,417.8,機械展開(簡易・長崎バグ修正済)
289,その他の金属製品,熊本,沖縄,173.1,機械展開(簡易・長崎バグ修正済)
289,その他の金属製品,熊本,山口,314.6,機械展開(簡易・長崎バグ修正済)
289,その他の金属製品,熊本,大分,411.6,機械展開(簡易・長崎バグ修正済)
289,その他の金属製品,宮崎,福岡,276.8,機械展開(簡易・長崎バグ修正済)
289,その他の金属製品,宮崎,佐賀,10.8,機械展開(簡易・長崎バグ修正済)
289,その他の金属製品,宮崎,長崎,83.4,機械展開(簡易・長崎バグ修正済)
289,その他の金属製品,宮崎,熊本,135.1,機械展開(簡易・長崎バグ修正済)
289,その他の金属製品,宮崎,鹿児島,557.4,機械展開(簡易・長崎バグ修正済)
289,その他の金属製品,宮崎,沖縄,135.5,機械展開(簡易・長崎バグ修正済)
289,その他の金属製品,宮崎,山口,123.2,機械展開(簡易・長崎バグ修正済)
289,その他の金属製品,宮崎,大分,156,機械展開(簡易・長崎バグ修正済)
289,その他の金属製品,鹿児島,福岡,528.9,機械展開(簡易・長崎バグ修正済)
289,その他の金属製品,鹿児島,佐賀,22,機械展開(簡易・長崎バグ修正済)
289,その他の金属製品,鹿児島,長崎,229.7,機械展開(簡易・長崎バグ修正済)
289,その他の金属製品,鹿児島,熊本,235.5,機械展開(簡易・長崎バグ修正済)
289,その他の金属製品,鹿児島,宮崎,686,機械展開(簡易・長崎バグ修正済)
289,その他の金属製品,鹿児島,沖縄,341.3,機械展開(簡易・長崎バグ修正済)
289,その他の金属製品,鹿児島,山口,198.2,機械展開(簡易・長崎バグ修正済)
289,その他の金属製品,鹿児島,大分,196.7,機械展開(簡易・長崎バグ修正済)
289,その他の金属製品,沖縄,福岡,8.5,機械展開(簡易・長崎バグ修正済)
289,その他の金属製品,沖縄,長崎,2.2,機械展開(簡易・長崎バグ修正済)
289,その他の金属製品,沖縄,熊本,2.1,機械展開(簡易・長崎バグ修正済)
289,その他の金属製品,沖縄,宮崎,3.6,機械展開(簡易・長崎バグ修正済)
289,その他の金属製品,沖縄,鹿児島,7.3,機械展開(簡易・長崎バグ修正済)
289,その他の金属製品,沖縄,山口,4.4,機械展開(簡易・長崎バグ修正済)
289,その他の金属製品,沖縄,大分,2.9,機械展開(簡易・長崎バグ修正済)
289,その他の金属製品,山口,福岡,4462.8,機械展開(簡易・長崎バグ修正済)
289,その他の金属製品,山口,佐賀,99.5,機械展開(簡易・長崎バグ修正済)
289,その他の金属製品,山口,長崎,405.5,機械展開(簡易・長崎バグ修正済)
289,その他の金属製品,山口,熊本,554.9,機械展開(簡易・長崎バグ修正済)
289,その他の金属製品,山口,宮崎,474.3,機械展開(簡易・長崎バグ修正済)
289,その他の金属製品,山口,鹿児島,619.9,機械展開(簡易・長崎バグ修正済)
289,その他の金属製品,山口,沖縄,641,機械展開(簡易・長崎バグ修正済)
289,その他の金属製品,山口,大分,1792.1,機械展開(簡易・長崎バグ修正済)
289,その他の金属製品,大分,福岡,998.2,機械展開(簡易・長崎バグ修正済)
289,その他の金属製品,大分,佐賀,30.4,機械展開(簡易・長崎バグ修正済)
289,その他の金属製品,大分,長崎,130.8,機械展開(簡易・長崎バグ修正済)
289,その他の金属製品,大分,熊本,284.9,機械展開(簡易・長崎バグ修正済)
289,その他の金属製品,大分,宮崎,235.6,機械展開(簡易・長崎バグ修正済)
289,その他の金属製品,大分,鹿児島,241.5,機械展開(簡易・長崎バグ修正済)
289,その他の金属製品,大分,沖縄,167.6,機械展開(簡易・長崎バグ修正済)
289,その他の金属製品,大分,山口,703.2,機械展開(簡易・長崎バグ修正済)
291,はん用機械,福岡,佐賀,1291.7,機械展開(簡易・長崎バグ修正済)
291,はん用機械,福岡,長崎,4315.9,機械展開(簡易・長崎バグ修正済)
291,はん用機械,福岡,熊本,1128.4,機械展開(簡易・長崎バグ修正済)
291,はん用機械,福岡,宮崎,349.3,機械展開(簡易・長崎バグ修正済)
291,はん用機械,福岡,鹿児島,989.9,機械展開(簡易・長崎バグ修正済)
291,はん用機械,福岡,沖縄,677.2,機械展開(簡易・長崎バグ修正済)
291,はん用機械,福岡,山口,3641.2,機械展開(簡易・長崎バグ修正済)
291,はん用機械,福岡,大分,1667.1,機械展開(簡易・長崎バグ修正済)
291,はん用機械,佐賀,福岡,633.2,機械展開(簡易・長崎バグ修正済)
291,はん用機械,佐賀,長崎,206,機械展開(簡易・長崎バグ修正済)
291,はん用機械,佐賀,熊本,49.8,機械展開(簡易・長崎バグ修正済)
291,はん用機械,佐賀,宮崎,10.7,機械展開(簡易・長崎バグ修正済)
291,はん用機械,佐賀,鹿児島,32.1,機械展開(簡易・長崎バグ修正済)
291,はん用機械,佐賀,沖縄,17.9,機械展開(簡易・長崎バグ修正済)
291,はん用機械,佐賀,山口,63.4,機械展開(簡易・長崎バグ修正済)
291,はん用機械,佐賀,大分,39.6,機械展開(簡易・長崎バグ修正済)
291,はん用機械,長崎,福岡,13693.2,機械展開(簡易・長崎バグ修正済)
291,はん用機械,長崎,佐賀,1333.5,機械展開(簡易・長崎バグ修正済)
291,はん用機械,長崎,熊本,3435.3,機械展開(簡易・長崎バグ修正済)
291,はん用機械,長崎,宮崎,1107,機械展開(簡易・長崎バグ修正済)
291,はん用機械,長崎,鹿児島,4521,機械展開(簡易・長崎バグ修正済)
291,はん用機械,長崎,沖縄,1843.8,機械展開(簡易・長崎バグ修正済)
291,はん用機械,長崎,山口,3479.6,機械展開(簡易・長崎バグ修正済)
291,はん用機械,長崎,大分,2298.1,機械展開(簡易・長崎バグ修正済)
291,はん用機械,熊本,福岡,332,機械展開(簡易・長崎バグ修正済)
291,はん用機械,熊本,佐賀,29.9,機械展開(簡易・長崎バグ修正済)
291,はん用機械,熊本,長崎,318.6,機械展開(簡易・長崎バグ修正済)
291,はん用機械,熊本,宮崎,37.9,機械展開(簡易・長崎バグ修正済)
291,はん用機械,熊本,鹿児島,98,機械展開(簡易・長崎バグ修正済)
291,はん用機械,熊本,沖縄,37.1,機械展開(簡易・長崎バグ修正済)
291,はん用機械,熊本,山口,100.6,機械展開(簡易・長崎バグ修正済)
291,はん用機械,熊本,大分,105.8,機械展開(簡易・長崎バグ修正済)
291,はん用機械,宮崎,福岡,140.4,機械展開(簡易・長崎バグ修正済)
291,はん用機械,宮崎,佐賀,8.7,機械展開(簡易・長崎バグ修正済)
291,はん用機械,宮崎,長崎,140.3,機械展開(簡易・長崎バグ修正済)
291,はん用機械,宮崎,熊本,51.8,機械展開(簡易・長崎バグ修正済)
291,はん用機械,宮崎,鹿児島,265.7,機械展開(簡易・長崎バグ修正済)
291,はん用機械,宮崎,沖縄,59,機械展開(簡易・長崎バグ修正済)
291,はん用機械,宮崎,山口,80.1,機械展開(簡易・長崎バグ修正済)
291,はん用機械,宮崎,大分,81.4,機械展開(簡易・長崎バグ修正済)
291,はん用機械,鹿児島,福岡,100.4,機械展開(簡易・長崎バグ修正済)
291,はん用機械,鹿児島,佐賀,6.7,機械展開(簡易・長崎バグ修正済)
291,はん用機械,鹿児島,長崎,144.6,機械展開(簡易・長崎バグ修正済)
291,はん用機械,鹿児島,熊本,33.8,機械展開(簡易・長崎バグ修正済)
291,はん用機械,鹿児島,宮崎,67.1,機械展開(簡易・長崎バグ修正済)
291,はん用機械,鹿児島,沖縄,55.6,機械展開(簡易・長崎バグ修正済)
291,はん用機械,鹿児島,山口,48.2,機械展開(簡易・長崎バグ修正済)
291,はん用機械,鹿児島,大分,38.4,機械展開(簡易・長崎バグ修正済)
291,はん用機械,沖縄,福岡,3.2,機械展開(簡易・長崎バグ修正済)
291,はん用機械,沖縄,長崎,2.8,機械展開(簡易・長崎バグ修正済)
291,はん用機械,沖縄,熊本,0.6,機械展開(簡易・長崎バグ修正済)
291,はん用機械,沖縄,宮崎,0.7,機械展開(簡易・長崎バグ修正済)
291,はん用機械,沖縄,鹿児島,2.6,機械展開(簡易・長崎バグ修正済)
291,はん用機械,沖縄,山口,2.2,機械展開(簡易・長崎バグ修正済)
291,はん用機械,沖縄,大分,1.2,機械展開(簡易・長崎バグ修正済)
291,はん用機械,山口,福岡,5121.8,機械展開(簡易・長崎バグ修正済)
291,はん用機械,山口,佐賀,181.8,機械展開(簡易・長崎バグ修正済)
291,はん用機械,山口,長崎,1542.7,機械展開(簡易・長崎バグ修正済)
291,はん用機械,山口,熊本,481.2,機械展開(簡易・長崎バグ修正済)
291,はん用機械,山口,宮崎,280.1,機械展開(簡易・長崎バグ修正済)
291,はん用機械,山口,鹿児島,668.3,機械展開(簡易・長崎バグ修正済)
291,はん用機械,山口,沖縄,631,機械展開(簡易・長崎バグ修正済)
291,はん用機械,山口,大分,2116.3,機械展開(簡易・長崎バグ修正済)
291,はん用機械,大分,福岡,1909.2,機械展開(簡易・長崎バグ修正済)
291,はん用機械,大分,佐賀,92.6,機械展開(簡易・長崎バグ修正済)
291,はん用機械,大分,長崎,829.5,機械展開(簡易・長崎バグ修正済)
291,はん用機械,大分,熊本,411.7,機械展開(簡易・長崎バグ修正済)
291,はん用機械,大分,宮崎,232,機械展開(簡易・長崎バグ修正済)
291,はん用機械,大分,鹿児島,433.8,機械展開(簡易・長崎バグ修正済)
291,はん用機械,大分,沖縄,275,機械展開(簡易・長崎バグ修正済)
291,はん用機械,大分,山口,1722.9,機械展開(簡易・長崎バグ修正済)
301,生産用機械,福岡,佐賀,3492.9,機械展開(簡易・長崎バグ修正済)
301,生産用機械,福岡,長崎,3446.2,機械展開(簡易・長崎バグ修正済)
301,生産用機械,福岡,熊本,5515.7,機械展開(簡易・長崎バグ修正済)
301,生産用機械,福岡,宮崎,1690.8,機械展開(簡易・長崎バグ修正済)
301,生産用機械,福岡,鹿児島,2598.4,機械展開(簡易・長崎バグ修正済)
301,生産用機械,福岡,沖縄,1642.9,機械展開(簡易・長崎バグ修正済)
301,生産用機械,福岡,山口,10571.7,機械展開(簡易・長崎バグ修正済)
301,生産用機械,福岡,大分,6049.6,機械展開(簡易・長崎バグ修正済)
301,生産用機械,佐賀,福岡,3625.3,機械展開(簡易・長崎バグ修正済)
301,生産用機械,佐賀,長崎,204.7,機械展開(簡易・長崎バグ修正済)
301,生産用機械,佐賀,熊本,302.9,機械展開(簡易・長崎バグ修正済)
301,生産用機械,佐賀,宮崎,64.2,機械展開(簡易・長崎バグ修正済)
301,生産用機械,佐賀,鹿児島,105,機械展開(簡易・長崎バグ修正済)
301,生産用機械,佐賀,沖縄,53.9,機械展開(簡易・長崎バグ修正済)
301,生産用機械,佐賀,山口,229,機械展開(簡易・長崎バグ修正済)
301,生産用機械,佐賀,大分,179,機械展開(簡易・長崎バグ修正済)
301,生産用機械,長崎,福岡,1845.2,機械展開(簡易・長崎バグ修正済)
301,生産用機械,長崎,佐賀,105.6,機械展開(簡易・長崎バグ修正済)
301,生産用機械,長崎,熊本,491.8,機械展開(簡易・長崎バグ修正済)
301,生産用機械,長崎,宮崎,157,機械展開(簡易・長崎バグ修正済)
301,生産用機械,長崎,鹿児島,347.6,機械展開(簡易・長崎バグ修正済)
301,生産用機械,長崎,沖縄,131,機械展開(簡易・長崎バグ修正済)
301,生産用機械,長崎,山口,295.9,機械展開(簡易・長崎バグ修正済)
301,生産用機械,長崎,大分,244.3,機械展開(簡易・長崎バグ修正済)
301,生産用機械,熊本,福岡,8143.8,機械展開(簡易・長崎バグ修正済)
301,生産用機械,熊本,佐賀,430.9,機械展開(簡易・長崎バグ修正済)
301,生産用機械,熊本,長崎,1356.3,機械展開(簡易・長崎バグ修正済)
301,生産用機械,熊本,宮崎,978,機械展開(簡易・長崎バグ修正済)
301,生産用機械,熊本,鹿児島,1371.6,機械展開(簡易・長崎バグ修正済)
301,生産用機械,熊本,沖縄,479.7,機械展開(簡易・長崎バグ修正済)
301,生産用機械,熊本,山口,1558,機械展開(簡易・長崎バグ修正済)
301,生産用機械,熊本,大分,2046.4,機械展開(簡易・長崎バグ修正済)
301,生産用機械,宮崎,福岡,1147.7,機械展開(簡易・長崎バグ修正済)
301,生産用機械,宮崎,佐賀,42,機械展開(簡易・長崎バグ修正済)
301,生産用機械,宮崎,長崎,199,機械展開(簡易・長崎バグ修正済)
301,生産用機械,宮崎,熊本,449.6,機械展開(簡易・長崎バグ修正済)
301,生産用機械,宮崎,鹿児島,1238.9,機械展開(簡易・長崎バグ修正済)
301,生産用機械,宮崎,沖縄,254.2,機械展開(簡易・長崎バグ修正済)
301,生産用機械,宮崎,山口,413,機械展開(簡易・長崎バグ修正済)
301,生産用機械,宮崎,大分,525,機械展開(簡易・長崎バグ修正済)
301,生産用機械,鹿児島,福岡,2756.4,機械展開(簡易・長崎バグ修正済)
301,生産用機械,鹿児島,佐賀,107.3,機械展開(簡易・長崎バグ修正済)
301,生産用機械,鹿児島,長崎,688.6,機械展開(簡易・長崎バグ修正済)
301,生産用機械,鹿児島,熊本,985.5,機械展開(簡易・長崎バグ修正済)
301,生産用機械,鹿児島,宮崎,1936.1,機械展開(簡易・長崎バグ修正済)
301,生産用機械,鹿児島,沖縄,804.5,機械展開(簡易・長崎バグ修正済)
301,生産用機械,鹿児島,山口,834.9,機械展開(簡易・長崎バグ修正済)
301,生産用機械,鹿児島,大分,832,機械展開(簡易・長崎バグ修正済)
301,生産用機械,沖縄,福岡,72.5,機械展開(簡易・長崎バグ修正済)
301,生産用機械,沖縄,佐賀,2.3,機械展開(簡易・長崎バグ修正済)
301,生産用機械,沖縄,長崎,10.8,機械展開(簡易・長崎バグ修正済)
301,生産用機械,沖縄,熊本,14.3,機械展開(簡易・長崎バグ修正済)
301,生産用機械,沖縄,宮崎,16.5,機械展開(簡易・長崎バグ修正済)
301,生産用機械,沖縄,鹿児島,33.5,機械展開(簡易・長崎バグ修正済)
301,生産用機械,沖縄,山口,30.3,機械展開(簡易・長崎バグ修正済)
301,生産用機械,沖縄,大分,20.3,機械展開(簡易・長崎バグ修正済)
301,生産用機械,山口,福岡,6501.3,機械展開(簡易・長崎バグ修正済)
301,生産用機械,山口,佐賀,135.7,機械展開(簡易・長崎バグ修正済)
301,生産用機械,山口,長崎,339.9,機械展開(簡易・長崎バグ修正済)
301,生産用機械,山口,熊本,648.9,機械展開(簡易・長崎バグ修正済)
301,生産用機械,山口,宮崎,374.2,機械展開(簡易・長崎バグ修正済)
301,生産用機械,山口,鹿児島,484,機械展開(簡易・長崎バグ修正済)
301,生産用機械,山口,沖縄,422.4,機械展開(簡易・長崎バグ修正済)
301,生産用機械,山口,大分,2118.9,機械展開(簡易・長崎バグ修正済)
301,生産用機械,大分,福岡,1630,機械展開(簡易・長崎バグ修正済)
301,生産用機械,大分,佐賀,46.5,機械展開(簡易・長崎バグ修正済)
301,生産用機械,大分,長崎,122.9,機械展開(簡易・長崎バグ修正済)
301,生産用機械,大分,熊本,373.4,機械展開(簡易・長崎バグ修正済)
301,生産用機械,大分,宮崎,208.4,機械展開(簡易・長崎バグ修正済)
301,生産用機械,大分,鹿児島,211.3,機械展開(簡易・長崎バグ修正済)
301,生産用機械,大分,沖縄,123.8,機械展開(簡易・長崎バグ修正済)
301,生産用機械,大分,山口,928.3,機械展開(簡易・長崎バグ修正済)
311,業務用機械,福岡,佐賀,430.9,機械展開(簡易・長崎バグ修正済)
311,業務用機械,福岡,長崎,415.1,機械展開(簡易・長崎バグ修正済)
311,業務用機械,福岡,熊本,339.9,機械展開(簡易・長崎バグ修正済)
311,業務用機械,福岡,宮崎,86.5,機械展開(簡易・長崎バグ修正済)
311,業務用機械,福岡,鹿児島,383.8,機械展開(簡易・長崎バグ修正済)
311,業務用機械,福岡,沖縄,272.5,機械展開(簡易・長崎バグ修正済)
311,業務用機械,福岡,山口,258.2,機械展開(簡易・長崎バグ修正済)
311,業務用機械,福岡,大分,1039.2,機械展開(簡易・長崎バグ修正済)
311,業務用機械,佐賀,福岡,119.8,機械展開(簡易・長崎バグ修正済)
311,業務用機械,佐賀,長崎,13.6,機械展開(簡易・長崎バグ修正済)
311,業務用機械,佐賀,熊本,10.3,機械展開(簡易・長崎バグ修正済)
311,業務用機械,佐賀,宮崎,1.8,機械展開(簡易・長崎バグ修正済)
311,業務用機械,佐賀,鹿児島,8.5,機械展開(簡易・長崎バグ修正済)
311,業務用機械,佐賀,沖縄,4.9,機械展開(簡易・長崎バグ修正済)
311,業務用機械,佐賀,山口,3.1,機械展開(簡易・長崎バグ修正済)
311,業務用機械,佐賀,大分,17,機械展開(簡易・長崎バグ修正済)
311,業務用機械,長崎,福岡,2644.9,機械展開(簡易・長崎バグ修正済)
311,業務用機械,長崎,佐賀,311.8,機械展開(簡易・長崎バグ修正済)
311,業務用機械,長崎,熊本,725.2,機械展開(簡易・長崎バグ修正済)
311,業務用機械,長崎,宮崎,192.1,機械展開(簡易・長崎バグ修正済)
311,業務用機械,長崎,鹿児島,1228.4,機械展開(簡易・長崎バグ修正済)
311,業務用機械,長崎,沖縄,520.1,機械展開(簡易・長崎バグ修正済)
311,業務用機械,長崎,山口,173,機械展開(簡易・長崎バグ修正済)
311,業務用機械,長崎,大分,1003.9,機械展開(簡易・長崎バグ修正済)
311,業務用機械,熊本,福岡,83.9,機械展開(簡易・長崎バグ修正済)
311,業務用機械,熊本,佐賀,9.1,機械展開(簡易・長崎バグ修正済)
311,業務用機械,熊本,長崎,28.1,機械展開(簡易・長崎バグ修正済)
311,業務用機械,熊本,宮崎,8.6,機械展開(簡易・長崎バグ修正済)
311,業務用機械,熊本,鹿児島,34.9,機械展開(簡易・長崎バグ修正済)
311,業務用機械,熊本,沖縄,13.7,機械展開(簡易・長崎バグ修正済)
311,業務用機械,熊本,山口,6.5,機械展開(簡易・長崎バグ修正済)
311,業務用機械,熊本,大分,60.5,機械展開(簡易・長崎バグ修正済)
311,業務用機械,宮崎,福岡,637.6,機械展開(簡易・長崎バグ修正済)
311,業務用機械,宮崎,佐賀,48.1,機械展開(簡易・長崎バグ修正済)
311,業務用機械,宮崎,長崎,222.3,機械展開(簡易・長崎バグ修正済)
311,業務用機械,宮崎,熊本,256.9,機械展開(簡易・長崎バグ修正済)
311,業務用機械,宮崎,鹿児島,1697,機械展開(簡易・長崎バグ修正済)
311,業務用機械,宮崎,沖縄,391.1,機械展開(簡易・長崎バグ修正済)
311,業務用機械,宮崎,山口,93.6,機械展開(簡易・長崎バグ修正済)
311,業務用機械,宮崎,大分,836.4,機械展開(簡易・長崎バグ修正済)
311,業務用機械,鹿児島,福岡,154.3,機械展開(簡易・長崎バグ修正済)
311,業務用機械,鹿児島,佐賀,12.4,機械展開(簡易・長崎バグ修正済)
311,業務用機械,鹿児島,長崎,77.5,機械展開(簡易・長崎バグ修正済)
311,業務用機械,鹿児島,熊本,56.7,機械展開(簡易・長崎バグ修正済)
311,業務用機械,鹿児島,宮崎,92.5,機械展開(簡易・長崎バグ修正済)
311,業務用機械,鹿児島,沖縄,124.7,機械展開(簡易・長崎バグ修正済)
311,業務用機械,鹿児島,山口,19.1,機械展開(簡易・長崎バグ修正済)
311,業務用機械,鹿児島,大分,133.5,機械展開(簡易・長崎バグ修正済)
311,業務用機械,沖縄,福岡,72,機械展開(簡易・長崎バグ修正済)
311,業務用機械,沖縄,佐賀,4.7,機械展開(簡易・長崎バグ修正済)
311,業務用機械,沖縄,長崎,21.6,機械展開(簡易・長崎バグ修正済)
311,業務用機械,沖縄,熊本,14.6,機械展開(簡易・長崎バグ修正済)
311,業務用機械,沖縄,宮崎,14,機械展開(簡易・長崎バグ修正済)
311,業務用機械,沖縄,鹿児島,81.9,機械展開(簡易・長崎バグ修正済)
311,業務用機械,沖縄,山口,12.3,機械展開(簡易・長崎バグ修正済)
311,業務用機械,沖縄,大分,57.7,機械展開(簡易・長崎バグ修正済)
311,業務用機械,山口,福岡,1894.2,機械展開(簡易・長崎バグ修正済)
311,業務用機械,山口,佐賀,81.4,機械展開(簡易・長崎バグ修正済)
311,業務用機械,山口,長崎,199.1,機械展開(簡易・長崎バグ修正済)
311,業務用機械,山口,熊本,194.5,機械展開(簡易・長崎バグ修正済)
311,業務用機械,山口,宮崎,93.1,機械展開(簡易・長崎バグ修正済)
311,業務用機械,山口,鹿児島,347.7,機械展開(簡易・長崎バグ修正済)
311,業務用機械,山口,沖縄,340.8,機械展開(簡易・長崎バグ修正済)
311,業務用機械,山口,大分,1770.2,機械展開(簡易・長崎バグ修正済)
311,業務用機械,大分,福岡,7425.1,機械展開(簡易・長崎バグ修正済)
311,業務用機械,大分,佐賀,436,機械展開(簡易・長崎バグ修正済)
311,業務用機械,大分,長崎,1125.8,機械展開(簡易・長崎バグ修正済)
311,業務用機械,大分,熊本,1749.8,機械展開(簡易・長崎バグ修正済)
311,業務用機械,大分,宮崎,810.7,機械展開(簡易・長崎バグ修正済)
311,業務用機械,大分,鹿児島,2373.3,機械展開(簡易・長崎バグ修正済)
311,業務用機械,大分,沖縄,1561.9,機械展開(簡易・長崎バグ修正済)
311,業務用機械,大分,山口,1724.3,機械展開(簡易・長崎バグ修正済)
321,電子デバイス,福岡,佐賀,18.9,実測按分(高精度)
321,電子デバイス,福岡,長崎,33.9,実測按分(高精度)
321,電子デバイス,福岡,熊本,109.4,実測按分(高精度)
321,電子デバイス,福岡,宮崎,14.4,実測按分(高精度)
321,電子デバイス,福岡,鹿児島,45.7,実測按分(高精度)
321,電子デバイス,福岡,沖縄,1.9,実測按分(高精度)
321,電子デバイス,福岡,山口,5.4,実測按分(高精度)
321,電子デバイス,福岡,大分,2581.6,実測按分(高精度)
321,電子デバイス,佐賀,福岡,45.1,実測按分(高精度)
321,電子デバイス,佐賀,長崎,18.3,実測按分(高精度)
321,電子デバイス,佐賀,熊本,54.7,実測按分(高精度)
321,電子デバイス,佐賀,宮崎,5,実測按分(高精度)
321,電子デバイス,佐賀,鹿児島,16.8,実測按分(高精度)
321,電子デバイス,佐賀,沖縄,0.6,実測按分(高精度)
321,電子デバイス,佐賀,山口,1.1,実測按分(高精度)
321,電子デバイス,佐賀,大分,695.6,実測按分(高精度)
321,電子デバイス,長崎,福岡,424.2,実測按分(高精度)
321,電子デバイス,長崎,佐賀,96.2,実測按分(高精度)
321,電子デバイス,長崎,熊本,1639.5,実測按分(高精度)
321,電子デバイス,長崎,宮崎,224.4,実測按分(高精度)
321,電子デバイス,長崎,鹿児島,1028.2,実測按分(高精度)
321,電子デバイス,長崎,沖縄,25.1,実測按分(高精度)
321,電子デバイス,長崎,山口,25.2,実測按分(高精度)
321,電子デバイス,長崎,大分,17518.6,実測按分(高精度)
321,電子デバイス,熊本,福岡,122.2,実測按分(高精度)
321,電子デバイス,熊本,佐賀,25.6,実測按分(高精度)
321,電子デバイス,熊本,長崎,146.2,実測按分(高精度)
321,電子デバイス,熊本,宮崎,91.3,実測按分(高精度)
321,電子デバイス,熊本,鹿児島,264.9,実測按分(高精度)
321,電子デバイス,熊本,沖縄,6,実測按分(高精度)
321,電子デバイス,熊本,山口,8.7,実測按分(高精度)
321,電子デバイス,熊本,大分,9581.5,実測按分(高精度)
321,電子デバイス,宮崎,福岡,40.9,実測按分(高精度)
321,電子デバイス,宮崎,佐賀,5.9,実測按分(高精度)
321,電子デバイス,宮崎,長崎,51,実測按分(高精度)
321,電子デバイス,宮崎,熊本,232.4,実測按分(高精度)
321,電子デバイス,宮崎,鹿児島,568.3,実測按分(高精度)
321,電子デバイス,宮崎,沖縄,7.6,実測按分(高精度)
321,電子デバイス,宮崎,山口,5.5,実測按分(高精度)
321,電子デバイス,宮崎,大分,5839.1,実測按分(高精度)
321,電子デバイス,鹿児島,福岡,5.6,実測按分(高精度)
321,電子デバイス,鹿児島,佐賀,0.9,実測按分(高精度)
321,電子デバイス,鹿児島,長崎,10,実測按分(高精度)
321,電子デバイス,鹿児島,熊本,28.8,実測按分(高精度)
321,電子デバイス,鹿児島,宮崎,24.3,実測按分(高精度)
321,電子デバイス,鹿児島,沖縄,1.4,実測按分(高精度)
321,電子デバイス,鹿児島,山口,0.6,実測按分(高精度)
321,電子デバイス,鹿児島,大分,523.8,実測按分(高精度)
321,電子デバイス,山口,大分,1,実測按分(高精度)
321,電子デバイス,大分,福岡,3330.3,実測按分(高精度)
321,電子デバイス,大分,佐賀,376.2,実測按分(高精度)
321,電子デバイス,大分,長崎,1803.7,実測按分(高精度)
321,電子デバイス,大分,熊本,11062.9,実測按分(高精度)
321,電子デバイス,大分,宮崎,2647.6,実測按分(高精度)
321,電子デバイス,大分,鹿児島,5554.9,実測按分(高精度)
321,電子デバイス,大分,沖縄,211,実測按分(高精度)
321,電子デバイス,大分,山口,703.8,実測按分(高精度)
329,その他の電子部品,福岡,佐賀,759.2,機械展開(簡易・長崎バグ修正済)
329,その他の電子部品,福岡,長崎,236.1,機械展開(簡易・長崎バグ修正済)
329,その他の電子部品,福岡,熊本,1159.4,機械展開(簡易・長崎バグ修正済)
329,その他の電子部品,福岡,宮崎,401,機械展開(簡易・長崎バグ修正済)
329,その他の電子部品,福岡,鹿児島,568.9,機械展開(簡易・長崎バグ修正済)
329,その他の電子部品,福岡,沖縄,37.4,機械展開(簡易・長崎バグ修正済)
329,その他の電子部品,福岡,山口,697.5,機械展開(簡易・長崎バグ修正済)
329,その他の電子部品,福岡,大分,1435.7,機械展開(簡易・長崎バグ修正済)
329,その他の電子部品,佐賀,福岡,5257.4,機械展開(簡易・長崎バグ修正済)
329,その他の電子部品,佐賀,長崎,629.9,機械展開(簡易・長崎バグ修正済)
329,その他の電子部品,佐賀,熊本,2859.2,機械展開(簡易・長崎バグ修正済)
329,その他の電子部品,佐賀,宮崎,683.8,機械展開(簡易・長崎バグ修正済)
329,その他の電子部品,佐賀,鹿児島,1031.9,機械展開(簡易・長崎バグ修正済)
329,その他の電子部品,佐賀,沖縄,55.1,機械展開(簡易・長崎バグ修正済)
329,その他の電子部品,佐賀,山口,678.4,機械展開(簡易・長崎バグ修正済)
329,その他の電子部品,佐賀,大分,1908,機械展開(簡易・長崎バグ修正済)
329,その他の電子部品,長崎,福岡,465.4,機械展開(簡易・長崎バグ修正済)
329,その他の電子部品,長崎,佐賀,179.3,機械展開(簡易・長崎バグ修正済)
329,その他の電子部品,長崎,熊本,807.4,機械展開(簡易・長崎バグ修正済)
329,その他の電子部品,長崎,宮崎,290.7,機械展開(簡易・長崎バグ修正済)
329,その他の電子部品,長崎,鹿児島,594.3,機械展開(簡易・長崎バグ修正済)
329,その他の電子部品,長崎,沖縄,23.3,機械展開(簡易・長崎バグ修正済)
329,その他の電子部品,長崎,山口,152.5,機械展開(簡易・長崎バグ修正済)
329,その他の電子部品,長崎,大分,452.7,機械展開(簡易・長崎バグ修正済)
329,その他の電子部品,熊本,福岡,307.8,機械展開(簡易・長崎バグ修正済)
329,その他の電子部品,熊本,佐賀,109.6,機械展開(簡易・長崎バグ修正済)
329,その他の電子部品,熊本,長崎,108.8,機械展開(簡易・長崎バグ修正済)
329,その他の電子部品,熊本,宮崎,271.5,機械展開(簡易・長崎バグ修正済)
329,その他の電子部品,熊本,鹿児島,351.5,機械展開(簡易・長崎バグ修正済)
329,その他の電子部品,熊本,沖縄,12.8,機械展開(簡易・長崎バグ修正済)
329,その他の電子部品,熊本,山口,120.3,機械展開(簡易・長崎バグ修正済)
329,その他の電子部品,熊本,大分,568.4,機械展開(簡易・長崎バグ修正済)
329,その他の電子部品,宮崎,福岡,198.8,機械展開(簡易・長崎バグ修正済)
329,その他の電子部品,宮崎,佐賀,49,機械展開(簡易・長崎バグ修正済)
329,その他の電子部品,宮崎,長崎,73.1,機械展開(簡易・長崎バグ修正済)
329,その他の電子部品,宮崎,熊本,506.9,機械展開(簡易・長崎バグ修正済)
329,その他の電子部品,宮崎,鹿児島,1454.8,機械展開(簡易・長崎バグ修正済)
329,その他の電子部品,宮崎,沖縄,31,機械展開(簡易・長崎バグ修正済)
329,その他の電子部品,宮崎,山口,146.1,機械展開(簡易・長崎バグ修正済)
329,その他の電子部品,宮崎,大分,668.2,機械展開(簡易・長崎バグ修正済)
329,その他の電子部品,鹿児島,福岡,1484.5,機械展開(簡易・長崎バグ修正済)
329,その他の電子部品,鹿児島,佐賀,388.8,機械展開(簡易・長崎バグ修正済)
329,その他の電子部品,鹿児島,長崎,786.8,機械展開(簡易・長崎バグ修正済)
329,その他の電子部品,鹿児島,熊本,3454.4,機械展開(簡易・長崎バグ修正済)
329,その他の電子部品,鹿児島,宮崎,7657,機械展開(簡易・長崎バグ修正済)
329,その他の電子部品,鹿児島,沖縄,305.3,機械展開(簡易・長崎バグ修正済)
329,その他の電子部品,鹿児島,山口,918.7,機械展開(簡易・長崎バグ修正済)
329,その他の電子部品,鹿児島,大分,3292.6,機械展開(簡易・長崎バグ修正済)
329,その他の電子部品,山口,福岡,625.1,機械展開(簡易・長崎バグ修正済)
329,その他の電子部品,山口,佐賀,87.8,機械展開(簡易・長崎バグ修正済)
329,その他の電子部品,山口,長崎,69.3,機械展開(簡易・長崎バグ修正済)
329,その他の電子部品,山口,熊本,406.1,機械展開(簡易・長崎バグ修正済)
329,その他の電子部品,山口,宮崎,264.2,機械展開(簡易・長崎バグ修正済)
329,その他の電子部品,山口,鹿児島,315.5,機械展開(簡易・長崎バグ修正済)
329,その他の電子部品,山口,沖縄,28.6,機械展開(簡易・長崎バグ修正済)
329,その他の電子部品,山口,大分,1497.2,機械展開(簡易・長崎バグ修正済)
329,その他の電子部品,大分,福岡,368.9,機械展開(簡易・長崎バグ修正済)
329,その他の電子部品,大分,佐賀,70.8,機械展開(簡易・長崎バグ修正済)
329,その他の電子部品,大分,長崎,59,機械展開(簡易・長崎バグ修正済)
329,その他の電子部品,大分,熊本,550.1,機械展開(簡易・長崎バグ修正済)
329,その他の電子部品,大分,宮崎,346.3,機械展開(簡易・長崎バグ修正済)
329,その他の電子部品,大分,鹿児島,324.2,機械展開(簡易・長崎バグ修正済)
329,その他の電子部品,大分,沖縄,19.7,機械展開(簡易・長崎バグ修正済)
329,その他の電子部品,大分,山口,429.2,機械展開(簡易・長崎バグ修正済)
331,産業用電気機器,福岡,佐賀,1915,機械展開(簡易・長崎バグ修正済)
331,産業用電気機器,福岡,長崎,960.8,機械展開(簡易・長崎バグ修正済)
331,産業用電気機器,福岡,熊本,2010.8,機械展開(簡易・長崎バグ修正済)
331,産業用電気機器,福岡,宮崎,593.4,機械展開(簡易・長崎バグ修正済)
331,産業用電気機器,福岡,鹿児島,1455.1,機械展開(簡易・長崎バグ修正済)
331,産業用電気機器,福岡,沖縄,1049.9,機械展開(簡易・長崎バグ修正済)
331,産業用電気機器,福岡,山口,4206.2,機械展開(簡易・長崎バグ修正済)
331,産業用電気機器,福岡,大分,3515.4,機械展開(簡易・長崎バグ修正済)
331,産業用電気機器,佐賀,福岡,7492,機械展開(簡易・長崎バグ修正済)
331,産業用電気機器,佐賀,長崎,111.3,機械展開(簡易・長崎バグ修正済)
331,産業用電気機器,佐賀,熊本,215.3,機械展開(簡易・長崎バグ修正済)
331,産業用電気機器,佐賀,宮崎,43.9,機械展開(簡易・長崎バグ修正済)
331,産業用電気機器,佐賀,鹿児島,114.6,機械展開(簡易・長崎バグ修正済)
331,産業用電気機器,佐賀,沖縄,67.2,機械展開(簡易・長崎バグ修正済)
331,産業用電気機器,佐賀,山口,177.6,機械展開(簡易・長崎バグ修正済)
331,産業用電気機器,佐賀,大分,202.8,機械展開(簡易・長崎バグ修正済)
331,産業用電気機器,長崎,福岡,3214.5,機械展開(簡易・長崎バグ修正済)
331,産業用電気機器,長崎,佐賀,95.2,機械展開(簡易・長崎バグ修正済)
331,産業用電気機器,長崎,熊本,294.7,機械展開(簡易・長崎バグ修正済)
331,産業用電気機器,長崎,宮崎,90.5,機械展開(簡易・長崎バグ修正済)
331,産業用電気機器,長崎,鹿児島,319.9,機械展開(簡易・長崎バグ修正済)
331,産業用電気機器,長崎,沖縄,137.6,機械展開(簡易・長崎バグ修正済)
331,産業用電気機器,長崎,山口,193.5,機械展開(簡易・長崎バグ修正済)
331,産業用電気機器,長崎,大分,233.3,機械展開(簡易・長崎バグ修正済)
331,産業用電気機器,熊本,福岡,3344.5,機械展開(簡易・長崎バグ修正済)
331,産業用電気機器,熊本,佐賀,91.5,機械展開(簡易・長崎バグ修正済)
331,産業用電気機器,熊本,長崎,146.5,機械展開(簡易・長崎バグ修正済)
331,産業用電気機器,熊本,宮崎,133,機械展開(簡易・長崎バグ修正済)
331,産業用電気機器,熊本,鹿児島,297.6,機械展開(簡易・長崎バグ修正済)
331,産業用電気機器,熊本,沖縄,118.8,機械展開(簡易・長崎バグ修正済)
331,産業用電気機器,熊本,山口,240.1,機械展開(簡易・長崎バグ修正済)
331,産業用電気機器,熊本,大分,460.7,機械展開(簡易・長崎バグ修正済)
331,産業用電気機器,宮崎,福岡,1232.3,機械展開(簡易・長崎バグ修正済)
331,産業用電気機器,宮崎,佐賀,23.3,機械展開(簡易・長崎バグ修正済)
331,産業用電気機器,宮崎,長崎,56.2,機械展開(簡易・長崎バグ修正済)
331,産業用電気機器,宮崎,熊本,166,機械展開(簡易・長崎バグ修正済)
331,産業用電気機器,宮崎,鹿児島,702.7,機械展開(簡易・長崎バグ修正済)
331,産業用電気機器,宮崎,沖縄,164.5,機械展開(簡易・長崎バグ修正済)
331,産業用電気機器,宮崎,山口,166.4,機械展開(簡易・長崎バグ修正済)
331,産業用電気機器,宮崎,大分,309,機械展開(簡易・長崎バグ修正済)
331,産業用電気機器,鹿児島,福岡,2326.5,機械展開(簡易・長崎バグ修正済)
331,産業用電気機器,鹿児島,佐賀,46.8,機械展開(簡易・長崎バグ修正済)
331,産業用電気機器,鹿児島,長崎,152.9,機械展開(簡易・長崎バグ修正済)
331,産業用電気機器,鹿児島,熊本,286,機械展開(簡易・長崎バグ修正済)
331,産業用電気機器,鹿児島,宮崎,541,機械展開(簡易・長崎バグ修正済)
331,産業用電気機器,鹿児島,沖縄,409.3,機械展開(簡易・長崎バグ修正済)
331,産業用電気機器,鹿児島,山口,264.5,機械展開(簡易・長崎バグ修正済)
331,産業用電気機器,鹿児島,大分,384.9,機械展開(簡易・長崎バグ修正済)
331,産業用電気機器,沖縄,福岡,108.5,機械展開(簡易・長崎バグ修正済)
331,産業用電気機器,沖縄,佐賀,1.8,機械展開(簡易・長崎バグ修正済)
331,産業用電気機器,沖縄,長崎,4.3,機械展開(簡易・長崎バグ修正済)
331,産業用電気機器,沖縄,熊本,7.4,機械展開(簡易・長崎バグ修正済)
331,産業用電気機器,沖縄,宮崎,8.2,機械展開(簡易・長崎バグ修正済)
331,産業用電気機器,沖縄,鹿児島,26.5,機械展開(簡易・長崎バグ修正済)
331,産業用電気機器,沖縄,山口,17,機械展開(簡易・長崎バグ修正済)
331,産業用電気機器,沖縄,大分,16.6,機械展開(簡易・長崎バグ修正済)
331,産業用電気機器,山口,福岡,1096.6,機械展開(簡易・長崎バグ修正済)
331,産業用電気機器,山口,佐賀,11.8,機械展開(簡易・長崎バグ修正済)
331,産業用電気機器,山口,長崎,15.1,機械展開(簡易・長崎バグ修正済)
331,産業用電気機器,山口,熊本,37.6,機械展開(簡易・長崎バグ修正済)
331,産業用電気機器,山口,宮崎,20.9,機械展開(簡易・長崎バグ修正済)
331,産業用電気機器,山口,鹿児島,43.1,機械展開(簡易・長崎バグ修正済)
331,産業用電気機器,山口,沖縄,43,機械展開(簡易・長崎バグ修正済)
331,産業用電気機器,山口,大分,195.9,機械展開(簡易・長崎バグ修正済)
331,産業用電気機器,大分,福岡,1790.7,機械展開(簡易・長崎バグ修正済)
331,産業用電気機器,大分,佐賀,26.4,機械展開(簡易・長崎バグ修正済)
331,産業用電気機器,大分,長崎,35.5,機械展開(簡易・長崎バグ修正済)
331,産業用電気機器,大分,熊本,141.1,機械展開(簡易・長崎バグ修正済)
331,産業用電気機器,大分,宮崎,75.8,機械展開(簡易・長崎バグ修正済)
331,産業用電気機器,大分,鹿児島,122.6,機械展開(簡易・長崎バグ修正済)
331,産業用電気機器,大分,沖縄,82,機械展開(簡易・長崎バグ修正済)
331,産業用電気機器,大分,山口,382.8,機械展開(簡易・長崎バグ修正済)
332,民生用電気機器,福岡,佐賀,433.2,機械展開(簡易・長崎バグ修正済)
332,民生用電気機器,福岡,長崎,444.6,機械展開(簡易・長崎バグ修正済)
332,民生用電気機器,福岡,熊本,763.3,機械展開(簡易・長崎バグ修正済)
332,民生用電気機器,福岡,宮崎,266.3,機械展開(簡易・長崎バグ修正済)
332,民生用電気機器,福岡,鹿児島,723.9,機械展開(簡易・長崎バグ修正済)
332,民生用電気機器,福岡,沖縄,288.2,機械展開(簡易・長崎バグ修正済)
332,民生用電気機器,福岡,山口,530,機械展開(簡易・長崎バグ修正済)
332,民生用電気機器,福岡,大分,417.4,機械展開(簡易・長崎バグ修正済)
332,民生用電気機器,佐賀,福岡,44.9,機械展開(簡易・長崎バグ修正済)
332,民生用電気機器,佐賀,長崎,1.6,機械展開(簡易・長崎バグ修正済)
332,民生用電気機器,佐賀,熊本,2.5,機械展開(簡易・長崎バグ修正済)
332,民生用電気機器,佐賀,宮崎,0.6,機械展開(簡易・長崎バグ修正済)
332,民生用電気機器,佐賀,鹿児島,1.7,機械展開(簡易・長崎バグ修正済)
332,民生用電気機器,佐賀,沖縄,0.6,機械展開(簡易・長崎バグ修正済)
332,民生用電気機器,佐賀,山口,0.7,機械展開(簡易・長崎バグ修正済)
332,民生用電気機器,佐賀,大分,0.7,機械展開(簡易・長崎バグ修正済)
332,民生用電気機器,長崎,福岡,154.4,機械展開(簡易・長崎バグ修正済)
332,民生用電気機器,長崎,佐賀,5.3,機械展開(簡易・長崎バグ修正済)
332,民生用電気機器,長崎,熊本,27.3,機械展開(簡易・長崎バグ修正済)
332,民生用電気機器,長崎,宮崎,9.9,機械展開(簡易・長崎バグ修正済)
332,民生用電気機器,長崎,鹿児島,38.8,機械展開(簡易・長崎バグ修正済)
332,民生用電気機器,長崎,沖縄,9.2,機械展開(簡易・長崎バグ修正済)
332,民生用電気機器,長崎,山口,5.9,機械展開(簡易・長崎バグ修正済)
332,民生用電気機器,長崎,大分,6.8,機械展開(簡易・長崎バグ修正済)
332,民生用電気機器,熊本,福岡,298.2,機械展開(簡易・長崎バグ修正済)
332,民生用電気機器,熊本,佐賀,9.4,機械展開(簡易・長崎バグ修正済)
332,民生用電気機器,熊本,長崎,30.7,機械展開(簡易・長崎バグ修正済)
332,民生用電気機器,熊本,宮崎,27,機械展開(簡易・長崎バグ修正済)
332,民生用電気機器,熊本,鹿児島,67.1,機械展開(簡易・長崎バグ修正済)
332,民生用電気機器,熊本,沖縄,14.8,機械展開(簡易・長崎バグ修正済)
332,民生用電気機器,熊本,山口,13.7,機械展開(簡易・長崎バグ修正済)
332,民生用電気機器,熊本,大分,24.8,機械展開(簡易・長崎バグ修正済)
332,民生用電気機器,宮崎,福岡,56.2,機械展開(簡易・長崎バグ修正済)
332,民生用電気機器,宮崎,佐賀,1.2,機械展開(簡易・長崎バグ修正済)
332,民生用電気機器,宮崎,長崎,6,機械展開(簡易・長崎バグ修正済)
332,民生用電気機器,宮崎,熊本,14.6,機械展開(簡易・長崎バグ修正済)
332,民生用電気機器,宮崎,鹿児島,81,機械展開(簡易・長崎バグ修正済)
332,民生用電気機器,宮崎,沖縄,10.5,機械展開(簡易・長崎バグ修正済)
332,民生用電気機器,宮崎,山口,4.9,機械展開(簡易・長崎バグ修正済)
332,民生用電気機器,宮崎,大分,8.5,機械展開(簡易・長崎バグ修正済)
332,民生用電気機器,鹿児島,福岡,100.6,機械展開(簡易・長崎バグ修正済)
332,民生用電気機器,鹿児島,佐賀,2.3,機械展開(簡易・長崎バグ修正済)
332,民生用電気機器,鹿児島,長崎,15.6,機械展開(簡易・長崎バグ修正済)
332,民生用電気機器,鹿児島,熊本,23.9,機械展開(簡易・長崎バグ修正済)
332,民生用電気機器,鹿児島,宮崎,53.4,機械展開(簡易・長崎バグ修正済)
332,民生用電気機器,鹿児島,沖縄,24.7,機械展開(簡易・長崎バグ修正済)
332,民生用電気機器,鹿児島,山口,7.3,機械展開(簡易・長崎バグ修正済)
332,民生用電気機器,鹿児島,大分,10,機械展開(簡易・長崎バグ修正済)
332,民生用電気機器,沖縄,福岡,1.7,機械展開(簡易・長崎バグ修正済)
332,民生用電気機器,沖縄,鹿児島,1,機械展開(簡易・長崎バグ修正済)
332,民生用電気機器,山口,福岡,3244.6,機械展開(簡易・長崎バグ修正済)
332,民生用電気機器,山口,佐賀,40.3,機械展開(簡易・長崎バグ修正済)
332,民生用電気機器,山口,長崎,104.9,機械展開(簡易・長崎バグ修正済)
332,民生用電気機器,山口,熊本,214.8,機械展開(簡易・長崎バグ修正済)
332,民生用電気機器,山口,宮崎,140.9,機械展開(簡易・長崎バグ修正済)
332,民生用電気機器,山口,鹿児島,322.6,機械展開(簡易・長崎バグ修正済)
332,民生用電気機器,山口,沖縄,177.2,機械展開(簡易・長崎バグ修正済)
332,民生用電気機器,山口,大分,349.8,機械展開(簡易・長崎バグ修正済)
332,民生用電気機器,大分,福岡,307.1,機械展開(簡易・長崎バグ修正済)
332,民生用電気機器,大分,佐賀,5.2,機械展開(簡易・長崎バグ修正済)
332,民生用電気機器,大分,長崎,14.3,機械展開(簡易・長崎バグ修正済)
332,民生用電気機器,大分,熊本,46.7,機械展開(簡易・長崎バグ修正済)
332,民生用電気機器,大分,宮崎,29.6,機械展開(簡易・長崎バグ修正済)
332,民生用電気機器,大分,鹿児島,53.2,機械展開(簡易・長崎バグ修正済)
332,民生用電気機器,大分,沖縄,19.6,機械展開(簡易・長崎バグ修正済)
332,民生用電気機器,大分,山口,42,機械展開(簡易・長崎バグ修正済)
333,電子応用装置・電気計測器,福岡,佐賀,120.7,機械展開(簡易・長崎バグ修正済)
333,電子応用装置・電気計測器,福岡,長崎,92,機械展開(簡易・長崎バグ修正済)
333,電子応用装置・電気計測器,福岡,熊本,315.1,機械展開(簡易・長崎バグ修正済)
333,電子応用装置・電気計測器,福岡,宮崎,42.3,機械展開(簡易・長崎バグ修正済)
333,電子応用装置・電気計測器,福岡,鹿児島,188.8,機械展開(簡易・長崎バグ修正済)
333,電子応用装置・電気計測器,福岡,沖縄,73.2,機械展開(簡易・長崎バグ修正済)
333,電子応用装置・電気計測器,福岡,山口,202.6,機械展開(簡易・長崎バグ修正済)
333,電子応用装置・電気計測器,福岡,大分,413.3,機械展開(簡易・長崎バグ修正済)
333,電子応用装置・電気計測器,佐賀,福岡,43.5,機械展開(簡易・長崎バグ修正済)
333,電子応用装置・電気計測器,佐賀,長崎,2.6,機械展開(簡易・長崎バグ修正済)
333,電子応用装置・電気計測器,佐賀,熊本,8.3,機械展開(簡易・長崎バグ修正済)
333,電子応用装置・電気計測器,佐賀,宮崎,0.8,機械展開(簡易・長崎バグ修正済)
333,電子応用装置・電気計測器,佐賀,鹿児島,3.7,機械展開(簡易・長崎バグ修正済)
333,電子応用装置・電気計測器,佐賀,沖縄,1.2,機械展開(簡易・長崎バグ修正済)
333,電子応用装置・電気計測器,佐賀,山口,2.1,機械展開(簡易・長崎バグ修正済)
333,電子応用装置・電気計測器,佐賀,大分,5.9,機械展開(簡易・長崎バグ修正済)
333,電子応用装置・電気計測器,長崎,福岡,284.6,機械展開(簡易・長崎バグ修正済)
333,電子応用装置・電気計測器,長崎,佐賀,22.6,機械展開(簡易・長崎バグ修正済)
333,電子応用装置・電気計測器,長崎,熊本,173.6,機械展開(簡易・長崎バグ修正済)
333,電子応用装置・電気計測器,長崎,宮崎,24.2,機械展開(簡易・長崎バグ修正済)
333,電子応用装置・電気計測器,長崎,鹿児島,156,機械展開(簡易・長崎バグ修正済)
333,電子応用装置・電気計測器,長崎,沖縄,36.1,機械展開(簡易・長崎バグ修正済)
333,電子応用装置・電気計測器,長崎,山口,35,機械展開(簡易・長崎バグ修正済)
333,電子応用装置・電気計測器,長崎,大分,103.1,機械展開(簡易・長崎バグ修正済)
333,電子応用装置・電気計測器,熊本,福岡,1566.6,機械展開(簡易・長崎バグ修正済)
333,電子応用装置・電気計測器,熊本,佐賀,114.8,機械展開(簡易・長崎バグ修正済)
333,電子応用装置・電気計測器,熊本,長崎,279,機械展開(簡易・長崎バグ修正済)
333,電子応用装置・電気計測器,熊本,宮崎,188.4,機械展開(簡易・長崎バグ修正済)
333,電子応用装置・電気計測器,熊本,鹿児島,767.7,機械展開(簡易・長崎バグ修正済)
333,電子応用装置・電気計測器,熊本,沖縄,164.7,機械展開(簡易・長崎バグ修正済)
333,電子応用装置・電気計測器,熊本,山口,230,機械展開(簡易・長崎バグ修正済)
333,電子応用装置・電気計測器,熊本,大分,1077,機械展開(簡易・長崎バグ修正済)
333,電子応用装置・電気計測器,宮崎,福岡,42.2,機械展開(簡易・長崎バグ修正済)
333,電子応用装置・電気計測器,宮崎,佐賀,2.1,機械展開(簡易・長崎バグ修正済)
333,電子応用装置・電気計測器,宮崎,長崎,7.8,機械展開(簡易・長崎バグ修正済)
333,電子応用装置・電気計測器,宮崎,熊本,37.9,機械展開(簡易・長崎バグ修正済)
333,電子応用装置・電気計測器,宮崎,鹿児島,132.7,機械展開(簡易・長崎バグ修正済)
333,電子応用装置・電気計測器,宮崎,沖縄,16.7,機械展開(簡易・長崎バグ修正済)
333,電子応用装置・電気計測器,宮崎,山口,11.7,機械展開(簡易・長崎バグ修正済)
333,電子応用装置・電気計測器,宮崎,大分,52.9,機械展開(簡易・長崎バグ修正済)
333,電子応用装置・電気計測器,鹿児島,福岡,28.4,機械展開(簡易・長崎バグ修正済)
333,電子応用装置・電気計測器,鹿児島,佐賀,1.5,機械展開(簡易・長崎バグ修正済)
333,電子応用装置・電気計測器,鹿児島,長崎,7.6,機械展開(簡易・長崎バグ修正済)
333,電子応用装置・電気計測器,鹿児島,熊本,23.2,機械展開(簡易・長崎バグ修正済)
333,電子応用装置・電気計測器,鹿児島,宮崎,20,機械展開(簡易・長崎バグ修正済)
333,電子応用装置・電気計測器,鹿児島,沖縄,14.8,機械展開(簡易・長崎バグ修正済)
333,電子応用装置・電気計測器,鹿児島,山口,6.6,機械展開(簡易・長崎バグ修正済)
333,電子応用装置・電気計測器,鹿児島,大分,23.5,機械展開(簡易・長崎バグ修正済)
333,電子応用装置・電気計測器,山口,福岡,76.2,機械展開(簡易・長崎バグ修正済)
333,電子応用装置・電気計測器,山口,佐賀,2.2,機械展開(簡易・長崎バグ修正済)
333,電子応用装置・電気計測器,山口,長崎,4.3,機械展開(簡易・長崎バグ修正済)
333,電子応用装置・電気計測器,山口,熊本,17.4,機械展開(簡易・長崎バグ修正済)
333,電子応用装置・電気計測器,山口,宮崎,4.4,機械展開(簡易・長崎バグ修正済)
333,電子応用装置・電気計測器,山口,鹿児島,16.5,機械展開(簡易・長崎バグ修正済)
333,電子応用装置・電気計測器,山口,沖縄,8.8,機械展開(簡易・長崎バグ修正済)
333,電子応用装置・電気計測器,山口,大分,68,機械展開(簡易・長崎バグ修正済)
333,電子応用装置・電気計測器,大分,福岡,230.5,機械展開(簡易・長崎バグ修正済)
333,電子応用装置・電気計測器,大分,佐賀,9.1,機械展開(簡易・長崎バグ修正済)
333,電子応用装置・電気計測器,大分,長崎,18.6,機械展開(簡易・長崎バグ修正済)
333,電子応用装置・電気計測器,大分,熊本,120.8,機械展開(簡易・長崎バグ修正済)
333,電子応用装置・電気計測器,大分,宮崎,29.5,機械展開(簡易・長崎バグ修正済)
333,電子応用装置・電気計測器,大分,鹿児島,86.9,機械展開(簡易・長崎バグ修正済)
333,電子応用装置・電気計測器,大分,沖縄,31.3,機械展開(簡易・長崎バグ修正済)
333,電子応用装置・電気計測器,大分,山口,100.8,機械展開(簡易・長崎バグ修正済)
339,その他の電気機械,福岡,佐賀,138.8,機械展開(簡易・長崎バグ修正済)
339,その他の電気機械,福岡,長崎,104.5,機械展開(簡易・長崎バグ修正済)
339,その他の電気機械,福岡,熊本,229.2,機械展開(簡易・長崎バグ修正済)
339,その他の電気機械,福岡,宮崎,264.6,機械展開(簡易・長崎バグ修正済)
339,その他の電気機械,福岡,鹿児島,117.5,機械展開(簡易・長崎バグ修正済)
339,その他の電気機械,福岡,沖縄,305.6,機械展開(簡易・長崎バグ修正済)
339,その他の電気機械,福岡,山口,500.3,機械展開(簡易・長崎バグ修正済)
339,その他の電気機械,福岡,大分,355.3,機械展開(簡易・長崎バグ修正済)
339,その他の電気機械,佐賀,福岡,3775,機械展開(簡易・長崎バグ修正済)
339,その他の電気機械,佐賀,長崎,186.9,機械展開(簡易・長崎バグ修正済)
339,その他の電気機械,佐賀,熊本,378.9,機械展開(簡易・長崎バグ修正済)
339,その他の電気機械,佐賀,宮崎,302.4,機械展開(簡易・長崎バグ修正済)
339,その他の電気機械,佐賀,鹿児島,142.9,機械展開(簡易・長崎バグ修正済)
339,その他の電気機械,佐賀,沖縄,301.8,機械展開(簡易・長崎バグ修正済)
339,その他の電気機械,佐賀,山口,326.2,機械展開(簡易・長崎バグ修正済)
339,その他の電気機械,佐賀,大分,316.5,機械展開(簡易・長崎バグ修正済)
339,その他の電気機械,長崎,福岡,146.7,機械展開(簡易・長崎バグ修正済)
339,その他の電気機械,長崎,佐賀,9.6,機械展開(簡易・長崎バグ修正済)
339,その他の電気機械,長崎,熊本,47,機械展開(簡易・長崎バグ修正済)
339,その他の電気機械,長崎,宮崎,56.5,機械展開(簡易・長崎バグ修正済)
339,その他の電気機械,長崎,鹿児島,36.1,機械展開(簡易・長崎バグ修正済)
339,その他の電気機械,長崎,沖縄,56,機械展開(簡易・長崎バグ修正済)
339,その他の電気機械,長崎,山口,32.2,機械展開(簡易・長崎バグ修正済)
339,その他の電気機械,長崎,大分,33,機械展開(簡易・長崎バグ修正済)
339,その他の電気機械,熊本,福岡,178.4,機械展開(簡易・長崎バグ修正済)
339,その他の電気機械,熊本,佐賀,10.8,機械展開(簡易・長崎バグ修正済)
339,その他の電気機械,熊本,長崎,26,機械展開(簡易・長崎バグ修正済)
339,その他の電気機械,熊本,宮崎,96.9,機械展開(簡易・長崎バグ修正済)
339,その他の電気機械,熊本,鹿児島,39.3,機械展開(簡易・長崎バグ修正済)
339,その他の電気機械,熊本,沖縄,56.5,機械展開(簡易・長崎バグ修正済)
339,その他の電気機械,熊本,山口,46.7,機械展開(簡易・長崎バグ修正済)
339,その他の電気機械,熊本,大分,76.1,機械展開(簡易・長崎バグ修正済)
339,その他の電気機械,宮崎,福岡,554.2,機械展開(簡易・長崎バグ修正済)
339,その他の電気機械,宮崎,佐賀,23.3,機械展開(簡易・長崎バグ修正済)
339,その他の電気機械,宮崎,長崎,84.2,機械展開(簡易・長崎バグ修正済)
339,その他の電気機械,宮崎,熊本,260.8,機械展開(簡易・長崎バグ修正済)
339,その他の電気機械,宮崎,鹿児島,782.1,機械展開(簡易・長崎バグ修正済)
339,その他の電気機械,宮崎,沖縄,659.9,機械展開(簡易・長崎バグ修正済)
339,その他の電気機械,宮崎,山口,272.8,機械展開(簡易・長崎バグ修正済)
339,その他の電気機械,宮崎,大分,430.4,機械展開(簡易・長崎バグ修正済)
339,その他の電気機械,鹿児島,福岡,42.8,機械展開(簡易・長崎バグ修正済)
339,その他の電気機械,鹿児島,佐賀,1.9,機械展開(簡易・長崎バグ修正済)
339,その他の電気機械,鹿児島,長崎,9.4,機械展開(簡易・長崎バグ修正済)
339,その他の電気機械,鹿児島,熊本,18.4,機械展開(簡易・長崎バグ修正済)
339,その他の電気機械,鹿児島,宮崎,135.9,機械展開(簡易・長崎バグ修正済)
339,その他の電気機械,鹿児島,沖縄,67.1,機械展開(簡易・長崎バグ修正済)
339,その他の電気機械,鹿児島,山口,17.7,機械展開(簡易・長崎バグ修正済)
339,その他の電気機械,鹿児島,大分,21.9,機械展開(簡易・長崎バグ修正済)
339,その他の電気機械,山口,福岡,16.7,機械展開(簡易・長崎バグ修正済)
339,その他の電気機械,山口,長崎,0.8,機械展開(簡易・長崎バグ修正済)
339,その他の電気機械,山口,熊本,2,機械展開(簡易・長崎バグ修正済)
339,その他の電気機械,山口,宮崎,4.3,機械展開(簡易・長崎バグ修正済)
339,その他の電気機械,山口,鹿児島,1.6,機械展開(簡易・長崎バグ修正済)
339,その他の電気機械,山口,沖縄,5.8,機械展開(簡易・長崎バグ修正済)
339,その他の電気機械,山口,大分,9.2,機械展開(簡易・長崎バグ修正済)
339,その他の電気機械,大分,福岡,94.9,機械展開(簡易・長崎バグ修正済)
339,その他の電気機械,大分,佐賀,3.1,機械展開(簡易・長崎バグ修正済)
339,その他の電気機械,大分,長崎,6.3,機械展開(簡易・長崎バグ修正済)
339,その他の電気機械,大分,熊本,26.1,機械展開(簡易・長崎バグ修正済)
339,その他の電気機械,大分,宮崎,54.9,機械展開(簡易・長崎バグ修正済)
339,その他の電気機械,大分,鹿児島,16.1,機械展開(簡易・長崎バグ修正済)
339,その他の電気機械,大分,沖縄,38.8,機械展開(簡易・長崎バグ修正済)
339,その他の電気機械,大分,山口,74,機械展開(簡易・長崎バグ修正済)
341,通信機器・電子計算機（統合）,福岡,佐賀,144.4,機械展開(簡易・長崎バグ修正済)
341,通信機器・電子計算機（統合）,福岡,長崎,80.7,機械展開(簡易・長崎バグ修正済)
341,通信機器・電子計算機（統合）,福岡,熊本,100.3,機械展開(簡易・長崎バグ修正済)
341,通信機器・電子計算機（統合）,福岡,宮崎,52.4,機械展開(簡易・長崎バグ修正済)
341,通信機器・電子計算機（統合）,福岡,鹿児島,139.1,機械展開(簡易・長崎バグ修正済)
341,通信機器・電子計算機（統合）,福岡,沖縄,138.4,機械展開(簡易・長崎バグ修正済)
341,通信機器・電子計算機（統合）,福岡,山口,48.8,機械展開(簡易・長崎バグ修正済)
341,通信機器・電子計算機（統合）,福岡,大分,640.1,機械展開(簡易・長崎バグ修正済)
341,通信機器・電子計算機（統合）,佐賀,福岡,480,機械展開(簡易・長崎バグ修正済)
341,通信機器・電子計算機（統合）,佐賀,長崎,28.9,機械展開(簡易・長崎バグ修正済)
341,通信機器・電子計算機（統合）,佐賀,熊本,33.2,機械展開(簡易・長崎バグ修正済)
341,通信機器・電子計算機（統合）,佐賀,宮崎,12,機械展開(簡易・長崎バグ修正済)
341,通信機器・電子計算機（統合）,佐賀,鹿児島,33.9,機械展開(簡易・長崎バグ修正済)
341,通信機器・電子計算機（統合）,佐賀,沖縄,27.4,機械展開(簡易・長崎バグ修正済)
341,通信機器・電子計算機（統合）,佐賀,山口,6.4,機械展開(簡易・長崎バグ修正済)
341,通信機器・電子計算機（統合）,佐賀,大分,114.2,機械展開(簡易・長崎バグ修正済)
341,通信機器・電子計算機（統合）,長崎,福岡,2008.4,機械展開(簡易・長崎バグ修正済)
341,通信機器・電子計算機（統合）,長崎,佐賀,216.3,機械展開(簡易・長崎バグ修正済)
341,通信機器・電子計算機（統合）,長崎,熊本,442.9,機械展開(簡易・長崎バグ修正済)
341,通信機器・電子計算機（統合）,長崎,宮崎,240.8,機械展開(簡易・長崎バグ修正済)
341,通信機器・電子計算機（統合）,長崎,鹿児島,921.8,機械展開(簡易・長崎バグ修正済)
341,通信機器・電子計算機（統合）,長崎,沖縄,546.9,機械展開(簡易・長崎バグ修正済)
341,通信機器・電子計算機（統合）,長崎,山口,67.7,機械展開(簡易・長崎バグ修正済)
341,通信機器・電子計算機（統合）,長崎,大分,1280.3,機械展開(簡易・長崎バグ修正済)
341,通信機器・電子計算機（統合）,熊本,福岡,27.6,機械展開(簡易・長崎バグ修正済)
341,通信機器・電子計算機（統合）,熊本,佐賀,2.7,機械展開(簡易・長崎バグ修正済)
341,通信機器・電子計算機（統合）,熊本,長崎,4.9,機械展開(簡易・長崎バグ修正済)
341,通信機器・電子計算機（統合）,熊本,宮崎,4.7,機械展開(簡易・長崎バグ修正済)
341,通信機器・電子計算機（統合）,熊本,鹿児島,11.3,機械展開(簡易・長崎バグ修正済)
341,通信機器・電子計算機（統合）,熊本,沖縄,6.2,機械展開(簡易・長崎バグ修正済)
341,通信機器・電子計算機（統合）,熊本,山口,1.1,機械展開(簡易・長崎バグ修正済)
341,通信機器・電子計算機（統合）,熊本,大分,33.4,機械展開(簡易・長崎バグ修正済)
341,通信機器・電子計算機（統合）,宮崎,福岡,875,機械展開(簡易・長崎バグ修正済)
341,通信機器・電子計算機（統合）,宮崎,佐賀,60.3,機械展開(簡易・長崎バグ修正済)
341,通信機器・電子計算機（統合）,宮崎,長崎,161.8,機械展開(簡易・長崎バグ修正済)
341,通信機器・電子計算機（統合）,宮崎,熊本,283.6,機械展開(簡易・長崎バグ修正済)
341,通信機器・電子計算機（統合）,宮崎,鹿児島,2301.4,機械展開(簡易・長崎バグ修正済)
341,通信機器・電子計算機（統合）,宮崎,沖縄,743.1,機械展開(簡易・長崎バグ修正済)
341,通信機器・電子計算機（統合）,宮崎,山口,66.1,機械展開(簡易・長崎バグ修正済)
341,通信機器・電子計算機（統合）,宮崎,大分,1927.4,機械展開(簡易・長崎バグ修正済)
341,通信機器・電子計算機（統合）,鹿児島,福岡,300.7,機械展開(簡易・長崎バグ修正済)
341,通信機器・電子計算機（統合）,鹿児島,佐賀,22,機械展開(簡易・長崎バグ修正済)
341,通信機器・電子計算機（統合）,鹿児島,長崎,80.1,機械展開(簡易・長崎バグ修正済)
341,通信機器・電子計算機（統合）,鹿児島,熊本,88.9,機械展開(簡易・長崎バグ修正済)
341,通信機器・電子計算機（統合）,鹿児島,宮崎,297.7,機械展開(簡易・長崎バグ修正済)
341,通信機器・電子計算機（統合）,鹿児島,沖縄,336.5,機械展開(簡易・長崎バグ修正済)
341,通信機器・電子計算機（統合）,鹿児島,山口,19.1,機械展開(簡易・長崎バグ修正済)
341,通信機器・電子計算機（統合）,鹿児島,大分,437,機械展開(簡易・長崎バグ修正済)
341,通信機器・電子計算機（統合）,沖縄,福岡,1.6,機械展開(簡易・長崎バグ修正済)
341,通信機器・電子計算機（統合）,沖縄,宮崎,0.5,機械展開(簡易・長崎バグ修正済)
341,通信機器・電子計算機（統合）,沖縄,鹿児島,1.8,機械展開(簡易・長崎バグ修正済)
341,通信機器・電子計算機（統合）,沖縄,大分,2.1,機械展開(簡易・長崎バグ修正済)
341,通信機器・電子計算機（統合）,山口,福岡,9.8,機械展開(簡易・長崎バグ修正済)
341,通信機器・電子計算機（統合）,山口,長崎,0.5,機械展開(簡易・長崎バグ修正済)
341,通信機器・電子計算機（統合）,山口,熊本,0.8,機械展開(簡易・長崎バグ修正済)
341,通信機器・電子計算機（統合）,山口,宮崎,0.8,機械展開(簡易・長崎バグ修正済)
341,通信機器・電子計算機（統合）,山口,鹿児島,1.8,機械展開(簡易・長崎バグ修正済)
341,通信機器・電子計算機（統合）,山口,沖縄,2.4,機械展開(簡易・長崎バグ修正済)
341,通信機器・電子計算機（統合）,山口,大分,15.4,機械展開(簡易・長崎バグ修正済)
341,通信機器・電子計算機（統合）,大分,福岡,15388.4,機械展開(簡易・長崎バグ修正済)
341,通信機器・電子計算機（統合）,大分,佐賀,825.7,機械展開(簡易・長崎バグ修正済)
341,通信機器・電子計算機（統合）,大分,長崎,1237.5,機械展開(簡易・長崎バグ修正済)
341,通信機器・電子計算機（統合）,大分,熊本,2916.7,機械展開(簡易・長崎バグ修正済)
341,通信機器・電子計算機（統合）,大分,宮崎,2773.3,機械展開(簡易・長崎バグ修正済)
341,通信機器・電子計算機（統合）,大分,鹿児島,4860.7,機械展開(簡易・長崎バグ修正済)
341,通信機器・電子計算機（統合）,大分,沖縄,4482.3,機械展開(簡易・長崎バグ修正済)
341,通信機器・電子計算機（統合）,大分,山口,1841,機械展開(簡易・長崎バグ修正済)
351,乗用車,福岡,佐賀,5022.2,機械展開(簡易・長崎バグ修正済)
351,乗用車,福岡,長崎,2976.1,機械展開(簡易・長崎バグ修正済)
351,乗用車,福岡,熊本,43682,機械展開(簡易・長崎バグ修正済)
351,乗用車,福岡,宮崎,10288.7,機械展開(簡易・長崎バグ修正済)
351,乗用車,福岡,鹿児島,22853.6,機械展開(簡易・長崎バグ修正済)
351,乗用車,福岡,沖縄,7779,機械展開(簡易・長崎バグ修正済)
351,乗用車,福岡,山口,7891.2,機械展開(簡易・長崎バグ修正済)
351,乗用車,山口,福岡,29629.6,機械展開(簡易・長崎バグ修正済)
352,その他の自動車,福岡,佐賀,719.6,機械展開(簡易・長崎バグ修正済)
352,その他の自動車,福岡,長崎,665,機械展開(簡易・長崎バグ修正済)
352,その他の自動車,福岡,熊本,3223.9,機械展開(簡易・長崎バグ修正済)
352,その他の自動車,福岡,宮崎,204.7,機械展開(簡易・長崎バグ修正済)
352,その他の自動車,福岡,沖縄,911.2,機械展開(簡易・長崎バグ修正済)
352,その他の自動車,福岡,山口,1064.1,機械展開(簡易・長崎バグ修正済)
352,その他の自動車,福岡,大分,5542.8,機械展開(簡易・長崎バグ修正済)
352,その他の自動車,熊本,福岡,1612.8,機械展開(簡易・長崎バグ修正済)
352,その他の自動車,熊本,佐賀,58.5,機械展開(簡易・長崎バグ修正済)
352,その他の自動車,熊本,長崎,172.5,機械展開(簡易・長崎バグ修正済)
352,その他の自動車,熊本,宮崎,78.1,機械展開(簡易・長崎バグ修正済)
352,その他の自動車,熊本,沖縄,175.4,機械展開(簡易・長崎バグ修正済)
352,その他の自動車,熊本,山口,103.4,機械展開(簡易・長崎バグ修正済)
352,その他の自動車,熊本,大分,1235.9,機械展開(簡易・長崎バグ修正済)
352,その他の自動車,山口,福岡,228.9,機械展開(簡易・長崎バグ修正済)
352,その他の自動車,山口,佐賀,3.3,機械展開(簡易・長崎バグ修正済)
352,その他の自動車,山口,長崎,7.7,機械展開(簡易・長崎バグ修正済)
352,その他の自動車,山口,熊本,44.4,機械展開(簡易・長崎バグ修正済)
352,その他の自動車,山口,宮崎,5.3,機械展開(簡易・長崎バグ修正済)
352,その他の自動車,山口,沖縄,27.5,機械展開(簡易・長崎バグ修正済)
352,その他の自動車,山口,大分,227.5,機械展開(簡易・長崎バグ修正済)
352,その他の自動車,大分,福岡,4794.9,機械展開(簡易・長崎バグ修正済)
352,その他の自動車,大分,佐賀,93.7,機械展開(簡易・長崎バグ修正済)
352,その他の自動車,大分,長崎,232.2,機械展開(簡易・長崎バグ修正済)
352,その他の自動車,大分,熊本,2137.1,機械展開(簡易・長崎バグ修正済)
352,その他の自動車,大分,宮崎,247.1,機械展開(簡易・長崎バグ修正済)
352,その他の自動車,大分,沖縄,672.4,機械展開(簡易・長崎バグ修正済)
352,その他の自動車,大分,山口,914.9,機械展開(簡易・長崎バグ修正済)
353,自動車部品・同附属品,福岡,佐賀,1236.3,実測按分(高精度)
353,自動車部品・同附属品,福岡,長崎,145.5,実測按分(高精度)
353,自動車部品・同附属品,福岡,熊本,585.6,実測按分(高精度)
353,自動車部品・同附属品,福岡,宮崎,13.5,実測按分(高精度)
353,自動車部品・同附属品,福岡,鹿児島,498.4,実測按分(高精度)
353,自動車部品・同附属品,福岡,山口,341.8,実測按分(高精度)
353,自動車部品・同附属品,福岡,大分,2525.7,実測按分(高精度)
353,自動車部品・同附属品,佐賀,福岡,16886.4,実測按分(高精度)
353,自動車部品・同附属品,佐賀,長崎,252.7,実測按分(高精度)
353,自動車部品・同附属品,佐賀,熊本,940.1,実測按分(高精度)
353,自動車部品・同附属品,佐賀,宮崎,15,実測按分(高精度)
353,自動車部品・同附属品,佐賀,鹿児島,588.4,実測按分(高精度)
353,自動車部品・同附属品,佐賀,山口,216.4,実測按分(高精度)
353,自動車部品・同附属品,佐賀,大分,2184.8,実測按分(高精度)
353,自動車部品・同附属品,長崎,福岡,3669.8,実測按分(高精度)
353,自動車部品・同附属品,長崎,佐賀,466.6,実測按分(高精度)
353,自動車部品・同附属品,長崎,熊本,651.8,実測按分(高精度)
353,自動車部品・同附属品,長崎,宮崎,15.6,実測按分(高精度)
353,自動車部品・同附属品,長崎,鹿児島,832.1,実測按分(高精度)
353,自動車部品・同附属品,長崎,山口,119.4,実測按分(高精度)
353,自動車部品・同附属品,長崎,大分,1272.7,実測按分(高精度)
353,自動車部品・同附属品,熊本,福岡,21789.3,実測按分(高精度)
353,自動車部品・同附属品,熊本,佐賀,2560.7,実測按分(高精度)
353,自動車部品・同附属品,熊本,長崎,961.5,実測按分(高精度)
353,自動車部品・同附属品,熊本,宮崎,130.9,実測按分(高精度)
353,自動車部品・同附属品,熊本,鹿児島,4417.3,実測按分(高精度)
353,自動車部品・同附属品,熊本,沖縄,1,実測按分(高精度)
353,自動車部品・同附属品,熊本,山口,845.7,実測按分(高精度)
353,自動車部品・同附属品,熊本,大分,14344.5,実測按分(高精度)
353,自動車部品・同附属品,宮崎,福岡,2355.4,実測按分(高精度)
353,自動車部品・同附属品,宮崎,佐賀,191.4,実測按分(高精度)
353,自動車部品・同附属品,宮崎,長崎,108.2,実測按分(高精度)
353,自動車部品・同附属品,宮崎,熊本,614.8,実測按分(高精度)
353,自動車部品・同附属品,宮崎,鹿児島,3060.5,実測按分(高精度)
353,自動車部品・同附属品,宮崎,山口,172,実測按分(高精度)
353,自動車部品・同附属品,宮崎,大分,2822.8,実測按分(高精度)
353,自動車部品・同附属品,鹿児島,福岡,10506.1,実測按分(高精度)
353,自動車部品・同附属品,鹿児島,佐賀,908.1,実測按分(高精度)
353,自動車部品・同附属品,鹿児島,長崎,695.4,実測按分(高精度)
353,自動車部品・同附属品,鹿児島,熊本,2502.6,実測按分(高精度)
353,自動車部品・同附属品,鹿児島,宮崎,369.2,実測按分(高精度)
353,自動車部品・同附属品,鹿児島,沖縄,2.3,実測按分(高精度)
353,自動車部品・同附属品,鹿児島,山口,645.6,実測按分(高精度)
353,自動車部品・同附属品,鹿児島,大分,8307.7,実測按分(高精度)
353,自動車部品・同附属品,山口,福岡,7051,実測按分(高精度)
353,自動車部品・同附属品,山口,佐賀,326.8,実測按分(高精度)
353,自動車部品・同附属品,山口,長崎,97.7,実測按分(高精度)
353,自動車部品・同附属品,山口,熊本,468.9,実測按分(高精度)
353,自動車部品・同附属品,山口,宮崎,20.3,実測按分(高精度)
353,自動車部品・同附属品,山口,鹿児島,631.9,実測按分(高精度)
353,自動車部品・同附属品,山口,大分,6020.5,実測按分(高精度)
353,自動車部品・同附属品,大分,福岡,23525.3,実測按分(高精度)
353,自動車部品・同附属品,大分,佐賀,1489.9,実測按分(高精度)
353,自動車部品・同附属品,大分,長崎,470,実測按分(高精度)
353,自動車部品・同附属品,大分,熊本,3591.1,実測按分(高精度)
353,自動車部品・同附属品,大分,宮崎,150.5,実測按分(高精度)
353,自動車部品・同附属品,大分,鹿児島,3671,実測按分(高精度)
353,自動車部品・同附属品,大分,沖縄,1.3,実測按分(高精度)
353,自動車部品・同附属品,大分,山口,2718.3,実測按分(高精度)
354,船舶・同修理,福岡,佐賀,9.3,機械展開(簡易・長崎バグ修正済)
354,船舶・同修理,福岡,長崎,105.9,機械展開(簡易・長崎バグ修正済)
354,船舶・同修理,福岡,熊本,32.3,機械展開(簡易・長崎バグ修正済)
354,船舶・同修理,福岡,宮崎,7.4,機械展開(簡易・長崎バグ修正済)
354,船舶・同修理,福岡,鹿児島,14.7,機械展開(簡易・長崎バグ修正済)
354,船舶・同修理,福岡,沖縄,6.5,機械展開(簡易・長崎バグ修正済)
354,船舶・同修理,福岡,山口,53.3,機械展開(簡易・長崎バグ修正済)
354,船舶・同修理,福岡,大分,45.2,機械展開(簡易・長崎バグ修正済)
354,船舶・同修理,佐賀,福岡,1090.7,機械展開(簡易・長崎バグ修正済)
354,船舶・同修理,佐賀,長崎,1411.9,機械展開(簡易・長崎バグ修正済)
354,船舶・同修理,佐賀,熊本,398.1,機械展開(簡易・長崎バグ修正済)
354,船舶・同修理,佐賀,宮崎,63.3,機械展開(簡易・長崎バグ修正済)
354,船舶・同修理,佐賀,鹿児島,133.4,機械展開(簡易・長崎バグ修正済)
354,船舶・同修理,佐賀,沖縄,47.9,機械展開(簡易・長崎バグ修正済)
354,船舶・同修理,佐賀,山口,259.3,機械展開(簡易・長崎バグ修正済)
354,船舶・同修理,佐賀,大分,300.2,機械展開(簡易・長崎バグ修正済)
354,船舶・同修理,長崎,福岡,1921.8,機械展開(簡易・長崎バグ修正済)
354,船舶・同修理,長崎,佐賀,217.4,機械展開(簡易・長崎バグ修正済)
354,船舶・同修理,長崎,熊本,2237.8,機械展開(簡易・長崎バグ修正済)
354,船舶・同修理,長崎,宮崎,535.6,機械展開(簡易・長崎バグ修正済)
354,船舶・同修理,長崎,鹿児島,1530,機械展開(簡易・長崎バグ修正済)
354,船舶・同修理,長崎,沖縄,402.7,機械展開(簡易・長崎バグ修正済)
354,船舶・同修理,長崎,山口,1160.3,機械展開(簡易・長崎バグ修正済)
354,船舶・同修理,長崎,大分,1418.2,機械展開(簡易・長崎バグ修正済)
354,船舶・同修理,熊本,福岡,561.2,機械展開(簡易・長崎バグ修正済)
354,船舶・同修理,熊本,佐賀,58.7,機械展開(簡易・長崎バグ修正済)
354,船舶・同修理,熊本,長崎,2142.5,機械展開(簡易・長崎バグ修正済)
354,船舶・同修理,熊本,宮崎,220.8,機械展開(簡易・長崎バグ修正済)
354,船舶・同修理,熊本,鹿児島,399.5,機械展開(簡易・長崎バグ修正済)
354,船舶・同修理,熊本,沖縄,97.5,機械展開(簡易・長崎バグ修正済)
354,船舶・同修理,熊本,山口,404.2,機械展開(簡易・長崎バグ修正済)
354,船舶・同修理,熊本,大分,786.1,機械展開(簡易・長崎バグ修正済)
354,船舶・同修理,宮崎,福岡,1.8,機械展開(簡易・長崎バグ修正済)
354,船舶・同修理,宮崎,長崎,7.1,機械展開(簡易・長崎バグ修正済)
354,船舶・同修理,宮崎,熊本,3,機械展開(簡易・長崎バグ修正済)
354,船舶・同修理,宮崎,鹿児島,8.1,機械展開(簡易・長崎バグ修正済)
354,船舶・同修理,宮崎,沖縄,1.2,機械展開(簡易・長崎バグ修正済)
354,船舶・同修理,宮崎,山口,2.4,機械展開(簡易・長崎バグ修正済)
354,船舶・同修理,宮崎,大分,4.5,機械展開(簡易・長崎バグ修正済)
354,船舶・同修理,鹿児島,福岡,14.3,機械展開(簡易・長崎バグ修正済)
354,船舶・同修理,鹿児島,佐賀,1.1,機械展開(簡易・長崎バグ修正済)
354,船舶・同修理,鹿児島,長崎,81.9,機械展開(簡易・長崎バグ修正済)
354,船舶・同修理,鹿児島,熊本,22.3,機械展開(簡易・長崎バグ修正済)
354,船舶・同修理,鹿児島,宮崎,32.9,機械展開(簡易・長崎バグ修正済)
354,船舶・同修理,鹿児島,沖縄,12.3,機械展開(簡易・長崎バグ修正済)
354,船舶・同修理,鹿児島,山口,16.3,機械展開(簡易・長崎バグ修正済)
354,船舶・同修理,鹿児島,大分,24.1,機械展開(簡易・長崎バグ修正済)
354,船舶・同修理,沖縄,福岡,8.6,機械展開(簡易・長崎バグ修正済)
354,船舶・同修理,沖縄,佐賀,0.5,機械展開(簡易・長崎バグ修正済)
354,船舶・同修理,沖縄,長崎,29.2,機械展開(簡易・長崎バグ修正済)
354,船舶・同修理,沖縄,熊本,7.4,機械展開(簡易・長崎バグ修正済)
354,船舶・同修理,沖縄,宮崎,6.4,機械展開(簡易・長崎バグ修正済)
354,船舶・同修理,沖縄,鹿児島,16.7,機械展開(簡易・長崎バグ修正済)
354,船舶・同修理,沖縄,山口,13.5,機械展開(簡易・長崎バグ修正済)
354,船舶・同修理,沖縄,大分,13.3,機械展開(簡易・長崎バグ修正済)
354,船舶・同修理,山口,福岡,755.1,機械展開(簡易・長崎バグ修正済)
354,船舶・同修理,山口,佐賀,31.1,機械展開(簡易・長崎バグ修正済)
354,船舶・同修理,山口,長崎,904.8,機械展開(簡易・長崎バグ修正済)
354,船舶・同修理,山口,熊本,329.2,機械展開(簡易・長崎バグ修正済)
354,船舶・同修理,山口,宮崎,142.4,機械展開(簡易・長崎バグ修正済)
354,船舶・同修理,山口,鹿児島,237.6,機械展開(簡易・長崎バグ修正済)
354,船舶・同修理,山口,沖縄,144.8,機械展開(簡易・長崎バグ修正済)
354,船舶・同修理,山口,大分,1371.8,機械展開(簡易・長崎バグ修正済)
354,船舶・同修理,大分,福岡,1127.6,機械展開(簡易・長崎バグ修正済)
354,船舶・同修理,大分,佐賀,63.5,機械展開(簡易・長崎バグ修正済)
354,船舶・同修理,大分,長崎,1949.1,機械展開(簡易・長崎バグ修正済)
354,船舶・同修理,大分,熊本,1128.5,機械展開(簡易・長崎バグ修正済)
354,船舶・同修理,大分,宮崎,472.3,機械展開(簡易・長崎バグ修正済)
354,船舶・同修理,大分,鹿児島,617.8,機械展開(簡易・長崎バグ修正済)
354,船舶・同修理,大分,沖縄,252.8,機械展開(簡易・長崎バグ修正済)
354,船舶・同修理,大分,山口,2417.7,機械展開(簡易・長崎バグ修正済)
359,その他の輸送機械・同修理,福岡,佐賀,297.6,機械展開(簡易・長崎バグ修正済)
359,その他の輸送機械・同修理,福岡,長崎,87.4,機械展開(簡易・長崎バグ修正済)
359,その他の輸送機械・同修理,福岡,熊本,84.4,機械展開(簡易・長崎バグ修正済)
359,その他の輸送機械・同修理,福岡,宮崎,60.8,機械展開(簡易・長崎バグ修正済)
359,その他の輸送機械・同修理,福岡,鹿児島,136.6,機械展開(簡易・長崎バグ修正済)
359,その他の輸送機械・同修理,福岡,沖縄,156,機械展開(簡易・長崎バグ修正済)
359,その他の輸送機械・同修理,福岡,山口,2744.7,機械展開(簡易・長崎バグ修正済)
359,その他の輸送機械・同修理,福岡,大分,45.9,機械展開(簡易・長崎バグ修正済)
359,その他の輸送機械・同修理,佐賀,福岡,1023.7,機械展開(簡易・長崎バグ修正済)
359,その他の輸送機械・同修理,佐賀,長崎,109.4,機械展開(簡易・長崎バグ修正済)
359,その他の輸送機械・同修理,佐賀,熊本,97.6,機械展開(簡易・長崎バグ修正済)
359,その他の輸送機械・同修理,佐賀,宮崎,48.6,機械展開(簡易・長崎バグ修正済)
359,その他の輸送機械・同修理,佐賀,鹿児島,116.2,機械展開(簡易・長崎バグ修正済)
359,その他の輸送機械・同修理,佐賀,沖縄,107.8,機械展開(簡易・長崎バグ修正済)
359,その他の輸送機械・同修理,佐賀,山口,1251.7,機械展開(簡易・長崎バグ修正済)
359,その他の輸送機械・同修理,佐賀,大分,28.6,機械展開(簡易・長崎バグ修正済)
359,その他の輸送機械・同修理,長崎,福岡,76.1,機械展開(簡易・長崎バグ修正済)
359,その他の輸送機械・同修理,長崎,佐賀,27.7,機械展開(簡易・長崎バグ修正済)
359,その他の輸送機械・同修理,長崎,熊本,23.2,機械展開(簡易・長崎バグ修正済)
359,その他の輸送機械・同修理,長崎,宮崎,17.4,機械展開(簡易・長崎バグ修正済)
359,その他の輸送機械・同修理,長崎,鹿児島,56.2,機械展開(簡易・長崎バグ修正済)
359,その他の輸送機械・同修理,長崎,沖縄,38.3,機械展開(簡易・長崎バグ修正済)
359,その他の輸送機械・同修理,長崎,山口,236.3,機械展開(簡易・長崎バグ修正済)
359,その他の輸送機械・同修理,長崎,大分,5.7,機械展開(簡易・長崎バグ修正済)
359,その他の輸送機械・同修理,熊本,福岡,30,機械展開(簡易・長崎バグ修正済)
359,その他の輸送機械・同修理,熊本,佐賀,10.1,機械展開(簡易・長崎バグ修正済)
359,その他の輸送機械・同修理,熊本,長崎,9.5,機械展開(簡易・長崎バグ修正済)
359,その他の輸送機械・同修理,熊本,宮崎,9.7,機械展開(簡易・長崎バグ修正済)
359,その他の輸送機械・同修理,熊本,鹿児島,19.8,機械展開(簡易・長崎バグ修正済)
359,その他の輸送機械・同修理,熊本,沖縄,12.5,機械展開(簡易・長崎バグ修正済)
359,その他の輸送機械・同修理,熊本,山口,111.2,機械展開(簡易・長崎バグ修正済)
359,その他の輸送機械・同修理,熊本,大分,4.3,機械展開(簡易・長崎バグ修正済)
359,その他の輸送機械・同修理,宮崎,福岡,54,機械展開(簡易・長崎バグ修正済)
359,その他の輸送機械・同修理,宮崎,佐賀,12.6,機械展開(簡易・長崎バグ修正済)
359,その他の輸送機械・同修理,宮崎,長崎,17.7,機械展開(簡易・長崎バグ修正済)
359,その他の輸送機械・同修理,宮崎,熊本,24.2,機械展開(簡易・長崎バグ修正済)
359,その他の輸送機械・同修理,宮崎,鹿児島,228.5,機械展開(簡易・長崎バグ修正済)
359,その他の輸送機械・同修理,宮崎,沖縄,84.7,機械展開(簡易・長崎バグ修正済)
359,その他の輸送機械・同修理,宮崎,山口,376.2,機械展開(簡易・長崎バグ修正済)
359,その他の輸送機械・同修理,宮崎,大分,14,機械展開(簡易・長崎バグ修正済)
359,その他の輸送機械・同修理,鹿児島,福岡,0.9,機械展開(簡易・長崎バグ修正済)
359,その他の輸送機械・同修理,鹿児島,宮崎,1.7,機械展開(簡易・長崎バグ修正済)
359,その他の輸送機械・同修理,鹿児島,沖縄,1.8,機械展開(簡易・長崎バグ修正済)
359,その他の輸送機械・同修理,鹿児島,山口,5.2,機械展開(簡易・長崎バグ修正済)
359,その他の輸送機械・同修理,沖縄,福岡,129.4,機械展開(簡易・長崎バグ修正済)
359,その他の輸送機械・同修理,沖縄,佐賀,26,機械展開(簡易・長崎バグ修正済)
359,その他の輸送機械・同修理,沖縄,長崎,36.4,機械展開(簡易・長崎バグ修正済)
359,その他の輸送機械・同修理,沖縄,熊本,29.2,機械展開(簡易・長崎バグ修正済)
359,その他の輸送機械・同修理,沖縄,宮崎,79.1,機械展開(簡易・長崎バグ修正済)
359,その他の輸送機械・同修理,沖縄,鹿児島,234,機械展開(簡易・長崎バグ修正済)
359,その他の輸送機械・同修理,沖縄,山口,1047,機械展開(簡易・長崎バグ修正済)
359,その他の輸送機械・同修理,沖縄,大分,20.5,機械展開(簡易・長崎バグ修正済)
359,その他の輸送機械・同修理,山口,福岡,7486.6,機械展開(簡易・長崎バグ修正済)
359,その他の輸送機械・同修理,山口,佐賀,992.6,機械展開(簡易・長崎バグ修正済)
359,その他の輸送機械・同修理,山口,長崎,740.2,機械展開(簡易・長崎バグ修正済)
359,その他の輸送機械・同修理,山口,熊本,853.1,機械展開(簡易・長崎バグ修正済)
359,その他の輸送機械・同修理,山口,宮崎,1155.7,機械展開(簡易・長崎バグ修正済)
359,その他の輸送機械・同修理,山口,鹿児島,2184.9,機械展開(簡易・長崎バグ修正済)
359,その他の輸送機械・同修理,山口,沖縄,3443.5,機械展開(簡易・長崎バグ修正済)
359,その他の輸送機械・同修理,山口,大分,1381.6,機械展開(簡易・長崎バグ修正済)
359,その他の輸送機械・同修理,大分,福岡,1.4,機械展開(簡易・長崎バグ修正済)
359,その他の輸送機械・同修理,大分,鹿児島,0.7,機械展開(簡易・長崎バグ修正済)
359,その他の輸送機械・同修理,大分,沖縄,0.8,機械展開(簡易・長崎バグ修正済)
359,その他の輸送機械・同修理,大分,山口,15.5,機械展開(簡易・長崎バグ修正済)
391,その他の製造工業製品,福岡,佐賀,640.8,機械展開(簡易・長崎バグ修正済)
391,その他の製造工業製品,福岡,長崎,603.2,機械展開(簡易・長崎バグ修正済)
391,その他の製造工業製品,福岡,熊本,2110.4,機械展開(簡易・長崎バグ修正済)
391,その他の製造工業製品,福岡,宮崎,406.4,機械展開(簡易・長崎バグ修正済)
391,その他の製造工業製品,福岡,鹿児島,865.2,機械展開(簡易・長崎バグ修正済)
391,その他の製造工業製品,福岡,沖縄,617.6,機械展開(簡易・長崎バグ修正済)
391,その他の製造工業製品,福岡,山口,970.2,機械展開(簡易・長崎バグ修正済)
391,その他の製造工業製品,福岡,大分,1167.4,機械展開(簡易・長崎バグ修正済)
391,その他の製造工業製品,佐賀,福岡,4450.3,機械展開(簡易・長崎バグ修正済)
391,その他の製造工業製品,佐賀,長崎,233.7,機械展開(簡易・長崎バグ修正済)
391,その他の製造工業製品,佐賀,熊本,755.8,機械展開(簡易・長崎バグ修正済)
391,その他の製造工業製品,佐賀,宮崎,100.7,機械展開(簡易・長崎バグ修正済)
391,その他の製造工業製品,佐賀,鹿児島,227.9,機械展開(簡易・長崎バグ修正済)
391,その他の製造工業製品,佐賀,沖縄,132.2,機械展開(簡易・長崎バグ修正済)
391,その他の製造工業製品,佐賀,山口,137,機械展開(簡易・長崎バグ修正済)
391,その他の製造工業製品,佐賀,大分,225.3,機械展開(簡易・長崎バグ修正済)
391,その他の製造工業製品,長崎,福岡,213.6,機械展開(簡易・長崎バグ修正済)
391,その他の製造工業製品,長崎,佐賀,11.9,機械展開(簡易・長崎バグ修正済)
391,その他の製造工業製品,長崎,熊本,115.7,機械展開(簡易・長崎バグ修正済)
391,その他の製造工業製品,長崎,宮崎,23.2,機械展開(簡易・長崎バグ修正済)
391,その他の製造工業製品,長崎,鹿児島,71.2,機械展開(簡易・長崎バグ修正済)
391,その他の製造工業製品,長崎,沖縄,30.3,機械展開(簡易・長崎バグ修正済)
391,その他の製造工業製品,長崎,山口,16.7,機械展開(簡易・長崎バグ修正済)
391,その他の製造工業製品,長崎,大分,29,機械展開(簡易・長崎バグ修正済)
391,その他の製造工業製品,熊本,福岡,692.1,機械展開(簡易・長崎バグ修正済)
391,その他の製造工業製品,熊本,佐賀,35.7,機械展開(簡易・長崎バグ修正済)
391,その他の製造工業製品,熊本,長崎,107.2,機械展開(簡易・長崎バグ修正済)
391,その他の製造工業製品,熊本,宮崎,106.1,機械展開(簡易・長崎バグ修正済)
391,その他の製造工業製品,熊本,鹿児島,206.2,機械展開(簡易・長崎バグ修正済)
391,その他の製造工業製品,熊本,沖縄,81.4,機械展開(簡易・長崎バグ修正済)
391,その他の製造工業製品,熊本,山口,64.6,機械展開(簡易・長崎バグ修正済)
391,その他の製造工業製品,熊本,大分,178.3,機械展開(簡易・長崎バグ修正済)
391,その他の製造工業製品,宮崎,福岡,609.9,機械展開(簡易・長崎バグ修正済)
391,その他の製造工業製品,宮崎,佐賀,21.8,機械展開(簡易・長崎バグ修正済)
391,その他の製造工業製品,宮崎,長崎,98.3,機械展開(簡易・長崎バグ修正済)
391,その他の製造工業製品,宮崎,熊本,485.7,機械展開(簡易・長崎バグ修正済)
391,その他の製造工業製品,宮崎,鹿児島,1164.6,機械展開(簡易・長崎バグ修正済)
391,その他の製造工業製品,宮崎,沖縄,269.8,機械展開(簡易・長崎バグ修正済)
391,その他の製造工業製品,宮崎,山口,107,機械展開(簡易・長崎バグ修正済)
391,その他の製造工業製品,宮崎,大分,286,機械展開(簡易・長崎バグ修正済)
391,その他の製造工業製品,鹿児島,福岡,602.9,機械展開(簡易・長崎バグ修正済)
391,その他の製造工業製品,鹿児島,佐賀,22.9,機械展開(簡易・長崎バグ修正済)
391,その他の製造工業製品,鹿児島,長崎,140,機械展開(簡易・長崎バグ修正済)
391,その他の製造工業製品,鹿児島,熊本,438.1,機械展開(簡易・長崎バグ修正済)
391,その他の製造工業製品,鹿児島,宮崎,540.7,機械展開(簡易・長崎バグ修正済)
391,その他の製造工業製品,鹿児島,沖縄,351.4,機械展開(簡易・長崎バグ修正済)
391,その他の製造工業製品,鹿児島,山口,89,機械展開(簡易・長崎バグ修正済)
391,その他の製造工業製品,鹿児島,大分,186.5,機械展開(簡易・長崎バグ修正済)
391,その他の製造工業製品,沖縄,福岡,111.6,機械展開(簡易・長崎バグ修正済)
391,その他の製造工業製品,沖縄,佐賀,3.4,機械展開(簡易・長崎バグ修正済)
391,その他の製造工業製品,沖縄,長崎,15.5,機械展開(簡易・長崎バグ修正済)
391,その他の製造工業製品,沖縄,熊本,44.9,機械展開(簡易・長崎バグ修正済)
391,その他の製造工業製品,沖縄,宮崎,32.5,機械展開(簡易・長崎バグ修正済)
391,その他の製造工業製品,沖縄,鹿児島,91.1,機械展開(簡易・長崎バグ修正済)
391,その他の製造工業製品,沖縄,山口,22.7,機械展開(簡易・長崎バグ修正済)
391,その他の製造工業製品,沖縄,大分,32,機械展開(簡易・長崎バグ修正済)
391,その他の製造工業製品,山口,福岡,1145.7,機械展開(簡易・長崎バグ修正済)
391,その他の製造工業製品,山口,佐賀,23.3,機械展開(簡易・長崎バグ修正済)
391,その他の製造工業製品,山口,長崎,55.7,機械展開(簡易・長崎バグ修正済)
391,その他の製造工業製品,山口,熊本,232.4,機械展開(簡易・長崎バグ修正済)
391,その他の製造工業製品,山口,宮崎,84.2,機械展開(簡易・長崎バグ修正済)
391,その他の製造工業製品,山口,鹿児島,150.9,機械展開(簡易・長崎バグ修正済)
391,その他の製造工業製品,山口,沖縄,148.7,機械展開(簡易・長崎バグ修正済)
391,その他の製造工業製品,山口,大分,382.8,機械展開(簡易・長崎バグ修正済)
391,その他の製造工業製品,大分,福岡,496.5,機械展開(簡易・長崎バグ修正済)
391,その他の製造工業製品,大分,佐賀,13.8,機械展開(簡易・長崎バグ修正済)
391,その他の製造工業製品,大分,長崎,34.8,機械展開(簡易・長崎バグ修正済)
391,その他の製造工業製品,大分,熊本,231.2,機械展開(簡易・長崎バグ修正済)
391,その他の製造工業製品,大分,宮崎,81.1,機械展開(簡易・長崎バグ修正済)
391,その他の製造工業製品,大分,鹿児島,113.8,機械展開(簡易・長崎バグ修正済)
391,その他の製造工業製品,大分,沖縄,75.3,機械展開(簡易・長崎バグ修正済)
391,その他の製造工業製品,大分,山口,137.9,機械展開(簡易・長崎バグ修正済)
392,再生資源回収・加工処理,福岡,佐賀,87.9,機械展開(簡易・長崎バグ修正済)
392,再生資源回収・加工処理,福岡,長崎,7.2,機械展開(簡易・長崎バグ修正済)
392,再生資源回収・加工処理,福岡,熊本,15.2,機械展開(簡易・長崎バグ修正済)
392,再生資源回収・加工処理,福岡,鹿児島,16.4,機械展開(簡易・長崎バグ修正済)
392,再生資源回収・加工処理,福岡,沖縄,5.2,機械展開(簡易・長崎バグ修正済)
392,再生資源回収・加工処理,福岡,山口,181.8,機械展開(簡易・長崎バグ修正済)
392,再生資源回収・加工処理,福岡,大分,141.6,機械展開(簡易・長崎バグ修正済)
392,再生資源回収・加工処理,佐賀,長崎,3,機械展開(簡易・長崎バグ修正済)
392,再生資源回収・加工処理,佐賀,熊本,5.9,機械展開(簡易・長崎バグ修正済)
392,再生資源回収・加工処理,佐賀,鹿児島,4.7,機械展開(簡易・長崎バグ修正済)
392,再生資源回収・加工処理,佐賀,沖縄,1.2,機械展開(簡易・長崎バグ修正済)
392,再生資源回収・加工処理,佐賀,山口,27.9,機械展開(簡易・長崎バグ修正済)
392,再生資源回収・加工処理,佐賀,大分,29.7,機械展開(簡易・長崎バグ修正済)
392,再生資源回収・加工処理,長崎,佐賀,7.7,機械展開(簡易・長崎バグ修正済)
392,再生資源回収・加工処理,長崎,熊本,3.9,機械展開(簡易・長崎バグ修正済)
392,再生資源回収・加工処理,長崎,鹿児島,6.3,機械展開(簡易・長崎バグ修正済)
392,再生資源回収・加工処理,長崎,沖縄,1.2,機械展開(簡易・長崎バグ修正済)
392,再生資源回収・加工処理,長崎,山口,14.7,機械展開(簡易・長崎バグ修正済)
392,再生資源回収・加工処理,長崎,大分,16.5,機械展開(簡易・長崎バグ修正済)
392,再生資源回収・加工処理,熊本,佐賀,46.7,機械展開(簡易・長崎バグ修正済)
392,再生資源回収・加工処理,熊本,長崎,12.2,機械展開(簡易・長崎バグ修正済)
392,再生資源回収・加工処理,熊本,鹿児島,37.3,機械展開(簡易・長崎バグ修正済)
392,再生資源回収・加工処理,熊本,沖縄,6.5,機械展開(簡易・長崎バグ修正済)
392,再生資源回収・加工処理,熊本,山口,115.2,機械展開(簡易・長崎バグ修正済)
392,再生資源回収・加工処理,熊本,大分,206.1,機械展開(簡易・長崎バグ修正済)
392,再生資源回収・加工処理,鹿児島,佐賀,30.1,機械展開(簡易・長崎バグ修正済)
392,再生資源回収・加工処理,鹿児島,長崎,16.1,機械展開(簡易・長崎バグ修正済)
392,再生資源回収・加工処理,鹿児島,熊本,30.3,機械展開(簡易・長崎バグ修正済)
392,再生資源回収・加工処理,鹿児島,沖縄,28.2,機械展開(簡易・長崎バグ修正済)
392,再生資源回収・加工処理,鹿児島,山口,160.1,機械展開(簡易・長崎バグ修正済)
392,再生資源回収・加工処理,鹿児島,大分,217.2,機械展開(簡易・長崎バグ修正済)
392,再生資源回収・加工処理,沖縄,佐賀,4,機械展開(簡易・長崎バグ修正済)
392,再生資源回収・加工処理,沖縄,長崎,1.6,機械展開(簡易・長崎バグ修正済)
392,再生資源回収・加工処理,沖縄,熊本,2.7,機械展開(簡易・長崎バグ修正済)
392,再生資源回収・加工処理,沖縄,鹿児島,14.6,機械展開(簡易・長崎バグ修正済)
392,再生資源回収・加工処理,沖縄,山口,36,機械展開(簡易・長崎バグ修正済)
392,再生資源回収・加工処理,沖縄,大分,32.8,機械展開(簡易・長崎バグ修正済)
392,再生資源回収・加工処理,山口,佐賀,35.5,機械展開(簡易・長崎バグ修正済)
392,再生資源回収・加工処理,山口,長崎,7.4,機械展開(簡易・長崎バグ修正済)
392,再生資源回収・加工処理,山口,熊本,18.6,機械展開(簡易・長崎バグ修正済)
392,再生資源回収・加工処理,山口,鹿児島,31.8,機械展開(簡易・長崎バグ修正済)
392,再生資源回収・加工処理,山口,沖縄,13.8,機械展開(簡易・長崎バグ修正済)
392,再生資源回収・加工処理,山口,大分,515.9,機械展開(簡易・長崎バグ修正済)
392,再生資源回収・加工処理,大分,佐賀,94.5,機械展開(簡易・長崎バグ修正済)
392,再生資源回収・加工処理,大分,長崎,20.7,機械展開(簡易・長崎バグ修正済)
392,再生資源回収・加工処理,大分,熊本,83,機械展開(簡易・長崎バグ修正済)
392,再生資源回収・加工処理,大分,鹿児島,107.8,機械展開(簡易・長崎バグ修正済)
392,再生資源回収・加工処理,大分,沖縄,31.5,機械展開(簡易・長崎バグ修正済)
392,再生資源回収・加工処理,大分,山口,1288.3,機械展開(簡易・長崎バグ修正済)
412,建設補修,沖縄,大分,655.2,機械展開(簡易・長崎バグ修正済)
412,建設補修,大分,沖縄,127.6,機械展開(簡易・長崎バグ修正済)
461,電気,福岡,佐賀,82.4,機械展開(簡易・長崎バグ修正済)
461,電気,福岡,熊本,9.8,機械展開(簡易・長崎バグ修正済)
461,電気,福岡,宮崎,6.3,機械展開(簡易・長崎バグ修正済)
461,電気,福岡,山口,4.4,機械展開(簡易・長崎バグ修正済)
461,電気,福岡,大分,38,機械展開(簡易・長崎バグ修正済)
461,電気,佐賀,福岡,4593.8,機械展開(簡易・長崎バグ修正済)
461,電気,佐賀,熊本,227.1,機械展開(簡易・長崎バグ修正済)
461,電気,佐賀,宮崎,100.6,機械展開(簡易・長崎バグ修正済)
461,電気,佐賀,沖縄,5.3,機械展開(簡易・長崎バグ修正済)
461,電気,佐賀,山口,40.6,機械展開(簡易・長崎バグ修正済)
461,電気,佐賀,大分,476.4,機械展開(簡易・長崎バグ修正済)
461,電気,長崎,福岡,15403.7,機械展開(簡易・長崎バグ修正済)
461,電気,長崎,佐賀,6962.1,機械展開(簡易・長崎バグ修正済)
461,電気,長崎,熊本,2429.3,機械展開(簡易・長崎バグ修正済)
461,電気,長崎,宮崎,1620.7,機械展開(簡易・長崎バグ修正済)
461,電気,長崎,沖縄,84.4,機械展開(簡易・長崎バグ修正済)
461,電気,長崎,山口,345.3,機械展開(簡易・長崎バグ修正済)
461,電気,長崎,大分,4281.6,機械展開(簡易・長崎バグ修正済)
461,電気,熊本,福岡,267.1,機械展開(簡易・長崎バグ修正済)
461,電気,熊本,佐賀,111.6,機械展開(簡易・長崎バグ修正済)
461,電気,熊本,宮崎,39.7,機械展開(簡易・長崎バグ修正済)
461,電気,熊本,沖縄,1.2,機械展開(簡易・長崎バグ修正済)
461,電気,熊本,山口,7.1,機械展開(簡易・長崎バグ修正済)
461,電気,熊本,大分,140.9,機械展開(簡易・長崎バグ修正済)
461,電気,宮崎,福岡,9.3,機械展開(簡易・長崎バグ修正済)
461,電気,宮崎,佐賀,2.7,機械展開(簡易・長崎バグ修正済)
461,電気,宮崎,熊本,2.2,機械展開(簡易・長崎バグ修正済)
461,電気,宮崎,大分,8.9,機械展開(簡易・長崎バグ修正済)
461,電気,鹿児島,福岡,409,機械展開(簡易・長崎バグ修正済)
461,電気,鹿児島,佐賀,125.7,機械展開(簡易・長崎バグ修正済)
461,電気,鹿児島,熊本,86.5,機械展開(簡易・長崎バグ修正済)
461,電気,鹿児島,宮崎,355.4,機械展開(簡易・長崎バグ修正済)
461,電気,鹿児島,沖縄,9.2,機械展開(簡易・長崎バグ修正済)
461,電気,鹿児島,山口,17.3,機械展開(簡易・長崎バグ修正済)
461,電気,鹿児島,大分,259.2,機械展開(簡易・長崎バグ修正済)
461,電気,沖縄,福岡,10.1,機械展開(簡易・長崎バグ修正済)
461,電気,沖縄,佐賀,2.5,機械展開(簡易・長崎バグ修正済)
461,電気,沖縄,熊本,1.2,機械展開(簡易・長崎バグ修正済)
461,電気,沖縄,宮崎,2.9,機械展開(簡易・長崎バグ修正済)
461,電気,沖縄,山口,0.6,機械展開(簡易・長崎バグ修正済)
461,電気,沖縄,大分,5.9,機械展開(簡易・長崎バグ修正済)
461,電気,山口,福岡,9917.2,機械展開(簡易・長崎バグ修正済)
461,電気,山口,佐賀,1634,機械展開(簡易・長崎バグ修正済)
461,電気,山口,熊本,585.7,機械展開(簡易・長崎バグ修正済)
461,電気,山口,宮崎,705.9,機械展開(簡易・長崎バグ修正済)
461,電気,山口,沖縄,49.7,機械展開(簡易・長崎バグ修正済)
461,電気,山口,大分,6786.8,機械展開(簡易・長崎バグ修正済)
461,電気,大分,福岡,8544.5,機械展開(簡易・長崎バグ修正済)
461,電気,大分,佐賀,1923.7,機械展開(簡易・長崎バグ修正済)
461,電気,大分,熊本,1158.2,機械展開(簡易・長崎バグ修正済)
461,電気,大分,宮崎,1351.2,機械展開(簡易・長崎バグ修正済)
461,電気,大分,沖縄,50.1,機械展開(簡易・長崎バグ修正済)
461,電気,大分,山口,680.3,機械展開(簡易・長崎バグ修正済)
462,ガス・熱供給,福岡,佐賀,219.4,機械展開(簡易・長崎バグ修正済)
462,ガス・熱供給,福岡,長崎,627.6,機械展開(簡易・長崎バグ修正済)
462,ガス・熱供給,福岡,熊本,721.6,機械展開(簡易・長崎バグ修正済)
462,ガス・熱供給,福岡,宮崎,206.6,機械展開(簡易・長崎バグ修正済)
462,ガス・熱供給,福岡,鹿児島,257.1,機械展開(簡易・長崎バグ修正済)
462,ガス・熱供給,福岡,沖縄,12.2,機械展開(簡易・長崎バグ修正済)
462,ガス・熱供給,福岡,山口,496.6,機械展開(簡易・長崎バグ修正済)
462,ガス・熱供給,福岡,大分,963.4,機械展開(簡易・長崎バグ修正済)
462,ガス・熱供給,長崎,佐賀,0.6,機械展開(簡易・長崎バグ修正済)
462,ガス・熱供給,長崎,熊本,6.2,機械展開(簡易・長崎バグ修正済)
462,ガス・熱供給,長崎,宮崎,1.8,機械展開(簡易・長崎バグ修正済)
462,ガス・熱供給,長崎,鹿児島,3.3,機械展開(簡易・長崎バグ修正済)
462,ガス・熱供給,長崎,山口,1.3,機械展開(簡易・長崎バグ修正済)
462,ガス・熱供給,長崎,大分,3.7,機械展開(簡易・長崎バグ修正済)
462,ガス・熱供給,沖縄,長崎,2.4,機械展開(簡易・長崎バグ修正済)
462,ガス・熱供給,沖縄,熊本,2.3,機械展開(簡易・長崎バグ修正済)
462,ガス・熱供給,沖縄,宮崎,2.5,機械展開(簡易・長崎バグ修正済)
462,ガス・熱供給,沖縄,鹿児島,4,機械展開(簡易・長崎バグ修正済)
462,ガス・熱供給,沖縄,山口,1.7,機械展開(簡易・長崎バグ修正済)
462,ガス・熱供給,沖縄,大分,3.9,機械展開(簡易・長崎バグ修正済)
462,ガス・熱供給,大分,佐賀,0.6,機械展開(簡易・長崎バグ修正済)
462,ガス・熱供給,大分,長崎,4.7,機械展開(簡易・長崎バグ修正済)
462,ガス・熱供給,大分,熊本,10.3,機械展開(簡易・長崎バグ修正済)
462,ガス・熱供給,大分,宮崎,5.4,機械展開(簡易・長崎バグ修正済)
462,ガス・熱供給,大分,鹿児島,4.4,機械展開(簡易・長崎バグ修正済)
462,ガス・熱供給,大分,山口,9.2,機械展開(簡易・長崎バグ修正済)
471,水道,福岡,佐賀,2.4,機械展開(簡易・長崎バグ修正済)
471,水道,福岡,沖縄,5.3,機械展開(簡易・長崎バグ修正済)
471,水道,福岡,山口,74.8,機械展開(簡易・長崎バグ修正済)
471,水道,沖縄,山口,33.2,機械展開(簡易・長崎バグ修正済)
481,廃棄物処理,福岡,佐賀,50.2,機械展開(簡易・長崎バグ修正済)
481,廃棄物処理,福岡,長崎,265.3,機械展開(簡易・長崎バグ修正済)
481,廃棄物処理,福岡,熊本,79.5,機械展開(簡易・長崎バグ修正済)
481,廃棄物処理,福岡,沖縄,5,機械展開(簡易・長崎バグ修正済)
481,廃棄物処理,福岡,山口,1474.9,機械展開(簡易・長崎バグ修正済)
481,廃棄物処理,福岡,大分,10.5,機械展開(簡易・長崎バグ修正済)
481,廃棄物処理,佐賀,山口,0.7,機械展開(簡易・長崎バグ修正済)
481,廃棄物処理,長崎,熊本,0.7,機械展開(簡易・長崎バグ修正済)
481,廃棄物処理,長崎,山口,4,機械展開(簡易・長崎バグ修正済)
481,廃棄物処理,熊本,佐賀,16.8,機械展開(簡易・長崎バグ修正済)
481,廃棄物処理,熊本,長崎,283.7,機械展開(簡易・長崎バグ修正済)
481,廃棄物処理,熊本,沖縄,3.9,機械展開(簡易・長崎バグ修正済)
481,廃棄物処理,熊本,山口,590.5,機械展開(簡易・長崎バグ修正済)
481,廃棄物処理,熊本,大分,9.7,機械展開(簡易・長崎バグ修正済)
481,廃棄物処理,宮崎,長崎,0.6,機械展開(簡易・長崎バグ修正済)
481,廃棄物処理,宮崎,山口,2.3,機械展開(簡易・長崎バグ修正済)
481,廃棄物処理,沖縄,長崎,1.3,機械展開(簡易・長崎バグ修正済)
481,廃棄物処理,沖縄,山口,6.5,機械展開(簡易・長崎バグ修正済)
481,廃棄物処理,山口,福岡,0.8,機械展開(簡易・長崎バグ修正済)
481,廃棄物処理,山口,佐賀,78.6,機械展開(簡易・長崎バグ修正済)
481,廃棄物処理,山口,長崎,1054.5,機械展開(簡易・長崎バグ修正済)
481,廃棄物処理,山口,熊本,377.1,機械展開(簡易・長崎バグ修正済)
481,廃棄物処理,山口,沖縄,51.5,機械展開(簡易・長崎バグ修正済)
481,廃棄物処理,山口,大分,148.4,機械展開(簡易・長崎バグ修正済)
481,廃棄物処理,大分,佐賀,4.1,機械展開(簡易・長崎バグ修正済)
481,廃棄物処理,大分,長崎,58.4,機械展開(簡易・長崎バグ修正済)
481,廃棄物処理,大分,熊本,33.2,機械展開(簡易・長崎バグ修正済)
481,廃棄物処理,大分,沖縄,2.3,機械展開(簡易・長崎バグ修正済)
481,廃棄物処理,大分,山口,799.3,機械展開(簡易・長崎バグ修正済)
511,商業,福岡,佐賀,18674.9,機械展開(簡易・長崎バグ修正済)
511,商業,福岡,長崎,11208.2,機械展開(簡易・長崎バグ修正済)
511,商業,福岡,熊本,19222.7,機械展開(簡易・長崎バグ修正済)
511,商業,福岡,宮崎,18957.1,機械展開(簡易・長崎バグ修正済)
511,商業,福岡,鹿児島,39344.4,機械展開(簡易・長崎バグ修正済)
511,商業,福岡,沖縄,22379.7,機械展開(簡易・長崎バグ修正済)
511,商業,福岡,山口,33350.7,機械展開(簡易・長崎バグ修正済)
511,商業,福岡,大分,56399.8,機械展開(簡易・長崎バグ修正済)
511,商業,佐賀,福岡,3408,機械展開(簡易・長崎バグ修正済)
511,商業,佐賀,長崎,12.3,機械展開(簡易・長崎バグ修正済)
511,商業,佐賀,熊本,19.5,機械展開(簡易・長崎バグ修正済)
511,商業,佐賀,宮崎,13.3,機械展開(簡易・長崎バグ修正済)
511,商業,佐賀,鹿児島,29.3,機械展開(簡易・長崎バグ修正済)
511,商業,佐賀,沖縄,13.6,機械展開(簡易・長崎バグ修正済)
511,商業,佐賀,山口,13.3,機械展開(簡易・長崎バグ修正済)
511,商業,佐賀,大分,30.8,機械展開(簡易・長崎バグ修正済)
511,商業,長崎,福岡,9835.7,機械展開(簡易・長崎バグ修正済)
511,商業,長崎,佐賀,59.1,機械展開(簡易・長崎バグ修正済)
511,商業,長崎,熊本,179.5,機械展開(簡易・長崎バグ修正済)
511,商業,長崎,宮崎,184.2,機械展開(簡易・長崎バグ修正済)
511,商業,長崎,鹿児島,551,機械展開(簡易・長崎バグ修正済)
511,商業,長崎,沖縄,186.9,機械展開(簡易・長崎バグ修正済)
511,商業,長崎,山口,97.7,機械展開(簡易・長崎バグ修正済)
511,商業,長崎,大分,238.4,機械展開(簡易・長崎バグ修正済)
511,商業,熊本,福岡,10202.2,機械展開(簡易・長崎バグ修正済)
511,商業,熊本,佐賀,56.7,機械展開(簡易・長崎バグ修正済)
511,商業,熊本,長崎,108.5,機械展開(簡易・長崎バグ修正済)
511,商業,熊本,宮崎,269.8,機械展開(簡易・長崎バグ修正済)
511,商業,熊本,鹿児島,511,機械展開(簡易・長崎バグ修正済)
511,商業,熊本,沖縄,160.8,機械展開(簡易・長崎バグ修正済)
511,商業,熊本,山口,120.9,機械展開(簡易・長崎バグ修正済)
511,商業,熊本,大分,469.4,機械展開(簡易・長崎バグ修正済)
511,商業,宮崎,福岡,4745.2,機械展開(簡易・長崎バグ修正済)
511,商業,宮崎,佐賀,18.2,機械展開(簡易・長崎バグ修正済)
511,商業,宮崎,長崎,52.6,機械展開(簡易・長崎バグ修正済)
511,商業,宮崎,熊本,127.3,機械展開(簡易・長崎バグ修正済)
511,商業,宮崎,鹿児島,1523.4,機械展開(簡易・長崎バグ修正済)
511,商業,宮崎,沖縄,281.2,機械展開(簡易・長崎バグ修正済)
511,商業,宮崎,山口,105.8,機械展開(簡易・長崎バグ修正済)
511,商業,宮崎,大分,397.5,機械展開(簡易・長崎バグ修正済)
511,商業,鹿児島,福岡,27007.5,機械展開(簡易・長崎バグ修正済)
511,商業,鹿児島,佐賀,110.4,機械展開(簡易・長崎バグ修正済)
511,商業,鹿児島,長崎,431,機械展開(簡易・長崎バグ修正済)
511,商業,鹿児島,熊本,660.9,機械展開(簡易・長崎バグ修正済)
511,商業,鹿児島,宮崎,4177.6,機械展開(簡易・長崎バグ修正済)
511,商業,鹿児島,沖縄,2108.9,機械展開(簡易・長崎バグ修正済)
511,商業,鹿児島,山口,506.9,機械展開(簡易・長崎バグ修正済)
511,商業,鹿児島,大分,1492.7,機械展開(簡易・長崎バグ修正済)
511,商業,沖縄,福岡,17710.1,機械展開(簡易・長崎バグ修正済)
511,商業,沖縄,佐賀,58.8,機械展開(簡易・長崎バグ修正済)
511,商業,沖縄,長崎,168.5,機械展開(簡易・長崎バグ修正済)
511,商業,沖縄,熊本,239.7,機械展開(簡易・長崎バグ修正済)
511,商業,沖縄,宮崎,888.9,機械展開(簡易・長崎バグ修正済)
511,商業,沖縄,鹿児島,2431.2,機械展開(簡易・長崎バグ修正済)
511,商業,沖縄,山口,458.8,機械展開(簡易・長崎バグ修正済)
511,商業,沖縄,大分,907.1,機械展開(簡易・長崎バグ修正済)
511,商業,山口,福岡,6327.7,機械展開(簡易・長崎バグ修正済)
511,商業,山口,佐賀,13.9,機械展開(簡易・長崎バグ修正済)
511,商業,山口,長崎,21.1,機械展開(簡易・長崎バグ修正済)
511,商業,山口,熊本,43.2,機械展開(簡易・長崎バグ修正済)
511,商業,山口,宮崎,80.2,機械展開(簡易・長崎バグ修正済)
511,商業,山口,鹿児島,140.1,機械展開(簡易・長崎バグ修正済)
511,商業,山口,沖縄,110,機械展開(簡易・長崎バグ修正済)
511,商業,山口,大分,377.6,機械展開(簡易・長崎バグ修正済)
511,商業,大分,福岡,31587.3,機械展開(簡易・長崎バグ修正済)
511,商業,大分,佐賀,94.6,機械展開(簡易・長崎バグ修正済)
511,商業,大分,長崎,152.2,機械展開(簡易・長崎バグ修正済)
511,商業,大分,熊本,495.4,機械展開(簡易・長崎バグ修正済)
511,商業,大分,宮崎,889.3,機械展開(簡易・長崎バグ修正済)
511,商業,大分,鹿児島,1217.8,機械展開(簡易・長崎バグ修正済)
511,商業,大分,沖縄,642,機械展開(簡易・長崎バグ修正済)
511,商業,大分,山口,1114.7,機械展開(簡易・長崎バグ修正済)
531,金融・保険,福岡,佐賀,515.8,機械展開(簡易・長崎バグ修正済)
531,金融・保険,福岡,長崎,1440.6,機械展開(簡易・長崎バグ修正済)
531,金融・保険,福岡,熊本,2026.4,機械展開(簡易・長崎バグ修正済)
531,金融・保険,福岡,宮崎,812.6,機械展開(簡易・長崎バグ修正済)
531,金融・保険,福岡,鹿児島,257.3,機械展開(簡易・長崎バグ修正済)
531,金融・保険,福岡,沖縄,876.8,機械展開(簡易・長崎バグ修正済)
531,金融・保険,福岡,山口,2641.7,機械展開(簡易・長崎バグ修正済)
531,金融・保険,福岡,大分,1384.4,機械展開(簡易・長崎バグ修正済)
531,金融・保険,佐賀,福岡,669.3,機械展開(簡易・長崎バグ修正済)
531,金融・保険,佐賀,長崎,50.3,機械展開(簡易・長崎バグ修正済)
531,金融・保険,佐賀,熊本,65.4,機械展開(簡易・長崎バグ修正済)
531,金融・保険,佐賀,宮崎,18.1,機械展開(簡易・長崎バグ修正済)
531,金融・保険,佐賀,鹿児島,6.1,機械展開(簡易・長崎バグ修正済)
531,金融・保険,佐賀,沖縄,16.9,機械展開(簡易・長崎バグ修正済)
531,金融・保険,佐賀,山口,33.6,機械展開(簡易・長崎バグ修正済)
531,金融・保険,佐賀,大分,24.1,機械展開(簡易・長崎バグ修正済)
531,金融・保険,熊本,福岡,549.3,機械展開(簡易・長崎バグ修正済)
531,金融・保険,熊本,佐賀,13.7,機械展開(簡易・長崎バグ修正済)
531,金融・保険,熊本,長崎,121.8,機械展開(簡易・長崎バグ修正済)
531,金融・保険,熊本,宮崎,100.9,機械展開(簡易・長崎バグ修正済)
531,金融・保険,熊本,鹿児島,29.2,機械展開(簡易・長崎バグ修正済)
531,金融・保険,熊本,沖縄,55,機械展開(簡易・長崎バグ修正済)
531,金融・保険,熊本,山口,83.6,機械展開(簡易・長崎バグ修正済)
531,金融・保険,熊本,大分,100.6,機械展開(簡易・長崎バグ修正済)
531,金融・保険,宮崎,福岡,857.1,機械展開(簡易・長崎バグ修正済)
531,金融・保険,宮崎,佐賀,14.7,機械展開(簡易・長崎バグ修正済)
531,金融・保険,宮崎,長崎,197.8,機械展開(簡易・長崎バグ修正済)
531,金融・保険,宮崎,熊本,392.7,機械展開(簡易・長崎バグ修正済)
531,金融・保険,宮崎,鹿児島,291.6,機械展開(簡易・長崎バグ修正済)
531,金融・保険,宮崎,沖縄,322.5,機械展開(簡易・長崎バグ修正済)
531,金融・保険,宮崎,山口,245.3,機械展開(簡易・長崎バグ修正済)
531,金融・保険,宮崎,大分,285.6,機械展開(簡易・長崎バグ修正済)
531,金融・保険,鹿児島,福岡,0.9,機械展開(簡易・長崎バグ修正済)
531,金融・保険,鹿児島,宮崎,1,機械展開(簡易・長崎バグ修正済)
531,金融・保険,沖縄,福岡,197.6,機械展開(簡易・長崎バグ修正済)
531,金融・保険,沖縄,佐賀,2.9,機械展開(簡易・長崎バグ修正済)
531,金融・保険,沖縄,長崎,39.2,機械展開(簡易・長崎バグ修正済)
531,金融・保険,沖縄,熊本,45.7,機械展開(簡易・長崎バグ修正済)
531,金融・保険,沖縄,宮崎,68.9,機械展開(簡易・長崎バグ修正済)
531,金融・保険,沖縄,鹿児島,28.7,機械展開(簡易・長崎バグ修正済)
531,金融・保険,沖縄,山口,65.7,機械展開(簡易・長崎バグ修正済)
531,金融・保険,沖縄,大分,40.3,機械展開(簡易・長崎バグ修正済)
531,金融・保険,山口,福岡,1999.7,機械展開(簡易・長崎バグ修正済)
531,金融・保険,山口,佐賀,19.6,機械展開(簡易・長崎バグ修正済)
531,金融・保険,山口,長崎,139.1,機械展開(簡易・長崎バグ修正済)
531,金融・保険,山口,熊本,233.5,機械展開(簡易・長崎バグ修正済)
531,金融・保険,山口,宮崎,176.1,機械展開(簡易・長崎バグ修正済)
531,金融・保険,山口,鹿児島,46.9,機械展開(簡易・長崎バグ修正済)
531,金融・保険,山口,沖縄,220.8,機械展開(簡易・長崎バグ修正済)
531,金融・保険,山口,大分,474.8,機械展開(簡易・長崎バグ修正済)
531,金融・保険,大分,福岡,1103.2,機械展開(簡易・長崎バグ修正済)
531,金融・保険,大分,佐賀,14.8,機械展開(簡易・長崎バグ修正済)
531,金融・保険,大分,長崎,110.7,機械展開(簡易・長崎バグ修正済)
531,金融・保険,大分,熊本,295.6,機械展開(簡易・長崎バグ修正済)
531,金融・保険,大分,宮崎,215.8,機械展開(簡易・長崎バグ修正済)
531,金融・保険,大分,鹿児島,45.1,機械展開(簡易・長崎バグ修正済)
531,金融・保険,大分,沖縄,142.4,機械展開(簡易・長崎バグ修正済)
531,金融・保険,大分,山口,499.8,機械展開(簡易・長崎バグ修正済)
551,不動産仲介及び賃貸,福岡,長崎,6086.1,機械展開(簡易・長崎バグ修正済)
551,不動産仲介及び賃貸,福岡,熊本,595.1,機械展開(簡易・長崎バグ修正済)
551,不動産仲介及び賃貸,福岡,沖縄,1385.8,機械展開(簡易・長崎バグ修正済)
551,不動産仲介及び賃貸,福岡,山口,4924.3,機械展開(簡易・長崎バグ修正済)
551,不動産仲介及び賃貸,福岡,大分,324.8,機械展開(簡易・長崎バグ修正済)
551,不動産仲介及び賃貸,佐賀,福岡,2.3,機械展開(簡易・長崎バグ修正済)
551,不動産仲介及び賃貸,長崎,福岡,23.8,機械展開(簡易・長崎バグ修正済)
551,不動産仲介及び賃貸,熊本,福岡,4556.8,機械展開(簡易・長崎バグ修正済)
551,不動産仲介及び賃貸,宮崎,福岡,15.2,機械展開(簡易・長崎バグ修正済)
551,不動産仲介及び賃貸,沖縄,福岡,2774.1,機械展開(簡易・長崎バグ修正済)
551,不動産仲介及び賃貸,山口,福岡,291.7,機械展開(簡易・長崎バグ修正済)
551,不動産仲介及び賃貸,大分,福岡,61,機械展開(簡易・長崎バグ修正済)
552,住宅賃貸料,福岡,沖縄,0.8,機械展開(簡易・長崎バグ修正済)
552,住宅賃貸料,福岡,山口,250.7,機械展開(簡易・長崎バグ修正済)
552,住宅賃貸料,佐賀,山口,15.5,機械展開(簡易・長崎バグ修正済)
552,住宅賃貸料,宮崎,沖縄,1,機械展開(簡易・長崎バグ修正済)
552,住宅賃貸料,宮崎,山口,76.7,機械展開(簡易・長崎バグ修正済)
552,住宅賃貸料,沖縄,山口,805.6,機械展開(簡易・長崎バグ修正済)
552,住宅賃貸料,大分,山口,112.6,機械展開(簡易・長崎バグ修正済)
571,鉄道輸送,福岡,佐賀,685.7,機械展開(簡易・長崎バグ修正済)
571,鉄道輸送,福岡,長崎,755.7,機械展開(簡易・長崎バグ修正済)
571,鉄道輸送,福岡,熊本,1211.1,機械展開(簡易・長崎バグ修正済)
571,鉄道輸送,福岡,宮崎,202.4,機械展開(簡易・長崎バグ修正済)
571,鉄道輸送,福岡,鹿児島,975.7,機械展開(簡易・長崎バグ修正済)
571,鉄道輸送,福岡,沖縄,194.9,機械展開(簡易・長崎バグ修正済)
571,鉄道輸送,福岡,山口,838.3,機械展開(簡易・長崎バグ修正済)
571,鉄道輸送,福岡,大分,1447.3,機械展開(簡易・長崎バグ修正済)
571,鉄道輸送,佐賀,福岡,1.8,機械展開(簡易・長崎バグ修正済)
571,鉄道輸送,佐賀,長崎,33.2,機械展開(簡易・長崎バグ修正済)
571,鉄道輸送,佐賀,熊本,49.2,機械展開(簡易・長崎バグ修正済)
571,鉄道輸送,佐賀,宮崎,5.7,機械展開(簡易・長崎バグ修正済)
571,鉄道輸送,佐賀,鹿児島,29.2,機械展開(簡易・長崎バグ修正済)
571,鉄道輸送,佐賀,沖縄,4.7,機械展開(簡易・長崎バグ修正済)
571,鉄道輸送,佐賀,山口,13.4,機械展開(簡易・長崎バグ修正済)
571,鉄道輸送,佐賀,大分,31.7,機械展開(簡易・長崎バグ修正済)
571,鉄道輸送,長崎,福岡,1.4,機械展開(簡易・長崎バグ修正済)
571,鉄道輸送,長崎,佐賀,23,機械展開(簡易・長崎バグ修正済)
571,鉄道輸送,長崎,熊本,119.8,機械展開(簡易・長崎バグ修正済)
571,鉄道輸送,長崎,宮崎,20.8,機械展開(簡易・長崎バグ修正済)
571,鉄道輸送,長崎,鹿児島,144.8,機械展開(簡易・長崎バグ修正済)
571,鉄道輸送,長崎,沖縄,17.2,機械展開(簡易・長崎バグ修正済)
571,鉄道輸送,長崎,山口,26,機械展開(簡易・長崎バグ修正済)
571,鉄道輸送,長崎,大分,64.8,機械展開(簡易・長崎バグ修正済)
571,鉄道輸送,熊本,福岡,1.1,機械展開(簡易・長崎バグ修正済)
571,鉄道輸送,熊本,佐賀,17.5,機械展開(簡易・長崎バグ修正済)
571,鉄道輸送,熊本,長崎,61.7,機械展開(簡易・長崎バグ修正済)
571,鉄道輸送,熊本,宮崎,24.3,機械展開(簡易・長崎バグ修正済)
571,鉄道輸送,熊本,鹿児島,106.8,機械展開(簡易・長崎バグ修正済)
571,鉄道輸送,熊本,沖縄,11.8,機械展開(簡易・長崎バグ修正済)
571,鉄道輸送,熊本,山口,25.6,機械展開(簡易・長崎バグ修正済)
571,鉄道輸送,熊本,大分,101.5,機械展開(簡易・長崎バグ修正済)
571,鉄道輸送,宮崎,佐賀,3.2,機械展開(簡易・長崎バグ修正済)
571,鉄道輸送,宮崎,長崎,16.9,機械展開(簡易・長崎バグ修正済)
571,鉄道輸送,宮崎,熊本,38.1,機械展開(簡易・長崎バグ修正済)
571,鉄道輸送,宮崎,鹿児島,179.7,機械展開(簡易・長崎バグ修正済)
571,鉄道輸送,宮崎,沖縄,11.7,機械展開(簡易・長崎バグ修正済)
571,鉄道輸送,宮崎,山口,12.7,機械展開(簡易・長崎バグ修正済)
571,鉄道輸送,宮崎,大分,48.5,機械展開(簡易・長崎バグ修正済)
571,鉄道輸送,鹿児島,福岡,3.5,機械展開(簡易・長崎バグ修正済)
571,鉄道輸送,鹿児島,佐賀,39.7,機械展開(簡易・長崎バグ修正済)
571,鉄道輸送,鹿児島,長崎,284.7,機械展開(簡易・長崎バグ修正済)
571,鉄道輸送,鹿児島,熊本,407.9,機械展開(簡易・長崎バグ修正済)
571,鉄道輸送,鹿児島,宮崎,437,機械展開(簡易・長崎バグ修正済)
571,鉄道輸送,鹿児島,沖縄,179.9,機械展開(簡易・長崎バグ修正済)
571,鉄道輸送,鹿児島,山口,124.8,機械展開(簡易・長崎バグ修正済)
571,鉄道輸送,鹿児島,大分,375.2,機械展開(簡易・長崎バグ修正済)
571,鉄道輸送,沖縄,福岡,1.2,機械展開(簡易・長崎バグ修正済)
571,鉄道輸送,沖縄,佐賀,11.2,機械展開(簡易・長崎バグ修正済)
571,鉄道輸送,沖縄,長崎,58.9,機械展開(簡易・長崎バグ修正済)
571,鉄道輸送,沖縄,熊本,78.3,機械展開(簡易・長崎バグ修正済)
571,鉄道輸送,沖縄,宮崎,49.2,機械展開(簡易・長崎バグ修正済)
571,鉄道輸送,沖縄,鹿児島,312.6,機械展開(簡易・長崎バグ修正済)
571,鉄道輸送,沖縄,山口,59.8,機械展開(簡易・長崎バグ修正済)
571,鉄道輸送,沖縄,大分,120.7,機械展開(簡易・長崎バグ修正済)
571,鉄道輸送,山口,福岡,1.9,機械展開(簡易・長崎バグ修正済)
571,鉄道輸送,山口,佐賀,11.8,機械展開(簡易・長崎バグ修正済)
571,鉄道輸送,山口,長崎,33,機械展開(簡易・長崎バグ修正済)
571,鉄道輸送,山口,熊本,63.1,機械展開(簡易・長崎バグ修正済)
571,鉄道輸送,山口,宮崎,19.8,機械展開(簡易・長崎バグ修正済)
571,鉄道輸送,山口,鹿児島,80.5,機械展開(簡易・長崎バグ修正済)
571,鉄道輸送,山口,沖縄,22.2,機械展開(簡易・長崎バグ修正済)
571,鉄道輸送,山口,大分,224.5,機械展開(簡易・長崎バグ修正済)
571,鉄道輸送,大分,福岡,5.3,機械展開(簡易・長崎バグ修正済)
571,鉄道輸送,大分,佐賀,44.3,機械展開(簡易・長崎バグ修正済)
571,鉄道輸送,大分,長崎,130.9,機械展開(簡易・長崎バグ修正済)
571,鉄道輸送,大分,熊本,398.2,機械展開(簡易・長崎バグ修正済)
571,鉄道輸送,大分,宮崎,121.2,機械展開(簡易・長崎バグ修正済)
571,鉄道輸送,大分,鹿児島,385.4,機械展開(簡易・長崎バグ修正済)
571,鉄道輸送,大分,沖縄,71.3,機械展開(簡易・長崎バグ修正済)
571,鉄道輸送,大分,山口,357.5,機械展開(簡易・長崎バグ修正済)
572,道路輸送（自家輸送を除く。）,福岡,佐賀,635.3,機械展開(簡易・長崎バグ修正済)
572,道路輸送（自家輸送を除く。）,福岡,長崎,479.7,機械展開(簡易・長崎バグ修正済)
572,道路輸送（自家輸送を除く。）,福岡,熊本,31,機械展開(簡易・長崎バグ修正済)
572,道路輸送（自家輸送を除く。）,福岡,宮崎,231.4,機械展開(簡易・長崎バグ修正済)
572,道路輸送（自家輸送を除く。）,福岡,鹿児島,2496.2,機械展開(簡易・長崎バグ修正済)
572,道路輸送（自家輸送を除く。）,福岡,沖縄,396.3,機械展開(簡易・長崎バグ修正済)
572,道路輸送（自家輸送を除く。）,福岡,山口,3340.1,機械展開(簡易・長崎バグ修正済)
572,道路輸送（自家輸送を除く。）,福岡,大分,7589.8,機械展開(簡易・長崎バグ修正済)
572,道路輸送（自家輸送を除く。）,佐賀,福岡,1716.1,機械展開(簡易・長崎バグ修正済)
572,道路輸送（自家輸送を除く。）,佐賀,長崎,143.7,機械展開(簡易・長崎バグ修正済)
572,道路輸送（自家輸送を除く。）,佐賀,熊本,8.6,機械展開(簡易・長崎バグ修正済)
572,道路輸送（自家輸送を除く。）,佐賀,宮崎,44.3,機械展開(簡易・長崎バグ修正済)
572,道路輸送（自家輸送を除く。）,佐賀,鹿児島,508.2,機械展開(簡易・長崎バグ修正済)
572,道路輸送（自家輸送を除く。）,佐賀,沖縄,65.6,機械展開(簡易・長崎バグ修正済)
572,道路輸送（自家輸送を除く。）,佐賀,山口,364.6,機械展開(簡易・長崎バグ修正済)
572,道路輸送（自家輸送を除く。）,佐賀,大分,1132.1,機械展開(簡易・長崎バグ修正済)
572,道路輸送（自家輸送を除く。）,長崎,福岡,361.3,機械展開(簡易・長崎バグ修正済)
572,道路輸送（自家輸送を除く。）,長崎,佐賀,40.1,機械展開(簡易・長崎バグ修正済)
572,道路輸送（自家輸送を除く。）,長崎,熊本,5.8,機械展開(簡易・長崎バグ修正済)
572,道路輸送（自家輸送を除く。）,長崎,宮崎,44.8,機械展開(簡易・長崎バグ修正済)
572,道路輸送（自家輸送を除く。）,長崎,鹿児島,696.1,機械展開(簡易・長崎バグ修正済)
572,道路輸送（自家輸送を除く。）,長崎,沖縄,65.9,機械展開(簡易・長崎バグ修正済)
572,道路輸送（自家輸送を除く。）,長崎,山口,194.9,機械展開(簡易・長崎バグ修正済)
572,道路輸送（自家輸送を除く。）,長崎,大分,638.9,機械展開(簡易・長崎バグ修正済)
572,道路輸送（自家輸送を除く。）,熊本,福岡,256.4,機械展開(簡易・長崎バグ修正済)
572,道路輸送（自家輸送を除く。）,熊本,佐賀,26.3,機械展開(簡易・長崎バグ修正済)
572,道路輸送（自家輸送を除く。）,熊本,長崎,63.3,機械展開(簡易・長崎バグ修正済)
572,道路輸送（自家輸送を除く。）,熊本,宮崎,44.9,機械展開(簡易・長崎バグ修正済)
572,道路輸送（自家輸送を除く。）,熊本,鹿児島,441.7,機械展開(簡易・長崎バグ修正済)
572,道路輸送（自家輸送を除く。）,熊本,沖縄,38.8,機械展開(簡易・長崎バグ修正済)
572,道路輸送（自家輸送を除く。）,熊本,山口,165,機械展開(簡易・長崎バグ修正済)
572,道路輸送（自家輸送を除く。）,熊本,大分,860.6,機械展開(簡易・長崎バグ修正済)
572,道路輸送（自家輸送を除く。）,宮崎,福岡,139.6,機械展開(簡易・長崎バグ修正済)
572,道路輸送（自家輸送を除く。）,宮崎,佐賀,9.9,機械展開(簡易・長崎バグ修正済)
572,道路輸送（自家輸送を除く。）,宮崎,長崎,35.9,機械展開(簡易・長崎バグ修正済)
572,道路輸送（自家輸送を除く。）,宮崎,熊本,3.3,機械展開(簡易・長崎バグ修正済)
572,道路輸送（自家輸送を除く。）,宮崎,鹿児島,1541.6,機械展開(簡易・長崎バグ修正済)
572,道路輸送（自家輸送を除く。）,宮崎,沖縄,79.4,機械展開(簡易・長崎バグ修正済)
572,道路輸送（自家輸送を除く。）,宮崎,山口,169,機械展開(簡易・長崎バグ修正済)
572,道路輸送（自家輸送を除く。）,宮崎,大分,853.1,機械展開(簡易・長崎バグ修正済)
572,道路輸送（自家輸送を除く。）,鹿児島,福岡,1175.3,機械展開(簡易・長崎バグ修正済)
572,道路輸送（自家輸送を除く。）,鹿児島,佐賀,88.6,機械展開(簡易・長崎バグ修正済)
572,道路輸送（自家輸送を除く。）,鹿児島,長崎,435.3,機械展開(簡易・長崎バグ修正済)
572,道路輸送（自家輸送を除く。）,鹿児島,熊本,25.2,機械展開(簡易・長崎バグ修正済)
572,道路輸送（自家輸送を除く。）,鹿児島,宮崎,1203,機械展開(簡易・長崎バグ修正済)
572,道路輸送（自家輸送を除く。）,鹿児島,沖縄,881.1,機械展開(簡易・長崎バグ修正済)
572,道路輸送（自家輸送を除く。）,鹿児島,山口,1197.7,機械展開(簡易・長崎バグ修正済)
572,道路輸送（自家輸送を除く。）,鹿児島,大分,4739.1,機械展開(簡易・長崎バグ修正済)
572,道路輸送（自家輸送を除く。）,沖縄,福岡,144.7,機械展開(簡易・長崎バグ修正済)
572,道路輸送（自家輸送を除く。）,沖縄,佐賀,8.9,機械展開(簡易・長崎バグ修正済)
572,道路輸送（自家輸送を除く。）,沖縄,長崎,32,機械展開(簡易・長崎バグ修正済)
572,道路輸送（自家輸送を除く。）,沖縄,熊本,1.7,機械展開(簡易・長崎バグ修正済)
572,道路輸送（自家輸送を除く。）,沖縄,宮崎,48.1,機械展開(簡易・長崎バグ修正済)
572,道路輸送（自家輸送を除く。）,沖縄,鹿児島,683.3,機械展開(簡易・長崎バグ修正済)
572,道路輸送（自家輸送を除く。）,沖縄,山口,203.6,機械展開(簡易・長崎バグ修正済)
572,道路輸送（自家輸送を除く。）,沖縄,大分,540.8,機械展開(簡易・長崎バグ修正済)
572,道路輸送（自家輸送を除く。）,山口,福岡,893,機械展開(簡易・長崎バグ修正済)
572,道路輸送（自家輸送を除く。）,山口,佐賀,36.1,機械展開(簡易・長崎バグ修正済)
572,道路輸送（自家輸送を除く。）,山口,長崎,69.2,機械展開(簡易・長崎バグ修正済)
572,道路輸送（自家輸送を除く。）,山口,熊本,5.3,機械展開(簡易・長崎バグ修正済)
572,道路輸送（自家輸送を除く。）,山口,宮崎,74.9,機械展開(簡易・長崎バグ修正済)
572,道路輸送（自家輸送を除く。）,山口,鹿児島,680.1,機械展開(簡易・長崎バグ修正済)
572,道路輸送（自家輸送を除く。）,山口,沖縄,149,機械展開(簡易・長崎バグ修正済)
572,道路輸送（自家輸送を除く。）,山口,大分,3888.1,機械展開(簡易・長崎バグ修正済)
572,道路輸送（自家輸送を除く。）,大分,福岡,1060.6,機械展開(簡易・長崎バグ修正済)
572,道路輸送（自家輸送を除く。）,大分,佐賀,58.6,機械展開(簡易・長崎バグ修正済)
572,道路輸送（自家輸送を除く。）,大分,長崎,118.6,機械展開(簡易・長崎バグ修正済)
572,道路輸送（自家輸送を除く。）,大分,熊本,14.5,機械展開(簡易・長崎バグ修正済)
572,道路輸送（自家輸送を除く。）,大分,宮崎,197.6,機械展開(簡易・長崎バグ修正済)
572,道路輸送（自家輸送を除く。）,大分,鹿児島,1406.4,機械展開(簡易・長崎バグ修正済)
572,道路輸送（自家輸送を除く。）,大分,沖縄,206.9,機械展開(簡易・長崎バグ修正済)
572,道路輸送（自家輸送を除く。）,大分,山口,2032.1,機械展開(簡易・長崎バグ修正済)
574,水運,福岡,佐賀,108.8,機械展開(簡易・長崎バグ修正済)
574,水運,福岡,長崎,232.5,機械展開(簡易・長崎バグ修正済)
574,水運,福岡,熊本,93.6,機械展開(簡易・長崎バグ修正済)
574,水運,福岡,宮崎,82.2,機械展開(簡易・長崎バグ修正済)
574,水運,福岡,鹿児島,208.9,機械展開(簡易・長崎バグ修正済)
574,水運,福岡,沖縄,65.9,機械展開(簡易・長崎バグ修正済)
574,水運,福岡,山口,436.1,機械展開(簡易・長崎バグ修正済)
574,水運,福岡,大分,3390.1,機械展開(簡易・長崎バグ修正済)
574,水運,佐賀,福岡,57.3,機械展開(簡易・長崎バグ修正済)
574,水運,佐賀,長崎,3.3,機械展開(簡易・長崎バグ修正済)
574,水運,佐賀,熊本,1.2,機械展開(簡易・長崎バグ修正済)
574,水運,佐賀,宮崎,0.8,機械展開(簡易・長崎バグ修正済)
574,水運,佐賀,鹿児島,2,機械展開(簡易・長崎バグ修正済)
574,水運,佐賀,沖縄,0.5,機械展開(簡易・長崎バグ修正済)
574,水運,佐賀,山口,2.3,機械展開(簡易・長崎バグ修正済)
574,水運,佐賀,大分,24.2,機械展開(簡易・長崎バグ修正済)
574,水運,長崎,福岡,315.6,機械展開(簡易・長崎バグ修正済)
574,水運,長崎,佐賀,8.6,機械展開(簡易・長崎バグ修正済)
574,水運,長崎,熊本,21.8,機械展開(簡易・長崎バグ修正済)
574,水運,長崎,宮崎,19.9,機械展開(簡易・長崎バグ修正済)
574,水運,長崎,鹿児島,73,機械展開(簡易・長崎バグ修正済)
574,水運,長崎,沖縄,13.7,機械展開(簡易・長崎バグ修正済)
574,水運,長崎,山口,31.9,機械展開(簡易・長崎バグ修正済)
574,水運,長崎,大分,357.6,機械展開(簡易・長崎バグ修正済)
574,水運,熊本,福岡,3.7,機械展開(簡易・長崎バグ修正済)
574,水運,熊本,長崎,0.6,機械展開(簡易・長崎バグ修正済)
574,水運,熊本,鹿児島,0.8,機械展開(簡易・長崎バグ修正済)
574,水運,熊本,大分,7.9,機械展開(簡易・長崎バグ修正済)
574,水運,宮崎,福岡,37.8,機械展開(簡易・長崎バグ修正済)
574,水運,宮崎,佐賀,0.7,機械展開(簡易・長崎バグ修正済)
574,水運,宮崎,長崎,6.8,機械展開(簡易・長崎バグ修正済)
574,水運,宮崎,熊本,3.8,機械展開(簡易・長崎バグ修正済)
574,水運,宮崎,鹿児島,50.1,機械展開(簡易・長崎バグ修正済)
574,水運,宮崎,沖縄,5.1,機械展開(簡易・長崎バグ修正済)
574,水運,宮崎,山口,8.6,機械展開(簡易・長崎バグ修正済)
574,水運,宮崎,大分,148,機械展開(簡易・長崎バグ修正済)
574,水運,鹿児島,福岡,423.3,機械展開(簡易・長崎バグ修正済)
574,水運,鹿児島,佐賀,7.8,機械展開(簡易・長崎バグ修正済)
574,水運,鹿児島,長崎,109,機械展開(簡易・長崎バグ修正済)
574,水運,鹿児島,熊本,39.2,機械展開(簡易・長崎バグ修正済)
574,水運,鹿児島,宮崎,220.8,機械展開(簡易・長崎バグ修正済)
574,水運,鹿児島,沖縄,75.7,機械展開(簡易・長崎バグ修正済)
574,水運,鹿児島,山口,80.8,機械展開(簡易・長崎バグ修正済)
574,水運,鹿児島,大分,1093.8,機械展開(簡易・長崎バグ修正済)
574,水運,沖縄,福岡,316,機械展開(簡易・長崎バグ修正済)
574,水運,沖縄,佐賀,4.8,機械展開(簡易・長崎バグ修正済)
574,水運,沖縄,長崎,48.5,機械展開(簡易・長崎バグ修正済)
574,水運,沖縄,熊本,16.2,機械展開(簡易・長崎バグ修正済)
574,水運,沖縄,宮崎,53.5,機械展開(簡易・長崎バグ修正済)
574,水運,沖縄,鹿児島,179.2,機械展開(簡易・長崎バグ修正済)
574,水運,沖縄,山口,83.3,機械展開(簡易・長崎バグ修正済)
574,水運,沖縄,大分,756.7,機械展開(簡易・長崎バグ修正済)
574,水運,山口,福岡,472.3,機械展開(簡易・長崎バグ修正済)
574,水運,山口,佐賀,4.7,機械展開(簡易・長崎バグ修正済)
574,水運,山口,長崎,25.4,機械展開(簡易・長崎バグ修正済)
574,水運,山口,熊本,12.2,機械展開(簡易・長崎バグ修正済)
574,水運,山口,宮崎,20.2,機械展開(簡易・長崎バグ修正済)
574,水運,山口,鹿児島,43.2,機械展開(簡易・長崎バグ修正済)
574,水運,山口,沖縄,18.8,機械展開(簡易・長崎バグ修正済)
574,水運,山口,大分,1317.9,機械展開(簡易・長崎バグ修正済)
574,水運,大分,福岡,2829.3,機械展開(簡易・長崎バグ修正済)
574,水運,大分,佐賀,38.4,機械展開(簡易・長崎バグ修正済)
574,水運,大分,長崎,219.9,機械展開(簡易・長崎バグ修正済)
574,水運,大分,熊本,168.1,機械展開(簡易・長崎バグ修正済)
574,水運,大分,宮崎,268.6,機械展開(簡易・長崎バグ修正済)
574,水運,大分,鹿児島,450.6,機械展開(簡易・長崎バグ修正済)
574,水運,大分,沖縄,131.6,機械展開(簡易・長崎バグ修正済)
574,水運,大分,山口,1015.5,機械展開(簡易・長崎バグ修正済)
575,航空輸送,福岡,佐賀,636.5,機械展開(簡易・長崎バグ修正済)
575,航空輸送,福岡,長崎,160.1,機械展開(簡易・長崎バグ修正済)
575,航空輸送,福岡,熊本,398.9,機械展開(簡易・長崎バグ修正済)
575,航空輸送,福岡,宮崎,54.9,機械展開(簡易・長崎バグ修正済)
575,航空輸送,福岡,鹿児島,280,機械展開(簡易・長崎バグ修正済)
575,航空輸送,福岡,沖縄,176,機械展開(簡易・長崎バグ修正済)
575,航空輸送,福岡,山口,825.6,機械展開(簡易・長崎バグ修正済)
575,航空輸送,福岡,大分,1835.3,機械展開(簡易・長崎バグ修正済)
575,航空輸送,佐賀,福岡,185.2,機械展開(簡易・長崎バグ修正済)
575,航空輸送,佐賀,長崎,10.3,機械展開(簡易・長崎バグ修正済)
575,航空輸送,佐賀,熊本,23.7,機械展開(簡易・長崎バグ修正済)
575,航空輸送,佐賀,宮崎,2.3,機械展開(簡易・長崎バグ修正済)
575,航空輸送,佐賀,鹿児島,12.2,機械展開(簡易・長崎バグ修正済)
575,航空輸送,佐賀,沖縄,6.3,機械展開(簡易・長崎バグ修正済)
575,航空輸送,佐賀,山口,19.4,機械展開(簡易・長崎バグ修正済)
575,航空輸送,佐賀,大分,58.8,機械展開(簡易・長崎バグ修正済)
575,航空輸送,長崎,福岡,159.2,機械展開(簡易・長崎バグ修正済)
575,航空輸送,長崎,佐賀,35.2,機械展開(簡易・長崎バグ修正済)
575,航空輸送,長崎,熊本,65,機械展開(簡易・長崎バグ修正済)
575,航空輸送,長崎,宮崎,9.3,機械展開(簡易・長崎バグ修正済)
575,航空輸送,長崎,鹿児島,68.5,機械展開(簡易・長崎バグ修正済)
575,航空輸送,長崎,沖縄,25.7,機械展開(簡易・長崎バグ修正済)
575,航空輸送,長崎,山口,42.2,機械展開(簡易・長崎バグ修正済)
575,航空輸送,長崎,大分,135.5,機械展開(簡易・長崎バグ修正済)
575,航空輸送,熊本,福岡,172.5,機械展開(簡易・長崎バグ修正済)
575,航空輸送,熊本,佐賀,35.2,機械展開(簡易・長崎バグ修正済)
575,航空輸送,熊本,長崎,28.3,機械展開(簡易・長崎バグ修正済)
575,航空輸送,熊本,宮崎,14.3,機械展開(簡易・長崎バグ修正済)
575,航空輸送,熊本,鹿児島,66.3,機械展開(簡易・長崎バグ修正済)
575,航空輸送,熊本,沖縄,23.1,機械展開(簡易・長崎バグ修正済)
575,航空輸送,熊本,山口,54.6,機械展開(簡易・長崎バグ修正済)
575,航空輸送,熊本,大分,278.6,機械展開(簡易・長崎バグ修正済)
575,航空輸送,宮崎,福岡,9.7,機械展開(簡易・長崎バグ修正済)
575,航空輸送,宮崎,佐賀,1.4,機械展開(簡易・長崎バグ修正済)
575,航空輸送,宮崎,長崎,1.6,機械展開(簡易・長崎バグ修正済)
575,航空輸送,宮崎,熊本,5.8,機械展開(簡易・長崎バグ修正済)
575,航空輸送,宮崎,鹿児島,23.8,機械展開(簡易・長崎バグ修正済)
575,航空輸送,宮崎,沖縄,4.9,機械展開(簡易・長崎バグ修正済)
575,航空輸送,宮崎,山口,5.7,機械展開(簡易・長崎バグ修正済)
575,航空輸送,宮崎,大分,28.4,機械展開(簡易・長崎バグ修正済)
575,航空輸送,鹿児島,福岡,280.3,機械展開(簡易・長崎バグ修正済)
575,航空輸送,鹿児島,佐賀,42.1,機械展開(簡易・長崎バグ修正済)
575,航空輸送,鹿児島,長崎,68.9,機械展開(簡易・長崎バグ修正済)
575,航空輸送,鹿児島,熊本,153.5,機械展開(簡易・長崎バグ修正済)
575,航空輸送,鹿児島,宮崎,135.5,機械展開(簡易・長崎バグ修正済)
575,航空輸送,鹿児島,沖縄,185.7,機械展開(簡易・長崎バグ修正済)
575,航空輸送,鹿児島,山口,140.5,機械展開(簡易・長崎バグ修正済)
575,航空輸送,鹿児島,大分,543.8,機械展開(簡易・長崎バグ修正済)
575,航空輸送,沖縄,福岡,1487.2,機械展開(簡易・長崎バグ修正済)
575,航空輸送,沖縄,佐賀,181.5,機械展開(簡易・長崎バグ修正済)
575,航空輸送,沖縄,長崎,218.1,機械展開(簡易・長崎バグ修正済)
575,航空輸送,沖縄,熊本,450.6,機械展開(簡易・長崎バグ修正済)
575,航空輸送,沖縄,宮崎,233.3,機械展開(簡易・長崎バグ修正済)
575,航空輸送,沖縄,鹿児島,1567.5,機械展開(簡易・長崎バグ修正済)
575,航空輸送,沖縄,山口,1029,機械展開(簡易・長崎バグ修正済)
575,航空輸送,沖縄,大分,2674,機械展開(簡易・長崎バグ修正済)
575,航空輸送,山口,福岡,2.1,機械展開(簡易・長崎バグ修正済)
575,航空輸送,山口,大分,4.3,機械展開(簡易・長崎バグ修正済)
575,航空輸送,大分,福岡,94.5,機械展開(簡易・長崎バグ修正済)
575,航空輸送,大分,佐賀,10.4,機械展開(簡易・長崎バグ修正済)
575,航空輸送,大分,長崎,7,機械展開(簡易・長崎バグ修正済)
575,航空輸送,大分,熊本,33.2,機械展開(簡易・長崎バグ修正済)
575,航空輸送,大分,宮崎,8.3,機械展開(簡易・長崎バグ修正済)
575,航空輸送,大分,鹿児島,28,機械展開(簡易・長崎バグ修正済)
575,航空輸送,大分,沖縄,16.3,機械展開(簡易・長崎バグ修正済)
575,航空輸送,大分,山口,89,機械展開(簡易・長崎バグ修正済)
576,貨物利用運送,福岡,佐賀,36.1,機械展開(簡易・長崎バグ修正済)
576,貨物利用運送,福岡,長崎,246.5,機械展開(簡易・長崎バグ修正済)
576,貨物利用運送,福岡,熊本,276.5,機械展開(簡易・長崎バグ修正済)
576,貨物利用運送,福岡,宮崎,58.6,機械展開(簡易・長崎バグ修正済)
576,貨物利用運送,福岡,鹿児島,267.9,機械展開(簡易・長崎バグ修正済)
576,貨物利用運送,福岡,沖縄,5.2,機械展開(簡易・長崎バグ修正済)
576,貨物利用運送,福岡,山口,390.6,機械展開(簡易・長崎バグ修正済)
576,貨物利用運送,福岡,大分,500.1,機械展開(簡易・長崎バグ修正済)
576,貨物利用運送,佐賀,福岡,192.2,機械展開(簡易・長崎バグ修正済)
576,貨物利用運送,佐賀,長崎,10.1,機械展開(簡易・長崎バグ修正済)
576,貨物利用運送,佐賀,熊本,10.4,機械展開(簡易・長崎バグ修正済)
576,貨物利用運送,佐賀,宮崎,1.5,機械展開(簡易・長崎バグ修正済)
576,貨物利用運送,佐賀,鹿児島,7.4,機械展開(簡易・長崎バグ修正済)
576,貨物利用運送,佐賀,山口,5.8,機械展開(簡易・長崎バグ修正済)
576,貨物利用運送,佐賀,大分,10.2,機械展開(簡易・長崎バグ修正済)
576,貨物利用運送,長崎,福岡,79.6,機械展開(簡易・長崎バグ修正済)
576,貨物利用運送,長崎,佐賀,0.6,機械展開(簡易・長崎バグ修正済)
576,貨物利用運送,長崎,熊本,13.8,機械展開(簡易・長崎バグ修正済)
576,貨物利用運送,長崎,宮崎,3,機械展開(簡易・長崎バグ修正済)
576,貨物利用運送,長崎,鹿児島,20,機械展開(簡易・長崎バグ修正済)
576,貨物利用運送,長崎,山口,6.1,機械展開(簡易・長崎バグ修正済)
576,貨物利用運送,長崎,大分,11.3,機械展開(簡易・長崎バグ修正済)
576,貨物利用運送,熊本,福岡,54.4,機械展開(簡易・長崎バグ修正済)
576,貨物利用運送,熊本,長崎,8.4,機械展開(簡易・長崎バグ修正済)
576,貨物利用運送,熊本,宮崎,2.9,機械展開(簡易・長崎バグ修正済)
576,貨物利用運送,熊本,鹿児島,12.2,機械展開(簡易・長崎バグ修正済)
576,貨物利用運送,熊本,山口,5,機械展開(簡易・長崎バグ修正済)
576,貨物利用運送,熊本,大分,14.6,機械展開(簡易・長崎バグ修正済)
576,貨物利用運送,宮崎,福岡,17.8,機械展開(簡易・長崎バグ修正済)
576,貨物利用運送,宮崎,長崎,2.9,機械展開(簡易・長崎バグ修正済)
576,貨物利用運送,宮崎,熊本,4.5,機械展開(簡易・長崎バグ修正済)
576,貨物利用運送,宮崎,鹿児島,25.6,機械展開(簡易・長崎バグ修正済)
576,貨物利用運送,宮崎,山口,3.1,機械展開(簡易・長崎バグ修正済)
576,貨物利用運送,宮崎,大分,8.7,機械展開(簡易・長崎バグ修正済)
576,貨物利用運送,鹿児島,福岡,173.6,機械展開(簡易・長崎バグ修正済)
576,貨物利用運送,鹿児島,佐賀,0.9,機械展開(簡易・長崎バグ修正済)
576,貨物利用運送,鹿児島,長崎,40.2,機械展開(簡易・長崎バグ修正済)
576,貨物利用運送,鹿児島,熊本,40.3,機械展開(簡易・長崎バグ修正済)
576,貨物利用運送,鹿児島,宮崎,54.7,機械展開(簡易・長崎バグ修正済)
576,貨物利用運送,鹿児島,沖縄,2.1,機械展開(簡易・長崎バグ修正済)
576,貨物利用運送,鹿児島,山口,25.2,機械展開(簡易・長崎バグ修正済)
576,貨物利用運送,鹿児島,大分,56.1,機械展開(簡易・長崎バグ修正済)
576,貨物利用運送,沖縄,福岡,605.8,機械展開(簡易・長崎バグ修正済)
576,貨物利用運送,沖縄,佐賀,2.6,機械展開(簡易・長崎バグ修正済)
576,貨物利用運送,沖縄,長崎,83.6,機械展開(簡易・長崎バグ修正済)
576,貨物利用運送,沖縄,熊本,77.8,機械展開(簡易・長崎バグ修正済)
576,貨物利用運送,沖縄,宮崎,62,機械展開(簡易・長崎バグ修正済)
576,貨物利用運送,沖縄,鹿児島,373.4,機械展開(簡易・長崎バグ修正済)
576,貨物利用運送,沖縄,山口,121.2,機械展開(簡易・長崎バグ修正済)
576,貨物利用運送,沖縄,大分,181.4,機械展開(簡易・長崎バグ修正済)
576,貨物利用運送,山口,福岡,254.4,機械展開(簡易・長崎バグ修正済)
576,貨物利用運送,山口,佐賀,0.7,機械展開(簡易・長崎バグ修正済)
576,貨物利用運送,山口,長崎,12.3,機械展開(簡易・長崎バグ修正済)
576,貨物利用運送,山口,熊本,16.5,機械展開(簡易・長崎バグ修正済)
576,貨物利用運送,山口,宮崎,6.6,機械展開(簡易・長崎バグ修正済)
576,貨物利用運送,山口,鹿児島,25.3,機械展開(簡易・長崎バグ修正済)
576,貨物利用運送,山口,沖縄,0.7,機械展開(簡易・長崎バグ修正済)
576,貨物利用運送,山口,大分,88.8,機械展開(簡易・長崎バグ修正済)
576,貨物利用運送,大分,福岡,134.2,機械展開(簡易・長崎バグ修正済)
576,貨物利用運送,大分,佐賀,0.5,機械展開(簡易・長崎バグ修正済)
576,貨物利用運送,大分,長崎,9.4,機械展開(簡易・長崎バグ修正済)
576,貨物利用運送,大分,熊本,20,機械展開(簡易・長崎バグ修正済)
576,貨物利用運送,大分,宮崎,7.7,機械展開(簡易・長崎バグ修正済)
576,貨物利用運送,大分,鹿児島,23.2,機械展開(簡易・長崎バグ修正済)
576,貨物利用運送,大分,山口,36.6,機械展開(簡易・長崎バグ修正済)
577,倉庫,福岡,佐賀,1347.6,機械展開(簡易・長崎バグ修正済)
577,倉庫,福岡,長崎,1759.3,機械展開(簡易・長崎バグ修正済)
577,倉庫,福岡,熊本,652.4,機械展開(簡易・長崎バグ修正済)
577,倉庫,福岡,宮崎,777.7,機械展開(簡易・長崎バグ修正済)
577,倉庫,福岡,鹿児島,1430.1,機械展開(簡易・長崎バグ修正済)
577,倉庫,福岡,沖縄,326.9,機械展開(簡易・長崎バグ修正済)
577,倉庫,福岡,山口,2563,機械展開(簡易・長崎バグ修正済)
577,倉庫,福岡,大分,825.4,機械展開(簡易・長崎バグ修正済)
577,倉庫,佐賀,福岡,391.5,機械展開(簡易・長崎バグ修正済)
577,倉庫,佐賀,長崎,12.8,機械展開(簡易・長崎バグ修正済)
577,倉庫,佐賀,熊本,4.4,機械展開(簡易・長崎バグ修正済)
577,倉庫,佐賀,宮崎,3.6,機械展開(簡易・長崎バグ修正済)
577,倉庫,佐賀,鹿児島,7.1,機械展開(簡易・長崎バグ修正済)
577,倉庫,佐賀,沖縄,1.3,機械展開(簡易・長崎バグ修正済)
577,倉庫,佐賀,山口,6.8,機械展開(簡易・長崎バグ修正済)
577,倉庫,佐賀,大分,3,機械展開(簡易・長崎バグ修正済)
577,倉庫,長崎,福岡,228.9,機械展開(簡易・長崎バグ修正済)
577,倉庫,長崎,佐賀,5.7,機械展開(簡易・長崎バグ修正済)
577,倉庫,長崎,熊本,8.2,機械展開(簡易・長崎バグ修正済)
577,倉庫,長崎,宮崎,10.1,機械展開(簡易・長崎バグ修正済)
577,倉庫,長崎,鹿児島,26.9,機械展開(簡易・長崎バグ修正済)
577,倉庫,長崎,沖縄,3.7,機械展開(簡易・長崎バグ修正済)
577,倉庫,長崎,山口,10.1,機械展開(簡易・長崎バグ修正済)
577,倉庫,長崎,大分,4.7,機械展開(簡易・長崎バグ修正済)
577,倉庫,熊本,福岡,0.8,機械展開(簡易・長崎バグ修正済)
577,倉庫,宮崎,福岡,65.6,機械展開(簡易・長崎バグ修正済)
577,倉庫,宮崎,佐賀,1,機械展開(簡易・長崎バグ修正済)
577,倉庫,宮崎,長崎,6.6,機械展開(簡易・長崎バグ修正済)
577,倉庫,宮崎,熊本,3.4,機械展開(簡易・長崎バグ修正済)
577,倉庫,宮崎,鹿児島,44.1,機械展開(簡易・長崎バグ修正済)
577,倉庫,宮崎,沖縄,3.3,機械展開(簡易・長崎バグ修正済)
577,倉庫,宮崎,山口,6.5,機械展開(簡易・長崎バグ修正済)
577,倉庫,宮崎,大分,4.6,機械展開(簡易・長崎バグ修正済)
577,倉庫,鹿児島,福岡,1638.1,機械展開(簡易・長崎バグ修正済)
577,倉庫,鹿児島,佐賀,27.9,機械展開(簡易・長崎バグ修正済)
577,倉庫,鹿児島,長崎,236.7,機械展開(簡易・長崎バグ修正済)
577,倉庫,鹿児島,熊本,78.5,機械展開(簡易・長崎バグ修正済)
577,倉庫,鹿児島,宮崎,599.6,機械展開(簡易・長崎バグ修正済)
577,倉庫,鹿児島,沖縄,107.8,機械展開(簡易・長崎バグ修正済)
577,倉庫,鹿児島,山口,136.3,機械展開(簡易・長崎バグ修正済)
577,倉庫,鹿児島,大分,76.4,機械展開(簡易・長崎バグ修正済)
577,倉庫,沖縄,福岡,614.9,機械展開(簡易・長崎バグ修正済)
577,倉庫,沖縄,佐賀,8.5,機械展開(簡易・長崎バグ修正済)
577,倉庫,沖縄,長崎,53,機械展開(簡易・長崎バグ修正済)
577,倉庫,沖縄,熊本,16.3,機械展開(簡易・長崎バグ修正済)
577,倉庫,沖縄,宮崎,73,機械展開(簡易・長崎バグ修正済)
577,倉庫,沖縄,鹿児島,177,機械展開(簡易・長崎バグ修正済)
577,倉庫,沖縄,山口,70.6,機械展開(簡易・長崎バグ修正済)
577,倉庫,沖縄,大分,26.6,機械展開(簡易・長崎バグ修正済)
577,倉庫,山口,福岡,552.6,機械展開(簡易・長崎バグ修正済)
577,倉庫,山口,佐賀,5,機械展開(簡易・長崎バグ修正済)
577,倉庫,山口,長崎,16.7,機械展開(簡易・長崎バグ修正済)
577,倉庫,山口,熊本,7.4,機械展開(簡易・長崎バグ修正済)
577,倉庫,山口,宮崎,16.6,機械展開(簡易・長崎バグ修正済)
577,倉庫,山口,鹿児島,25.7,機械展開(簡易・長崎バグ修正済)
577,倉庫,山口,沖縄,8.1,機械展開(簡易・長崎バグ修正済)
577,倉庫,山口,大分,27.8,機械展開(簡易・長崎バグ修正済)
577,倉庫,大分,福岡,3020.6,機械展開(簡易・長崎バグ修正済)
577,倉庫,大分,佐賀,37.6,機械展開(簡易・長崎バグ修正済)
577,倉庫,大分,長崎,131.7,機械展開(簡易・長崎バグ修正済)
577,倉庫,大分,熊本,92.7,機械展開(簡易・長崎バグ修正済)
577,倉庫,大分,宮崎,201.2,機械展開(簡易・長崎バグ修正済)
577,倉庫,大分,鹿児島,244.2,機械展開(簡易・長崎バグ修正済)
577,倉庫,大分,沖縄,51.7,機械展開(簡易・長崎バグ修正済)
577,倉庫,大分,山口,472.5,機械展開(簡易・長崎バグ修正済)
578,運輸附帯サービス,福岡,佐賀,461.6,機械展開(簡易・長崎バグ修正済)
578,運輸附帯サービス,福岡,長崎,763.2,機械展開(簡易・長崎バグ修正済)
578,運輸附帯サービス,福岡,熊本,283.6,機械展開(簡易・長崎バグ修正済)
578,運輸附帯サービス,福岡,宮崎,78.2,機械展開(簡易・長崎バグ修正済)
578,運輸附帯サービス,福岡,鹿児島,551.1,機械展開(簡易・長崎バグ修正済)
578,運輸附帯サービス,福岡,沖縄,500.9,機械展開(簡易・長崎バグ修正済)
578,運輸附帯サービス,福岡,山口,327.6,機械展開(簡易・長崎バグ修正済)
578,運輸附帯サービス,福岡,大分,1307.9,機械展開(簡易・長崎バグ修正済)
578,運輸附帯サービス,佐賀,福岡,40,機械展開(簡易・長崎バグ修正済)
578,運輸附帯サービス,佐賀,長崎,7.2,機械展開(簡易・長崎バグ修正済)
578,運輸附帯サービス,佐賀,熊本,2.5,機械展開(簡易・長崎バグ修正済)
578,運輸附帯サービス,佐賀,鹿児島,3.5,機械展開(簡易・長崎バグ修正済)
578,運輸附帯サービス,佐賀,沖縄,2.6,機械展開(簡易・長崎バグ修正済)
578,運輸附帯サービス,佐賀,山口,1.1,機械展開(簡易・長崎バグ修正済)
578,運輸附帯サービス,佐賀,大分,6.1,機械展開(簡易・長崎バグ修正済)
578,運輸附帯サービス,長崎,福岡,945,機械展開(簡易・長崎バグ修正済)
578,運輸附帯サービス,長崎,佐賀,102.6,機械展開(簡易・長崎バグ修正済)
578,運輸附帯サービス,長崎,熊本,186,機械展開(簡易・長崎バグ修正済)
578,運輸附帯サービス,長崎,宮崎,53.4,機械展開(簡易・長崎バグ修正済)
578,運輸附帯サービス,長崎,鹿児島,542.1,機械展開(簡易・長崎バグ修正済)
578,運輸附帯サービス,長崎,沖縄,293.8,機械展開(簡易・長崎バグ修正済)
578,運輸附帯サービス,長崎,山口,67.4,機械展開(簡易・長崎バグ修正済)
578,運輸附帯サービス,長崎,大分,388.3,機械展開(簡易・長崎バグ修正済)
578,運輸附帯サービス,熊本,福岡,785.6,機械展開(簡易・長崎バグ修正済)
578,運輸附帯サービス,熊本,佐賀,78.9,機械展開(簡易・長崎バグ修正済)
578,運輸附帯サービス,熊本,長崎,416.1,機械展開(簡易・長崎バグ修正済)
578,運輸附帯サービス,熊本,宮崎,62.7,機械展開(簡易・長崎バグ修正済)
578,運輸附帯サービス,熊本,鹿児島,403,機械展開(簡易・長崎バグ修正済)
578,運輸附帯サービス,熊本,沖縄,202.6,機械展開(簡易・長崎バグ修正済)
578,運輸附帯サービス,熊本,山口,66.9,機械展開(簡易・長崎バグ修正済)
578,運輸附帯サービス,熊本,大分,612.9,機械展開(簡易・長崎バグ修正済)
578,運輸附帯サービス,宮崎,福岡,120.2,機械展開(簡易・長崎バグ修正済)
578,運輸附帯サービス,宮崎,佐賀,8.3,機械展開(簡易・長崎バグ修正済)
578,運輸附帯サービス,宮崎,長崎,66.3,機械展開(簡易・長崎バグ修正済)
578,運輸附帯サービス,宮崎,熊本,34.8,機械展開(簡易・長崎バグ修正済)
578,運輸附帯サービス,宮崎,鹿児島,395.2,機械展開(簡易・長崎バグ修正済)
578,運輸附帯サービス,宮崎,沖縄,116.6,機械展開(簡易・長崎バグ修正済)
578,運輸附帯サービス,宮崎,山口,19.3,機械展開(簡易・長崎バグ修正済)
578,運輸附帯サービス,宮崎,大分,170.7,機械展開(簡易・長崎バグ修正済)
578,運輸附帯サービス,鹿児島,福岡,233.8,機械展開(簡易・長崎バグ修正済)
578,運輸附帯サービス,鹿児島,佐賀,17.3,機械展開(簡易・長崎バグ修正済)
578,運輸附帯サービス,鹿児島,長崎,185.7,機械展開(簡易・長崎バグ修正済)
578,運輸附帯サービス,鹿児島,熊本,61.7,機械展開(簡易・長崎バグ修正済)
578,運輸附帯サービス,鹿児島,宮崎,109.1,機械展開(簡易・長崎バグ修正済)
578,運輸附帯サービス,鹿児島,沖縄,298.7,機械展開(簡易・長崎バグ修正済)
578,運輸附帯サービス,鹿児島,山口,31.5,機械展開(簡易・長崎バグ修正済)
578,運輸附帯サービス,鹿児島,大分,219.1,機械展開(簡易・長崎バグ修正済)
578,運輸附帯サービス,沖縄,福岡,797.4,機械展開(簡易・長崎バグ修正済)
578,運輸附帯サービス,沖縄,佐賀,47.8,機械展開(簡易・長崎バグ修正済)
578,運輸附帯サービス,沖縄,長崎,377.7,機械展開(簡易・長崎バグ修正済)
578,運輸附帯サービス,沖縄,熊本,116.4,機械展開(簡易・長崎バグ修正済)
578,運輸附帯サービス,沖縄,宮崎,120.8,機械展開(簡易・長崎バグ修正済)
578,運輸附帯サービス,沖縄,鹿児島,1121,機械展開(簡易・長崎バグ修正済)
578,運輸附帯サービス,沖縄,山口,148.4,機械展開(簡易・長崎バグ修正済)
578,運輸附帯サービス,沖縄,大分,692.4,機械展開(簡易・長崎バグ修正済)
578,運輸附帯サービス,山口,福岡,1992.7,機械展開(簡易・長崎バグ修正済)
578,運輸附帯サービス,山口,佐賀,78.9,機械展開(簡易・長崎バグ修正済)
578,運輸附帯サービス,山口,長崎,331.2,機械展開(簡易・長崎バグ修正済)
578,運輸附帯サービス,山口,熊本,146.8,機械展開(簡易・長崎バグ修正済)
578,運輸附帯サービス,山口,宮崎,76.2,機械展開(簡易・長崎バグ修正済)
578,運輸附帯サービス,山口,鹿児島,451.8,機械展開(簡易・長崎バグ修正済)
578,運輸附帯サービス,山口,沖縄,566.8,機械展開(簡易・長崎バグ修正済)
578,運輸附帯サービス,山口,大分,2016.1,機械展開(簡易・長崎バグ修正済)
578,運輸附帯サービス,大分,福岡,754.4,機械展開(簡易・長崎バグ修正済)
578,運輸附帯サービス,大分,佐賀,40.8,機械展開(簡易・長崎バグ修正済)
578,運輸附帯サービス,大分,長崎,180.9,機械展開(簡易・長崎バグ修正済)
578,運輸附帯サービス,大分,熊本,127.6,機械展開(簡易・長崎バグ修正済)
578,運輸附帯サービス,大分,宮崎,64.1,機械展開(簡易・長崎バグ修正済)
578,運輸附帯サービス,大分,鹿児島,297.9,機械展開(簡易・長崎バグ修正済)
578,運輸附帯サービス,大分,沖縄,250.9,機械展開(簡易・長崎バグ修正済)
578,運輸附帯サービス,大分,山口,191.2,機械展開(簡易・長崎バグ修正済)
579,郵便・信書便,福岡,佐賀,3.8,機械展開(簡易・長崎バグ修正済)
579,郵便・信書便,福岡,長崎,6.3,機械展開(簡易・長崎バグ修正済)
579,郵便・信書便,福岡,熊本,6.4,機械展開(簡易・長崎バグ修正済)
579,郵便・信書便,福岡,鹿児島,1.3,機械展開(簡易・長崎バグ修正済)
579,郵便・信書便,福岡,沖縄,16.3,機械展開(簡易・長崎バグ修正済)
579,郵便・信書便,福岡,山口,20.5,機械展開(簡易・長崎バグ修正済)
579,郵便・信書便,福岡,大分,13.9,機械展開(簡易・長崎バグ修正済)
579,郵便・信書便,熊本,福岡,3,機械展開(簡易・長崎バグ修正済)
579,郵便・信書便,熊本,佐賀,31.9,機械展開(簡易・長崎バグ修正済)
579,郵便・信書便,熊本,長崎,171.7,機械展開(簡易・長崎バグ修正済)
579,郵便・信書便,熊本,鹿児島,48.6,機械展開(簡易・長崎バグ修正済)
579,郵便・信書便,熊本,沖縄,328,機械展開(簡易・長崎バグ修正済)
579,郵便・信書便,熊本,山口,208.3,機械展開(簡易・長崎バグ修正済)
579,郵便・信書便,熊本,大分,322.5,機械展開(簡易・長崎バグ修正済)
579,郵便・信書便,宮崎,沖縄,1.9,機械展開(簡易・長崎バグ修正済)
579,郵便・信書便,宮崎,山口,0.6,機械展開(簡易・長崎バグ修正済)
579,郵便・信書便,宮崎,大分,0.9,機械展開(簡易・長崎バグ修正済)
579,郵便・信書便,鹿児島,福岡,1.3,機械展開(簡易・長崎バグ修正済)
579,郵便・信書便,鹿児島,佐賀,10.5,機械展開(簡易・長崎バグ修正済)
579,郵便・信書便,鹿児島,長崎,115.5,機械展開(簡易・長崎バグ修正済)
579,郵便・信書便,鹿児島,熊本,104.1,機械展開(簡易・長崎バグ修正済)
579,郵便・信書便,鹿児島,沖縄,728.6,機械展開(簡易・長崎バグ修正済)
579,郵便・信書便,鹿児島,山口,147.8,機械展開(簡易・長崎バグ修正済)
579,郵便・信書便,鹿児島,大分,173.7,機械展開(簡易・長崎バグ修正済)
579,郵便・信書便,沖縄,佐賀,0.6,機械展開(簡易・長崎バグ修正済)
579,郵便・信書便,沖縄,長崎,4.5,機械展開(簡易・長崎バグ修正済)
579,郵便・信書便,沖縄,熊本,3.7,機械展開(簡易・長崎バグ修正済)
579,郵便・信書便,沖縄,鹿児島,3.9,機械展開(簡易・長崎バグ修正済)
579,郵便・信書便,沖縄,山口,13.2,機械展開(簡易・長崎バグ修正済)
579,郵便・信書便,沖縄,大分,10.4,機械展開(簡易・長崎バグ修正済)
579,郵便・信書便,山口,沖縄,2.5,機械展開(簡易・長崎バグ修正済)
579,郵便・信書便,山口,大分,2.9,機械展開(簡易・長崎バグ修正済)
579,郵便・信書便,大分,佐賀,1.8,機械展開(簡易・長崎バグ修正済)
579,郵便・信書便,大分,長崎,8.1,機械展開(簡易・長崎バグ修正済)
579,郵便・信書便,大分,熊本,15.5,機械展開(簡易・長崎バグ修正済)
579,郵便・信書便,大分,鹿児島,3.9,機械展開(簡易・長崎バグ修正済)
579,郵便・信書便,大分,沖縄,44.1,機械展開(簡易・長崎バグ修正済)
579,郵便・信書便,大分,山口,64.6,機械展開(簡易・長崎バグ修正済)
591,通信,福岡,佐賀,195.8,機械展開(簡易・長崎バグ修正済)
591,通信,福岡,長崎,357.9,機械展開(簡易・長崎バグ修正済)
591,通信,福岡,熊本,649.8,機械展開(簡易・長崎バグ修正済)
591,通信,福岡,宮崎,1696.4,機械展開(簡易・長崎バグ修正済)
591,通信,福岡,鹿児島,1394.6,機械展開(簡易・長崎バグ修正済)
591,通信,福岡,沖縄,3166,機械展開(簡易・長崎バグ修正済)
591,通信,福岡,山口,3447.7,機械展開(簡易・長崎バグ修正済)
591,通信,福岡,大分,974.3,機械展開(簡易・長崎バグ修正済)
591,通信,佐賀,福岡,11.4,機械展開(簡易・長崎バグ修正済)
591,通信,佐賀,長崎,0.6,機械展開(簡易・長崎バグ修正済)
591,通信,佐賀,熊本,1,機械展開(簡易・長崎バグ修正済)
591,通信,佐賀,宮崎,1.9,機械展開(簡易・長崎バグ修正済)
591,通信,佐賀,鹿児島,1.7,機械展開(簡易・長崎バグ修正済)
591,通信,佐賀,沖縄,3.1,機械展開(簡易・長崎バグ修正済)
591,通信,佐賀,山口,2.2,機械展開(簡易・長崎バグ修正済)
591,通信,佐賀,大分,0.8,機械展開(簡易・長崎バグ修正済)
591,通信,長崎,福岡,128.2,機械展開(簡易・長崎バグ修正済)
591,通信,長崎,佐賀,3.8,機械展開(簡易・長崎バグ修正済)
591,通信,長崎,熊本,37.6,機械展開(簡易・長崎バグ修正済)
591,通信,長崎,宮崎,102.2,機械展開(簡易・長崎バグ修正済)
591,通信,長崎,鹿児島,121,機械展開(簡易・長崎バグ修正済)
591,通信,長崎,沖縄,163.8,機械展開(簡易・長崎バグ修正済)
591,通信,長崎,山口,62.6,機械展開(簡易・長崎バグ修正済)
591,通信,長崎,大分,25.5,機械展開(簡易・長崎バグ修正済)
591,通信,熊本,福岡,162.9,機械展開(簡易・長崎バグ修正済)
591,通信,熊本,佐賀,4.5,機械展開(簡易・長崎バグ修正済)
591,通信,熊本,長崎,26.3,機械展開(簡易・長崎バグ修正済)
591,通信,熊本,宮崎,183.3,機械展開(簡易・長崎バグ修正済)
591,通信,熊本,鹿児島,137.5,機械展開(簡易・長崎バグ修正済)
591,通信,熊本,沖縄,172.7,機械展開(簡易・長崎バグ修正済)
591,通信,熊本,山口,94.9,機械展開(簡易・長崎バグ修正済)
591,通信,熊本,大分,61.6,機械展開(簡易・長崎バグ修正済)
591,通信,宮崎,福岡,5.3,機械展開(簡易・長崎バグ修正済)
591,通信,宮崎,長崎,0.9,機械展開(簡易・長崎バグ修正済)
591,通信,宮崎,熊本,2.3,機械展開(簡易・長崎バグ修正済)
591,通信,宮崎,鹿児島,28.6,機械展開(簡易・長崎バグ修正済)
591,通信,宮崎,沖縄,21,機械展開(簡易・長崎バグ修正済)
591,通信,宮崎,山口,5.8,機械展開(簡易・長崎バグ修正済)
591,通信,宮崎,大分,3.6,機械展開(簡易・長崎バグ修正済)
591,通信,鹿児島,福岡,242.3,機械展開(簡易・長崎バグ修正済)
591,通信,鹿児島,佐賀,4.9,機械展開(簡易・長崎バグ修正済)
591,通信,鹿児島,長崎,58.7,機械展開(簡易・長崎バグ修正済)
591,通信,鹿児島,熊本,95.3,機械展開(簡易・長崎バグ修正済)
591,通信,鹿児島,宮崎,1594.7,機械展開(簡易・長崎バグ修正済)
591,通信,鹿児島,沖縄,1272.6,機械展開(簡易・長崎バグ修正済)
591,通信,鹿児島,山口,223.5,機械展開(簡易・長崎バグ修正済)
591,通信,鹿児島,大分,110,機械展開(簡易・長崎バグ修正済)
591,通信,沖縄,福岡,115.6,機械展開(簡易・長崎バグ修正済)
591,通信,沖縄,佐賀,1.9,機械展開(簡易・長崎バグ修正済)
591,通信,沖縄,長崎,16.7,機械展開(簡易・長崎バグ修正済)
591,通信,沖縄,熊本,25.2,機械展開(簡易・長崎バグ修正済)
591,通信,沖縄,宮崎,246.9,機械展開(簡易・長崎バグ修正済)
591,通信,沖縄,鹿児島,267.5,機械展開(簡易・長崎バグ修正済)
591,通信,沖縄,山口,147.2,機械展開(簡易・長崎バグ修正済)
591,通信,沖縄,大分,48.6,機械展開(簡易・長崎バグ修正済)
591,通信,山口,福岡,49.1,機械展開(簡易・長崎バグ修正済)
591,通信,山口,佐賀,0.5,機械展開(簡易・長崎バグ修正済)
591,通信,山口,長崎,2.5,機械展開(簡易・長崎バグ修正済)
591,通信,山口,熊本,5.4,機械展開(簡易・長崎バグ修正済)
591,通信,山口,宮崎,26.5,機械展開(簡易・長崎バグ修正済)
591,通信,山口,鹿児島,18.3,機械展開(簡易・長崎バグ修正済)
591,通信,山口,沖縄,57.4,機械展開(簡易・長崎バグ修正済)
591,通信,山口,大分,24.1,機械展開(簡易・長崎バグ修正済)
591,通信,大分,福岡,44.4,機械展開(簡易・長崎バグ修正済)
591,通信,大分,佐賀,0.7,機械展開(簡易・長崎バグ修正済)
591,通信,大分,長崎,3.2,機械展開(簡易・長崎バグ修正済)
591,通信,大分,熊本,11.2,機械展開(簡易・長崎バグ修正済)
591,通信,大分,宮崎,53.1,機械展開(簡易・長崎バグ修正済)
591,通信,大分,鹿児島,28.8,機械展開(簡易・長崎バグ修正済)
591,通信,大分,沖縄,60.6,機械展開(簡易・長崎バグ修正済)
591,通信,大分,山口,76.9,機械展開(簡易・長崎バグ修正済)
592,放送,福岡,長崎,870.7,機械展開(簡易・長崎バグ修正済)
592,放送,福岡,宮崎,172.3,機械展開(簡易・長崎バグ修正済)
592,放送,福岡,鹿児島,150.7,機械展開(簡易・長崎バグ修正済)
592,放送,福岡,山口,905.4,機械展開(簡易・長崎バグ修正済)
592,放送,福岡,大分,447.5,機械展開(簡易・長崎バグ修正済)
592,放送,長崎,宮崎,248,機械展開(簡易・長崎バグ修正済)
592,放送,長崎,鹿児島,312.6,機械展開(簡易・長崎バグ修正済)
592,放送,長崎,山口,392.9,機械展開(簡易・長崎バグ修正済)
592,放送,長崎,大分,280.1,機械展開(簡易・長崎バグ修正済)
592,放送,鹿児島,長崎,273.8,機械展開(簡易・長崎バグ修正済)
592,放送,鹿児島,宮崎,310.5,機械展開(簡易・長崎バグ修正済)
592,放送,鹿児島,山口,112.5,機械展開(簡易・長崎バグ修正済)
592,放送,鹿児島,大分,96.9,機械展開(簡易・長崎バグ修正済)
592,放送,山口,長崎,654.8,機械展開(簡易・長崎バグ修正済)
592,放送,山口,宮崎,290.7,機械展開(簡易・長崎バグ修正済)
592,放送,山口,鹿児島,214.1,機械展開(簡易・長崎バグ修正済)
592,放送,山口,沖縄,0.7,機械展開(簡易・長崎バグ修正済)
592,放送,山口,大分,1195.1,機械展開(簡易・長崎バグ修正済)
592,放送,大分,長崎,241,機械展開(簡易・長崎バグ修正済)
592,放送,大分,宮崎,164.8,機械展開(簡易・長崎バグ修正済)
592,放送,大分,鹿児島,95.1,機械展開(簡易・長崎バグ修正済)
592,放送,大分,山口,617,機械展開(簡易・長崎バグ修正済)
593,情報サービス,福岡,佐賀,2273.6,機械展開(簡易・長崎バグ修正済)
593,情報サービス,福岡,長崎,1373.9,機械展開(簡易・長崎バグ修正済)
593,情報サービス,福岡,熊本,2591.9,機械展開(簡易・長崎バグ修正済)
593,情報サービス,福岡,宮崎,991.8,機械展開(簡易・長崎バグ修正済)
593,情報サービス,福岡,鹿児島,2013.7,機械展開(簡易・長崎バグ修正済)
593,情報サービス,福岡,沖縄,1693.7,機械展開(簡易・長崎バグ修正済)
593,情報サービス,福岡,山口,5615.7,機械展開(簡易・長崎バグ修正済)
593,情報サービス,福岡,大分,1220.8,機械展開(簡易・長崎バグ修正済)
593,情報サービス,佐賀,福岡,925.3,機械展開(簡易・長崎バグ修正済)
593,情報サービス,佐賀,長崎,91.8,機械展開(簡易・長崎バグ修正済)
593,情報サービス,佐賀,熊本,160,機械展開(簡易・長崎バグ修正済)
593,情報サービス,佐賀,宮崎,42.3,機械展開(簡易・長崎バグ修正済)
593,情報サービス,佐賀,鹿児島,91.4,機械展開(簡易・長崎バグ修正済)
593,情報サービス,佐賀,沖縄,62.5,機械展開(簡易・長崎バグ修正済)
593,情報サービス,佐賀,山口,136.7,機械展開(簡易・長崎バグ修正済)
593,情報サービス,佐賀,大分,40.6,機械展開(簡易・長崎バグ修正済)
593,情報サービス,長崎,福岡,106.9,機械展開(簡易・長崎バグ修正済)
593,情報サービス,長崎,佐賀,17.5,機械展開(簡易・長崎バグ修正済)
593,情報サービス,長崎,熊本,59,機械展開(簡易・長崎バグ修正済)
593,情報サービス,長崎,宮崎,23.5,機械展開(簡易・長崎バグ修正済)
593,情報サービス,長崎,鹿児島,68.7,機械展開(簡易・長崎バグ修正済)
593,情報サービス,長崎,沖縄,34.5,機械展開(簡易・長崎バグ修正済)
593,情報サービス,長崎,山口,40.1,機械展開(簡易・長崎バグ修正済)
593,情報サービス,長崎,大分,12.6,機械展開(簡易・長崎バグ修正済)
593,情報サービス,熊本,福岡,7.3,機械展開(簡易・長崎バグ修正済)
593,情報サービス,熊本,佐賀,1.1,機械展開(簡易・長崎バグ修正済)
593,情報サービス,熊本,長崎,2.1,機械展開(簡易・長崎バグ修正済)
593,情報サービス,熊本,宮崎,2.3,機械展開(簡易・長崎バグ修正済)
593,情報サービス,熊本,鹿児島,4.2,機械展開(簡易・長崎バグ修正済)
593,情報サービス,熊本,沖縄,2,機械展開(簡易・長崎バグ修正済)
593,情報サービス,熊本,山口,3.3,機械展開(簡易・長崎バグ修正済)
593,情報サービス,熊本,大分,1.6,機械展開(簡易・長崎バグ修正済)
593,情報サービス,宮崎,福岡,305.7,機械展開(簡易・長崎バグ修正済)
593,情報サービス,宮崎,佐賀,32.1,機械展開(簡易・長崎バグ修正済)
593,情報サービス,宮崎,長崎,93,機械展開(簡易・長崎バグ修正済)
593,情報サービス,宮崎,熊本,247.8,機械展開(簡易・長崎バグ修正済)
593,情報サービス,宮崎,鹿児島,1126,機械展開(簡易・長崎バグ修正済)
593,情報サービス,宮崎,沖縄,307.3,機械展開(簡易・長崎バグ修正済)
593,情報サービス,宮崎,山口,257.3,機械展開(簡易・長崎バグ修正済)
593,情報サービス,宮崎,大分,124.3,機械展開(簡易・長崎バグ修正済)
593,情報サービス,鹿児島,福岡,0.8,機械展開(簡易・長崎バグ修正済)
593,情報サービス,鹿児島,熊本,0.6,機械展開(簡易・長崎バグ修正済)
593,情報サービス,鹿児島,宮崎,1.5,機械展開(簡易・長崎バグ修正済)
593,情報サービス,鹿児島,沖縄,1.1,機械展開(簡易・長崎バグ修正済)
593,情報サービス,鹿児島,山口,0.6,機械展開(簡易・長崎バグ修正済)
593,情報サービス,沖縄,福岡,90.6,機械展開(簡易・長崎バグ修正済)
593,情報サービス,沖縄,佐賀,8.2,機械展開(簡易・長崎バグ修正済)
593,情報サービス,沖縄,長崎,23.7,機械展開(簡易・長崎バグ修正済)
593,情報サービス,沖縄,熊本,37.1,機械展開(簡易・長崎バグ修正済)
593,情報サービス,沖縄,宮崎,53.3,機械展開(簡易・長崎バグ修正済)
593,情報サービス,沖縄,鹿児島,142.7,機械展開(簡易・長崎バグ修正済)
593,情報サービス,沖縄,山口,88.6,機械展開(簡易・長崎バグ修正済)
593,情報サービス,沖縄,大分,22.5,機械展開(簡易・長崎バグ修正済)
593,情報サービス,山口,福岡,3909.6,機械展開(簡易・長崎バグ修正済)
593,情報サービス,山口,佐賀,233.9,機械展開(簡易・長崎バグ修正済)
593,情報サービス,山口,長崎,358.8,機械展開(簡易・長崎バグ修正済)
593,情報サービス,山口,熊本,807.5,機械展開(簡易・長崎バグ修正済)
593,情報サービス,山口,宮崎,581.2,機械展開(簡易・長崎バグ修正済)
593,情報サービス,山口,鹿児島,993.4,機械展開(簡易・長崎バグ修正済)
593,情報サービス,山口,沖縄,1153.2,機械展開(簡易・長崎バグ修正済)
593,情報サービス,山口,大分,1132.3,機械展開(簡易・長崎バグ修正済)
593,情報サービス,大分,福岡,265.9,機械展開(簡易・長崎バグ修正済)
593,情報サービス,大分,佐賀,21.7,機械展開(簡易・長崎バグ修正済)
593,情報サービス,大分,長崎,35.2,機械展開(簡易・長崎バグ修正済)
593,情報サービス,大分,熊本,126.1,機械展開(簡易・長崎バグ修正済)
593,情報サービス,大分,宮崎,87.8,機械展開(簡易・長崎バグ修正済)
593,情報サービス,大分,鹿児島,117.6,機械展開(簡易・長崎バグ修正済)
593,情報サービス,大分,沖縄,91.7,機械展開(簡易・長崎バグ修正済)
593,情報サービス,大分,山口,354.2,機械展開(簡易・長崎バグ修正済)
594,インターネット附随サービス,福岡,佐賀,1674.1,機械展開(簡易・長崎バグ修正済)
594,インターネット附随サービス,福岡,長崎,2116.3,機械展開(簡易・長崎バグ修正済)
594,インターネット附随サービス,福岡,熊本,1886.4,機械展開(簡易・長崎バグ修正済)
594,インターネット附随サービス,福岡,宮崎,519.7,機械展開(簡易・長崎バグ修正済)
594,インターネット附随サービス,福岡,鹿児島,2685.4,機械展開(簡易・長崎バグ修正済)
594,インターネット附随サービス,福岡,沖縄,3298,機械展開(簡易・長崎バグ修正済)
594,インターネット附随サービス,福岡,山口,2672.9,機械展開(簡易・長崎バグ修正済)
594,インターネット附随サービス,福岡,大分,1354.5,機械展開(簡易・長崎バグ修正済)
594,インターネット附随サービス,佐賀,福岡,5266.5,機械展開(簡易・長崎バグ修正済)
594,インターネット附随サービス,長崎,福岡,135.9,機械展開(簡易・長崎バグ修正済)
594,インターネット附随サービス,熊本,福岡,8.4,機械展開(簡易・長崎バグ修正済)
594,インターネット附随サービス,宮崎,福岡,83,機械展開(簡易・長崎バグ修正済)
594,インターネット附随サービス,鹿児島,福岡,105.2,機械展開(簡易・長崎バグ修正済)
594,インターネット附随サービス,沖縄,福岡,95.9,機械展開(簡易・長崎バグ修正済)
594,インターネット附随サービス,山口,福岡,67.9,機械展開(簡易・長崎バグ修正済)
594,インターネット附随サービス,大分,福岡,31.5,機械展開(簡易・長崎バグ修正済)
595,映像・音声・文字情報制作,福岡,佐賀,588.3,機械展開(簡易・長崎バグ修正済)
595,映像・音声・文字情報制作,福岡,長崎,215,機械展開(簡易・長崎バグ修正済)
595,映像・音声・文字情報制作,福岡,熊本,560.5,機械展開(簡易・長崎バグ修正済)
595,映像・音声・文字情報制作,福岡,宮崎,156.3,機械展開(簡易・長崎バグ修正済)
595,映像・音声・文字情報制作,福岡,鹿児島,289.3,機械展開(簡易・長崎バグ修正済)
595,映像・音声・文字情報制作,福岡,沖縄,268.5,機械展開(簡易・長崎バグ修正済)
595,映像・音声・文字情報制作,福岡,山口,349.1,機械展開(簡易・長崎バグ修正済)
595,映像・音声・文字情報制作,福岡,大分,343.3,機械展開(簡易・長崎バグ修正済)
595,映像・音声・文字情報制作,佐賀,福岡,1031.2,機械展開(簡易・長崎バグ修正済)
595,映像・音声・文字情報制作,佐賀,長崎,53.8,機械展開(簡易・長崎バグ修正済)
595,映像・音声・文字情報制作,佐賀,熊本,129.5,機械展開(簡易・長崎バグ修正済)
595,映像・音声・文字情報制作,佐賀,宮崎,25,機械展開(簡易・長崎バグ修正済)
595,映像・音声・文字情報制作,佐賀,鹿児島,49.2,機械展開(簡易・長崎バグ修正済)
595,映像・音声・文字情報制作,佐賀,沖縄,37.1,機械展開(簡易・長崎バグ修正済)
595,映像・音声・文字情報制作,佐賀,山口,31.8,機械展開(簡易・長崎バグ修正済)
595,映像・音声・文字情報制作,佐賀,大分,42.8,機械展開(簡易・長崎バグ修正済)
595,映像・音声・文字情報制作,長崎,福岡,37.3,機械展開(簡易・長崎バグ修正済)
595,映像・音声・文字情報制作,長崎,佐賀,5.3,機械展開(簡易・長崎バグ修正済)
595,映像・音声・文字情報制作,長崎,熊本,15,機械展開(簡易・長崎バグ修正済)
595,映像・音声・文字情報制作,長崎,宮崎,4.3,機械展開(簡易・長崎バグ修正済)
595,映像・音声・文字情報制作,長崎,鹿児島,11.6,機械展開(簡易・長崎バグ修正済)
595,映像・音声・文字情報制作,長崎,沖縄,6.4,機械展開(簡易・長崎バグ修正済)
595,映像・音声・文字情報制作,長崎,山口,2.9,機械展開(簡易・長崎バグ修正済)
595,映像・音声・文字情報制作,長崎,大分,4.1,機械展開(簡易・長崎バグ修正済)
595,映像・音声・文字情報制作,熊本,福岡,320.2,機械展開(簡易・長崎バグ修正済)
595,映像・音声・文字情報制作,熊本,佐賀,42.2,機械展開(簡易・長崎バグ修正済)
595,映像・音声・文字情報制作,熊本,長崎,49.2,機械展開(簡易・長崎バグ修正済)
595,映像・音声・文字情報制作,熊本,宮崎,52.6,機械展開(簡易・長崎バグ修正済)
595,映像・音声・文字情報制作,熊本,鹿児島,88.9,機械展開(簡易・長崎バグ修正済)
595,映像・音声・文字情報制作,熊本,沖縄,45.6,機械展開(簡易・長崎バグ修正済)
595,映像・音声・文字情報制作,熊本,山口,29.9,機械展開(簡易・長崎バグ修正済)
595,映像・音声・文字情報制作,熊本,大分,67.6,機械展開(簡易・長崎バグ修正済)
595,映像・音声・文字情報制作,宮崎,福岡,217,機械展開(簡易・長崎バグ修正済)
595,映像・音声・文字情報制作,宮崎,佐賀,19.8,機械展開(簡易・長崎バグ修正済)
595,映像・音声・文字情報制作,宮崎,長崎,34.7,機械展開(簡易・長崎バグ修正済)
595,映像・音声・文字情報制作,宮崎,熊本,127.8,機械展開(簡易・長崎バグ修正済)
595,映像・音声・文字情報制作,宮崎,鹿児島,386,機械展開(簡易・長崎バグ修正済)
595,映像・音声・文字情報制作,宮崎,沖縄,116.2,機械展開(簡易・長崎バグ修正済)
595,映像・音声・文字情報制作,宮崎,山口,38.2,機械展開(簡易・長崎バグ修正済)
595,映像・音声・文字情報制作,宮崎,大分,83.3,機械展開(簡易・長崎バグ修正済)
595,映像・音声・文字情報制作,鹿児島,福岡,320.1,機械展開(簡易・長崎バグ修正済)
595,映像・音声・文字情報制作,鹿児島,佐賀,31,機械展開(簡易・長崎バグ修正済)
595,映像・音声・文字情報制作,鹿児島,長崎,73.8,機械展開(簡易・長崎バグ修正済)
595,映像・音声・文字情報制作,鹿児島,熊本,172.1,機械展開(簡易・長崎バグ修正済)
595,映像・音声・文字情報制作,鹿児島,宮崎,307.6,機械展開(簡易・長崎バグ修正済)
595,映像・音声・文字情報制作,鹿児島,沖縄,225.9,機械展開(簡易・長崎バグ修正済)
595,映像・音声・文字情報制作,鹿児島,山口,47.4,機械展開(簡易・長崎バグ修正済)
595,映像・音声・文字情報制作,鹿児島,大分,81.1,機械展開(簡易・長崎バグ修正済)
595,映像・音声・文字情報制作,沖縄,福岡,71.2,機械展開(簡易・長崎バグ修正済)
595,映像・音声・文字情報制作,沖縄,佐賀,5.6,機械展開(簡易・長崎バグ修正済)
595,映像・音声・文字情報制作,沖縄,長崎,9.8,機械展開(簡易・長崎バグ修正済)
595,映像・音声・文字情報制作,沖縄,熊本,21.2,機械展開(簡易・長崎バグ修正済)
595,映像・音声・文字情報制作,沖縄,宮崎,22.2,機械展開(簡易・長崎バグ修正済)
595,映像・音声・文字情報制作,沖縄,鹿児島,54.1,機械展開(簡易・長崎バグ修正済)
595,映像・音声・文字情報制作,沖縄,山口,14.5,機械展開(簡易・長崎バグ修正済)
595,映像・音声・文字情報制作,沖縄,大分,16.7,機械展開(簡易・長崎バグ修正済)
595,映像・音声・文字情報制作,山口,福岡,1833.1,機械展開(簡易・長崎バグ修正済)
595,映像・音声・文字情報制作,山口,佐賀,95.3,機械展開(簡易・長崎バグ修正済)
595,映像・音声・文字情報制作,山口,長崎,88.5,機械展開(簡易・長崎バグ修正済)
595,映像・音声・文字情報制作,山口,熊本,275.1,機械展開(簡易・長崎バグ修正済)
595,映像・音声・文字情報制作,山口,宮崎,144.3,機械展開(簡易・長崎バグ修正済)
595,映像・音声・文字情報制作,山口,鹿児島,224.8,機械展開(簡易・長崎バグ修正済)
595,映像・音声・文字情報制作,山口,沖縄,288,機械展開(簡易・長崎バグ修正済)
595,映像・音声・文字情報制作,山口,大分,501.6,機械展開(簡易・長崎バグ修正済)
595,映像・音声・文字情報制作,大分,福岡,1117.6,機械展開(簡易・長崎バグ修正済)
595,映像・音声・文字情報制作,大分,佐賀,79.4,機械展開(簡易・長崎バグ修正済)
595,映像・音声・文字情報制作,大分,長崎,77.8,機械展開(簡易・長崎バグ修正済)
595,映像・音声・文字情報制作,大分,熊本,385,機械展開(簡易・長崎バグ修正済)
595,映像・音声・文字情報制作,大分,宮崎,195.5,機械展開(簡易・長崎バグ修正済)
595,映像・音声・文字情報制作,大分,鹿児島,238.7,機械展開(簡易・長崎バグ修正済)
595,映像・音声・文字情報制作,大分,沖縄,205.3,機械展開(簡易・長崎バグ修正済)
595,映像・音声・文字情報制作,大分,山口,311,機械展開(簡易・長崎バグ修正済)
631,教育,福岡,佐賀,10.1,機械展開(簡易・長崎バグ修正済)
631,教育,福岡,長崎,1095.2,機械展開(簡易・長崎バグ修正済)
631,教育,福岡,熊本,1764.6,機械展開(簡易・長崎バグ修正済)
631,教育,福岡,宮崎,2.8,機械展開(簡易・長崎バグ修正済)
631,教育,福岡,鹿児島,409,機械展開(簡易・長崎バグ修正済)
631,教育,福岡,沖縄,143.8,機械展開(簡易・長崎バグ修正済)
631,教育,福岡,山口,1387.8,機械展開(簡易・長崎バグ修正済)
631,教育,福岡,大分,857,機械展開(簡易・長崎バグ修正済)
631,教育,佐賀,福岡,8.6,機械展開(簡易・長崎バグ修正済)
631,教育,佐賀,長崎,1.7,機械展開(簡易・長崎バグ修正済)
631,教育,佐賀,熊本,2.5,機械展開(簡易・長崎バグ修正済)
631,教育,佐賀,山口,0.8,機械展開(簡易・長崎バグ修正済)
631,教育,佐賀,大分,0.7,機械展開(簡易・長崎バグ修正済)
631,教育,長崎,福岡,696.6,機械展開(簡易・長崎バグ修正済)
631,教育,長崎,佐賀,1.3,機械展開(簡易・長崎バグ修正済)
631,教育,長崎,熊本,644.8,機械展開(簡易・長崎バグ修正済)
631,教育,長崎,宮崎,1.1,機械展開(簡易・長崎バグ修正済)
631,教育,長崎,鹿児島,224.2,機械展開(簡易・長崎バグ修正済)
631,教育,長崎,沖縄,47,機械展開(簡易・長崎バグ修正済)
631,教育,長崎,山口,159.2,機械展開(簡易・長崎バグ修正済)
631,教育,長崎,大分,141.8,機械展開(簡易・長崎バグ修正済)
631,教育,熊本,福岡,267.8,機械展開(簡易・長崎バグ修正済)
631,教育,熊本,長崎,153.8,機械展開(簡易・長崎バグ修正済)
631,教育,熊本,宮崎,0.6,機械展開(簡易・長崎バグ修正済)
631,教育,熊本,鹿児島,77.1,機械展開(簡易・長崎バグ修正済)
631,教育,熊本,沖縄,15,機械展開(簡易・長崎バグ修正済)
631,教育,熊本,山口,73,機械展開(簡易・長崎バグ修正済)
631,教育,熊本,大分,103.5,機械展開(簡易・長崎バグ修正済)
631,教育,宮崎,福岡,4.9,機械展開(簡易・長崎バグ修正済)
631,教育,宮崎,長崎,2.9,機械展開(簡易・長崎バグ修正済)
631,教育,宮崎,熊本,6.6,機械展開(簡易・長崎バグ修正済)
631,教育,宮崎,鹿児島,9,機械展開(簡易・長崎バグ修正済)
631,教育,宮崎,沖縄,1,機械展開(簡易・長崎バグ修正済)
631,教育,宮崎,山口,2.5,機械展開(簡易・長崎バグ修正済)
631,教育,宮崎,大分,3.4,機械展開(簡易・長崎バグ修正済)
631,教育,鹿児島,福岡,48.7,機械展開(簡易・長崎バグ修正済)
631,教育,鹿児島,長崎,41.9,機械展開(簡易・長崎バグ修正済)
631,教育,鹿児島,熊本,60.4,機械展開(簡易・長崎バグ修正済)
631,教育,鹿児島,宮崎,0.6,機械展開(簡易・長崎バグ修正済)
631,教育,鹿児島,沖縄,13.5,機械展開(簡易・長崎バグ修正済)
631,教育,鹿児島,山口,21,機械展開(簡易・長崎バグ修正済)
631,教育,鹿児島,大分,22.6,機械展開(簡易・長崎バグ修正済)
631,教育,沖縄,福岡,104.9,機械展開(簡易・長崎バグ修正済)
631,教育,沖縄,長崎,53.9,機械展開(簡易・長崎バグ修正済)
631,教育,沖縄,熊本,72,機械展開(簡易・長崎バグ修正済)
631,教育,沖縄,鹿児島,82.7,機械展開(簡易・長崎バグ修正済)
631,教育,沖縄,山口,62.5,機械展開(簡易・長崎バグ修正済)
631,教育,沖縄,大分,45.1,機械展開(簡易・長崎バグ修正済)
631,教育,山口,福岡,321.1,機械展開(簡易・長崎バグ修正済)
631,教育,山口,長崎,57.9,機械展開(簡易・長崎バグ修正済)
631,教育,山口,熊本,111.3,機械展開(簡易・長崎バグ修正済)
631,教育,山口,鹿児島,40.8,機械展開(簡易・長崎バグ修正済)
631,教育,山口,沖縄,19.8,機械展開(簡易・長崎バグ修正済)
631,教育,山口,大分,160.9,機械展開(簡易・長崎バグ修正済)
631,教育,大分,福岡,237.5,機械展開(簡易・長崎バグ修正済)
631,教育,大分,長崎,61.8,機械展開(簡易・長崎バグ修正済)
631,教育,大分,熊本,189,機械展開(簡易・長崎バグ修正済)
631,教育,大分,宮崎,0.5,機械展開(簡易・長崎バグ修正済)
631,教育,大分,鹿児島,52.6,機械展開(簡易・長崎バグ修正済)
631,教育,大分,沖縄,17.1,機械展開(簡易・長崎バグ修正済)
631,教育,大分,山口,192.8,機械展開(簡易・長崎バグ修正済)
632,研究,福岡,佐賀,641.9,機械展開(簡易・長崎バグ修正済)
632,研究,福岡,長崎,75.3,機械展開(簡易・長崎バグ修正済)
632,研究,福岡,熊本,98,機械展開(簡易・長崎バグ修正済)
632,研究,福岡,宮崎,11,機械展開(簡易・長崎バグ修正済)
632,研究,福岡,鹿児島,54.2,機械展開(簡易・長崎バグ修正済)
632,研究,福岡,沖縄,93.4,機械展開(簡易・長崎バグ修正済)
632,研究,福岡,山口,3758,機械展開(簡易・長崎バグ修正済)
632,研究,福岡,大分,458.9,機械展開(簡易・長崎バグ修正済)
632,研究,佐賀,福岡,48.2,機械展開(簡易・長崎バグ修正済)
632,研究,佐賀,長崎,6,機械展開(簡易・長崎バグ修正済)
632,研究,佐賀,熊本,7.3,機械展開(簡易・長崎バグ修正済)
632,研究,佐賀,宮崎,0.6,機械展開(簡易・長崎バグ修正済)
632,研究,佐賀,鹿児島,3,機械展開(簡易・長崎バグ修正済)
632,研究,佐賀,沖縄,4.1,機械展開(簡易・長崎バグ修正済)
632,研究,佐賀,山口,109.9,機械展開(簡易・長崎バグ修正済)
632,研究,佐賀,大分,18.3,機械展開(簡易・長崎バグ修正済)
632,研究,長崎,福岡,171.6,機械展開(簡易・長崎バグ修正済)
632,研究,長崎,佐賀,183.3,機械展開(簡易・長崎バグ修正済)
632,研究,長崎,熊本,82.5,機械展開(簡易・長崎バグ修正済)
632,研究,長崎,宮崎,9.7,機械展開(簡易・長崎バグ修正済)
632,研究,長崎,鹿児島,68.4,機械展開(簡易・長崎バグ修正済)
632,研究,長崎,沖縄,70.4,機械展開(簡易・長崎バグ修正済)
632,研究,長崎,山口,993.4,機械展開(簡易・長崎バグ修正済)
632,研究,長崎,大分,175,機械展開(簡易・長崎バグ修正済)
632,研究,熊本,福岡,312.2,機械展開(簡易・長崎バグ修正済)
632,研究,熊本,佐賀,308.3,機械展開(簡易・長崎バグ修正済)
632,研究,熊本,長崎,115.3,機械展開(簡易・長崎バグ修正済)
632,研究,熊本,宮崎,24.9,機械展開(簡易・長崎バグ修正済)
632,研究,熊本,鹿児島,111.3,機械展開(簡易・長崎バグ修正済)
632,研究,熊本,沖縄,106.2,機械展開(簡易・長崎バグ修正済)
632,研究,熊本,山口,2156.1,機械展開(簡易・長崎バグ修正済)
632,研究,熊本,大分,604.4,機械展開(簡易・長崎バグ修正済)
632,研究,宮崎,福岡,50.5,機械展開(簡易・長崎バグ修正済)
632,研究,宮崎,佐賀,34.5,機械展開(簡易・長崎バグ修正済)
632,研究,宮崎,長崎,19.4,機械展開(簡易・長崎バグ修正済)
632,研究,宮崎,熊本,35.7,機械展開(簡易・長崎バグ修正済)
632,研究,宮崎,鹿児島,115.4,機械展開(簡易・長崎バグ修正済)
632,研究,宮崎,沖縄,64.6,機械展開(簡易・長崎バグ修正済)
632,研究,宮崎,山口,656,機械展開(簡易・長崎バグ修正済)
632,研究,宮崎,大分,178,機械展開(簡易・長崎バグ修正済)
632,研究,沖縄,福岡,214.9,機械展開(簡易・長崎バグ修正済)
632,研究,沖縄,佐賀,126.8,機械展開(簡易・長崎バグ修正済)
632,研究,沖縄,長崎,71,機械展開(簡易・長崎バグ修正済)
632,研究,沖縄,熊本,76.7,機械展開(簡易・長崎バグ修正済)
632,研究,沖縄,宮崎,32.5,機械展開(簡易・長崎バグ修正済)
632,研究,沖縄,鹿児島,210,機械展開(簡易・長崎バグ修正済)
632,研究,沖縄,山口,3243.7,機械展開(簡易・長崎バグ修正済)
632,研究,沖縄,大分,463.1,機械展開(簡易・長崎バグ修正済)
632,研究,山口,福岡,2134.1,機械展開(簡易・長崎バグ修正済)
632,研究,山口,佐賀,831,機械展開(簡易・長崎バグ修正済)
632,研究,山口,長崎,247.5,機械展開(簡易・長崎バグ修正済)
632,研究,山口,熊本,384.2,機械展開(簡易・長崎バグ修正済)
632,研究,山口,宮崎,81.5,機械展開(簡易・長崎バグ修正済)
632,研究,山口,鹿児島,336.3,機械展開(簡易・長崎バグ修正済)
632,研究,山口,沖縄,800.5,機械展開(簡易・長崎バグ修正済)
632,研究,山口,大分,5357.6,機械展開(簡易・長崎バグ修正済)
632,研究,大分,福岡,13.6,機械展開(簡易・長崎バグ修正済)
632,研究,大分,佐賀,7.2,機械展開(簡易・長崎バグ修正済)
632,研究,大分,長崎,2.3,機械展開(簡易・長崎バグ修正済)
632,研究,大分,熊本,5.6,機械展開(簡易・長崎バグ修正済)
632,研究,大分,宮崎,1.1,機械展開(簡易・長崎バグ修正済)
632,研究,大分,鹿児島,3.7,機械展開(簡易・長崎バグ修正済)
632,研究,大分,沖縄,5.9,機械展開(簡易・長崎バグ修正済)
632,研究,大分,山口,278.7,機械展開(簡易・長崎バグ修正済)
641,医療,福岡,佐賀,29.5,機械展開(簡易・長崎バグ修正済)
641,医療,福岡,長崎,147,機械展開(簡易・長崎バグ修正済)
641,医療,福岡,熊本,1130,機械展開(簡易・長崎バグ修正済)
641,医療,福岡,宮崎,1.6,機械展開(簡易・長崎バグ修正済)
641,医療,福岡,鹿児島,2,機械展開(簡易・長崎バグ修正済)
641,医療,福岡,沖縄,15.4,機械展開(簡易・長崎バグ修正済)
641,医療,福岡,山口,2402.8,機械展開(簡易・長崎バグ修正済)
641,医療,福岡,大分,2137.3,機械展開(簡易・長崎バグ修正済)
641,医療,佐賀,福岡,1520.6,機械展開(簡易・長崎バグ修正済)
641,医療,佐賀,長崎,2,機械展開(簡易・長崎バグ修正済)
641,医療,佐賀,熊本,14.2,機械展開(簡易・長崎バグ修正済)
641,医療,佐賀,山口,11.9,機械展開(簡易・長崎バグ修正済)
641,医療,佐賀,大分,14.4,機械展開(簡易・長崎バグ修正済)
641,医療,熊本,福岡,442.5,機械展開(簡易・長崎バグ修正済)
641,医療,熊本,長崎,1.7,機械展開(簡易・長崎バグ修正済)
641,医療,熊本,山口,10.5,機械展開(簡易・長崎バグ修正済)
641,医療,熊本,大分,21.4,機械展開(簡易・長崎バグ修正済)
641,医療,宮崎,福岡,0.9,機械展開(簡易・長崎バグ修正済)
641,医療,鹿児島,福岡,0.6,機械展開(簡易・長崎バグ修正済)
641,医療,沖縄,福岡,336,機械展開(簡易・長崎バグ修正済)
641,医療,沖縄,長崎,1.2,機械展開(簡易・長崎バグ修正済)
641,医療,沖縄,熊本,7.4,機械展開(簡易・長崎バグ修正済)
641,医療,沖縄,山口,17.4,機械展開(簡易・長崎バグ修正済)
641,医療,沖縄,大分,18.1,機械展開(簡易・長崎バグ修正済)
641,医療,山口,福岡,1926.6,機械展開(簡易・長崎バグ修正済)
641,医療,山口,長崎,2.3,機械展開(簡易・長崎バグ修正済)
641,医療,山口,熊本,21.4,機械展開(簡易・長崎バグ修正済)
641,医療,山口,沖縄,0.6,機械展開(簡易・長崎バグ修正済)
641,医療,山口,大分,120.7,機械展開(簡易・長崎バグ修正済)
641,医療,大分,福岡,1084.6,機械展開(簡易・長崎バグ修正済)
641,医療,大分,長崎,1.9,機械展開(簡易・長崎バグ修正済)
641,医療,大分,熊本,27.7,機械展開(簡易・長崎バグ修正済)
641,医療,大分,山口,76.4,機械展開(簡易・長崎バグ修正済)
642,保健衛生,福岡,佐賀,259.5,機械展開(簡易・長崎バグ修正済)
642,保健衛生,福岡,長崎,498.9,機械展開(簡易・長崎バグ修正済)
642,保健衛生,福岡,熊本,172.9,機械展開(簡易・長崎バグ修正済)
642,保健衛生,福岡,宮崎,9.4,機械展開(簡易・長崎バグ修正済)
642,保健衛生,福岡,沖縄,5.2,機械展開(簡易・長崎バグ修正済)
642,保健衛生,福岡,山口,235,機械展開(簡易・長崎バグ修正済)
642,保健衛生,長崎,福岡,4.8,機械展開(簡易・長崎バグ修正済)
642,保健衛生,熊本,福岡,662.7,機械展開(簡易・長崎バグ修正済)
642,保健衛生,沖縄,福岡,5.4,機械展開(簡易・長崎バグ修正済)
642,保健衛生,山口,福岡,337.6,機械展開(簡易・長崎バグ修正済)
643,社会保険・社会福祉,福岡,佐賀,65.5,機械展開(簡易・長崎バグ修正済)
643,社会保険・社会福祉,福岡,長崎,36.8,機械展開(簡易・長崎バグ修正済)
643,社会保険・社会福祉,福岡,熊本,476.3,機械展開(簡易・長崎バグ修正済)
643,社会保険・社会福祉,福岡,山口,48,機械展開(簡易・長崎バグ修正済)
643,社会保険・社会福祉,福岡,大分,200.4,機械展開(簡易・長崎バグ修正済)
643,社会保険・社会福祉,佐賀,福岡,668.5,機械展開(簡易・長崎バグ修正済)
643,社会保険・社会福祉,佐賀,長崎,125.5,機械展開(簡易・長崎バグ修正済)
643,社会保険・社会福祉,佐賀,熊本,1501.3,機械展開(簡易・長崎バグ修正済)
643,社会保険・社会福祉,佐賀,山口,59.7,機械展開(簡易・長崎バグ修正済)
643,社会保険・社会福祉,佐賀,大分,340.4,機械展開(簡易・長崎バグ修正済)
643,社会保険・社会福祉,長崎,福岡,105.3,機械展開(簡易・長崎バグ修正済)
643,社会保険・社会福祉,長崎,佐賀,35.2,機械展開(簡易・長崎バグ修正済)
643,社会保険・社会福祉,長崎,熊本,754.7,機械展開(簡易・長崎バグ修正済)
643,社会保険・社会福祉,長崎,山口,23.9,機械展開(簡易・長崎バグ修正済)
643,社会保険・社会福祉,長崎,大分,143.8,機械展開(簡易・長崎バグ修正済)
643,社会保険・社会福祉,熊本,福岡,33.7,機械展開(簡易・長崎バグ修正済)
643,社会保険・社会福祉,熊本,佐賀,10.4,機械展開(簡易・長崎バグ修正済)
643,社会保険・社会福祉,熊本,長崎,18.7,機械展開(簡易・長崎バグ修正済)
643,社会保険・社会福祉,熊本,山口,9.1,機械展開(簡易・長崎バグ修正済)
643,社会保険・社会福祉,熊本,大分,87.3,機械展開(簡易・長崎バグ修正済)
643,社会保険・社会福祉,山口,熊本,1,機械展開(簡易・長崎バグ修正済)
643,社会保険・社会福祉,山口,大分,1.2,機械展開(簡易・長崎バグ修正済)
643,社会保険・社会福祉,大分,福岡,30.8,機械展開(簡易・長崎バグ修正済)
643,社会保険・社会福祉,大分,佐賀,5.1,機械展開(簡易・長崎バグ修正済)
643,社会保険・社会福祉,大分,長崎,7.7,機械展開(簡易・長崎バグ修正済)
643,社会保険・社会福祉,大分,熊本,189.6,機械展開(簡易・長崎バグ修正済)
643,社会保険・社会福祉,大分,山口,24.8,機械展開(簡易・長崎バグ修正済)
644,介護,佐賀,熊本,228,機械展開(簡易・長崎バグ修正済)
644,介護,佐賀,山口,5.9,機械展開(簡易・長崎バグ修正済)
644,介護,佐賀,大分,16.5,機械展開(簡易・長崎バグ修正済)
644,介護,熊本,山口,45.9,機械展開(簡易・長崎バグ修正済)
644,介護,熊本,大分,214.5,機械展開(簡易・長崎バグ修正済)
644,介護,山口,熊本,539,機械展開(簡易・長崎バグ修正済)
644,介護,山口,大分,215.1,機械展開(簡易・長崎バグ修正済)
644,介護,大分,熊本,560.2,機械展開(簡易・長崎バグ修正済)
644,介護,大分,山口,47.8,機械展開(簡易・長崎バグ修正済)
659,他に分類されない会員制団体,福岡,佐賀,25.9,機械展開(簡易・長崎バグ修正済)
659,他に分類されない会員制団体,福岡,長崎,44.2,機械展開(簡易・長崎バグ修正済)
659,他に分類されない会員制団体,福岡,熊本,155,機械展開(簡易・長崎バグ修正済)
659,他に分類されない会員制団体,福岡,宮崎,11.9,機械展開(簡易・長崎バグ修正済)
659,他に分類されない会員制団体,福岡,沖縄,46.3,機械展開(簡易・長崎バグ修正済)
659,他に分類されない会員制団体,福岡,山口,124.1,機械展開(簡易・長崎バグ修正済)
659,他に分類されない会員制団体,福岡,大分,44.1,機械展開(簡易・長崎バグ修正済)
659,他に分類されない会員制団体,佐賀,福岡,169,機械展開(簡易・長崎バグ修正済)
659,他に分類されない会員制団体,佐賀,長崎,8,機械展開(簡易・長崎バグ修正済)
659,他に分類されない会員制団体,佐賀,熊本,25.9,機械展開(簡易・長崎バグ修正済)
659,他に分類されない会員制団体,佐賀,宮崎,1.4,機械展開(簡易・長崎バグ修正済)
659,他に分類されない会員制団体,佐賀,沖縄,4.6,機械展開(簡易・長崎バグ修正済)
659,他に分類されない会員制団体,佐賀,山口,8.2,機械展開(簡易・長崎バグ修正済)
659,他に分類されない会員制団体,佐賀,大分,4,機械展開(簡易・長崎バグ修正済)
659,他に分類されない会員制団体,長崎,福岡,374,機械展開(簡易・長崎バグ修正済)
659,他に分類されない会員制団体,長崎,佐賀,10.4,機械展開(簡易・長崎バグ修正済)
659,他に分類されない会員制団体,長崎,熊本,183,機械展開(簡易・長崎バグ修正済)
659,他に分類されない会員制団体,長崎,宮崎,14.6,機械展開(簡易・長崎バグ修正済)
659,他に分類されない会員制団体,長崎,沖縄,48.8,機械展開(簡易・長崎バグ修正済)
659,他に分類されない会員制団体,長崎,山口,46,機械展開(簡易・長崎バグ修正済)
659,他に分類されない会員制団体,長崎,大分,23.6,機械展開(簡易・長崎バグ修正済)
659,他に分類されない会員制団体,熊本,福岡,302.5,機械展開(簡易・長崎バグ修正済)
659,他に分類されない会員制団体,熊本,佐賀,7.8,機械展開(簡易・長崎バグ修正済)
659,他に分類されない会員制団体,熊本,長崎,42.2,機械展開(簡易・長崎バグ修正済)
659,他に分類されない会員制団体,熊本,宮崎,16.7,機械展開(簡易・長崎バグ修正済)
659,他に分類されない会員制団体,熊本,沖縄,32.8,機械展開(簡易・長崎バグ修正済)
659,他に分類されない会員制団体,熊本,山口,44.4,機械展開(簡易・長崎バグ修正済)
659,他に分類されない会員制団体,熊本,大分,36.2,機械展開(簡易・長崎バグ修正済)
659,他に分類されない会員制団体,宮崎,福岡,4.8,機械展開(簡易・長崎バグ修正済)
659,他に分類されない会員制団体,宮崎,長崎,0.7,機械展開(簡易・長崎バグ修正済)
659,他に分類されない会員制団体,宮崎,熊本,3.5,機械展開(簡易・長崎バグ修正済)
659,他に分類されない会員制団体,宮崎,沖縄,2,機械展開(簡易・長崎バグ修正済)
659,他に分類されない会員制団体,宮崎,山口,1.3,機械展開(簡易・長崎バグ修正済)
659,他に分類されない会員制団体,宮崎,大分,1,機械展開(簡易・長崎バグ修正済)
659,他に分類されない会員制団体,沖縄,福岡,85.5,機械展開(簡易・長崎バグ修正済)
659,他に分類されない会員制団体,沖縄,佐賀,1.3,機械展開(簡易・長崎バグ修正済)
659,他に分類されない会員制団体,沖縄,長崎,10.7,機械展開(簡易・長崎バグ修正済)
659,他に分類されない会員制団体,沖縄,熊本,31,機械展開(簡易・長崎バグ修正済)
659,他に分類されない会員制団体,沖縄,宮崎,9,機械展開(簡易・長崎バグ修正済)
659,他に分類されない会員制団体,沖縄,山口,27.4,機械展開(簡易・長崎バグ修正済)
659,他に分類されない会員制団体,沖縄,大分,11.4,機械展開(簡易・長崎バグ修正済)
659,他に分類されない会員制団体,山口,福岡,707.8,機械展開(簡易・長崎バグ修正済)
659,他に分類されない会員制団体,山口,佐賀,7.2,機械展開(簡易・長崎バグ修正済)
659,他に分類されない会員制団体,山口,長崎,31,機械展開(簡易・長崎バグ修正済)
659,他に分類されない会員制団体,山口,熊本,129.7,機械展開(簡易・長崎バグ修正済)
659,他に分類されない会員制団体,山口,宮崎,18.7,機械展開(簡易・長崎バグ修正済)
659,他に分類されない会員制団体,山口,沖縄,84.5,機械展開(簡易・長崎バグ修正済)
659,他に分類されない会員制団体,山口,大分,109.8,機械展開(簡易・長崎バグ修正済)
659,他に分類されない会員制団体,大分,福岡,169.1,機械展開(簡易・長崎バグ修正済)
659,他に分類されない会員制団体,大分,佐賀,2.3,機械展開(簡易・長崎バグ修正済)
659,他に分類されない会員制団体,大分,長崎,10.7,機械展開(簡易・長崎バグ修正済)
659,他に分類されない会員制団体,大分,熊本,71.1,機械展開(簡易・長崎バグ修正済)
659,他に分類されない会員制団体,大分,宮崎,9.9,機械展開(簡易・長崎バグ修正済)
659,他に分類されない会員制団体,大分,沖縄,23.6,機械展開(簡易・長崎バグ修正済)
659,他に分類されない会員制団体,大分,山口,73.9,機械展開(簡易・長崎バグ修正済)
661,物品賃貸サービス,福岡,佐賀,2191.8,機械展開(簡易・長崎バグ修正済)
661,物品賃貸サービス,福岡,長崎,1911.2,機械展開(簡易・長崎バグ修正済)
661,物品賃貸サービス,福岡,熊本,2067.3,機械展開(簡易・長崎バグ修正済)
661,物品賃貸サービス,福岡,宮崎,1055.4,機械展開(簡易・長崎バグ修正済)
661,物品賃貸サービス,福岡,鹿児島,947.7,機械展開(簡易・長崎バグ修正済)
661,物品賃貸サービス,福岡,沖縄,651.1,機械展開(簡易・長崎バグ修正済)
661,物品賃貸サービス,福岡,山口,2020,機械展開(簡易・長崎バグ修正済)
661,物品賃貸サービス,福岡,大分,2229.5,機械展開(簡易・長崎バグ修正済)
661,物品賃貸サービス,佐賀,福岡,1691.1,機械展開(簡易・長崎バグ修正済)
661,物品賃貸サービス,佐賀,長崎,55.3,機械展開(簡易・長崎バグ修正済)
661,物品賃貸サービス,佐賀,熊本,55.3,機械展開(簡易・長崎バグ修正済)
661,物品賃貸サービス,佐賀,宮崎,19.5,機械展開(簡易・長崎バグ修正済)
661,物品賃貸サービス,佐賀,鹿児島,18.6,機械展開(簡易・長崎バグ修正済)
661,物品賃貸サービス,佐賀,沖縄,10.4,機械展開(簡易・長崎バグ修正済)
661,物品賃貸サービス,佐賀,山口,21.3,機械展開(簡易・長崎バグ修正済)
661,物品賃貸サービス,佐賀,大分,32.1,機械展開(簡易・長崎バグ修正済)
661,物品賃貸サービス,長崎,福岡,262.4,機械展開(簡易・長崎バグ修正済)
661,物品賃貸サービス,長崎,佐賀,9.8,機械展開(簡易・長崎バグ修正済)
661,物品賃貸サービス,長崎,熊本,27.4,機械展開(簡易・長崎バグ修正済)
661,物品賃貸サービス,長崎,宮崎,14.5,機械展開(簡易・長崎バグ修正済)
661,物品賃貸サービス,長崎,鹿児島,18.8,機械展開(簡易・長崎バグ修正済)
661,物品賃貸サービス,長崎,沖縄,7.7,機械展開(簡易・長崎バグ修正済)
661,物品賃貸サービス,長崎,山口,8.4,機械展開(簡易・長崎バグ修正済)
661,物品賃貸サービス,長崎,大分,13.4,機械展開(簡易・長崎バグ修正済)
661,物品賃貸サービス,熊本,福岡,914.2,機械展開(簡易・長崎バグ修正済)
661,物品賃貸サービス,熊本,佐賀,31.7,機械展開(簡易・長崎バグ修正済)
661,物品賃貸サービス,熊本,長崎,88.2,機械展開(簡易・長崎バグ修正済)
661,物品賃貸サービス,熊本,宮崎,71.6,機械展開(簡易・長崎バグ修正済)
661,物品賃貸サービス,熊本,鹿児島,58.6,機械展開(簡易・長崎バグ修正済)
661,物品賃貸サービス,熊本,沖縄,22.3,機械展開(簡易・長崎バグ修正済)
661,物品賃貸サービス,熊本,山口,34.9,機械展開(簡易・長崎バグ修正済)
661,物品賃貸サービス,熊本,大分,88.4,機械展開(簡易・長崎バグ修正済)
661,物品賃貸サービス,宮崎,福岡,1435.4,機械展開(簡易・長崎バグ修正済)
661,物品賃貸サービス,宮崎,佐賀,34.4,機械展開(簡易・長崎バグ修正済)
661,物品賃貸サービス,宮崎,長崎,144.1,機械展開(簡易・長崎バグ修正済)
661,物品賃貸サービス,宮崎,熊本,220.1,機械展開(簡易・長崎バグ修正済)
661,物品賃貸サービス,宮崎,鹿児島,590.1,機械展開(簡易・長崎バグ修正済)
661,物品賃貸サービス,宮崎,沖縄,131.6,機械展開(簡易・長崎バグ修正済)
661,物品賃貸サービス,宮崎,山口,103.1,機械展開(簡易・長崎バグ修正済)
661,物品賃貸サービス,宮崎,大分,252.7,機械展開(簡易・長崎バグ修正済)
661,物品賃貸サービス,鹿児島,福岡,168.9,機械展開(簡易・長崎バグ修正済)
661,物品賃貸サービス,鹿児島,佐賀,4.3,機械展開(簡易・長崎バグ修正済)
661,物品賃貸サービス,鹿児島,長崎,24.4,機械展開(簡易・長崎バグ修正済)
661,物品賃貸サービス,鹿児島,熊本,23.6,機械展開(簡易・長崎バグ修正済)
661,物品賃貸サービス,鹿児島,宮崎,77.3,機械展開(簡易・長崎バグ修正済)
661,物品賃貸サービス,鹿児島,沖縄,20.4,機械展開(簡易・長崎バグ修正済)
661,物品賃貸サービス,鹿児島,山口,10.2,機械展開(簡易・長崎バグ修正済)
661,物品賃貸サービス,鹿児島,大分,19.6,機械展開(簡易・長崎バグ修正済)
661,物品賃貸サービス,沖縄,福岡,1745.9,機械展開(簡易・長崎バグ修正済)
661,物品賃貸サービス,沖縄,佐賀,36.2,機械展開(簡易・長崎バグ修正済)
661,物品賃貸サービス,沖縄,長崎,150.6,機械展開(簡易・長崎バグ修正済)
661,物品賃貸サービス,沖縄,熊本,135.1,機械展開(簡易・長崎バグ修正済)
661,物品賃貸サービス,沖縄,宮崎,259.4,機械展開(簡易・長崎バグ修正済)
661,物品賃貸サービス,沖縄,鹿児島,306.9,機械展開(簡易・長崎バグ修正済)
661,物品賃貸サービス,沖縄,山口,145.6,機械展開(簡易・長崎バグ修正済)
661,物品賃貸サービス,沖縄,大分,187.9,機械展開(簡易・長崎バグ修正済)
661,物品賃貸サービス,山口,福岡,2111.3,機械展開(簡易・長崎バグ修正済)
661,物品賃貸サービス,山口,佐賀,28.9,機械展開(簡易・長崎バグ修正済)
661,物品賃貸サービス,山口,長崎,63.9,機械展開(簡易・長崎バグ修正済)
661,物品賃貸サービス,山口,熊本,82.5,機械展開(簡易・長崎バグ修正済)
661,物品賃貸サービス,山口,宮崎,79.2,機械展開(簡易・長崎バグ修正済)
661,物品賃貸サービス,山口,鹿児島,59.9,機械展開(簡易・長崎バグ修正済)
661,物品賃貸サービス,山口,沖縄,56.8,機械展開(簡易・長崎バグ修正済)
661,物品賃貸サービス,山口,大分,264.8,機械展開(簡易・長崎バグ修正済)
661,物品賃貸サービス,大分,福岡,1961.8,機械展開(簡易・長崎バグ修正済)
661,物品賃貸サービス,大分,佐賀,36.7,機械展開(簡易・長崎バグ修正済)
661,物品賃貸サービス,大分,長崎,85.7,機械展開(簡易・長崎バグ修正済)
661,物品賃貸サービス,大分,熊本,175.9,機械展開(簡易・長崎バグ修正済)
661,物品賃貸サービス,大分,宮崎,163.5,機械展開(簡易・長崎バグ修正済)
661,物品賃貸サービス,大分,鹿児島,96.9,機械展開(簡易・長崎バグ修正済)
661,物品賃貸サービス,大分,沖縄,61.7,機械展開(簡易・長崎バグ修正済)
661,物品賃貸サービス,大分,山口,222.9,機械展開(簡易・長崎バグ修正済)
662,広告,福岡,佐賀,1495.5,機械展開(簡易・長崎バグ修正済)
662,広告,福岡,長崎,1140.3,機械展開(簡易・長崎バグ修正済)
662,広告,福岡,熊本,1486.8,機械展開(簡易・長崎バグ修正済)
662,広告,福岡,宮崎,861.2,機械展開(簡易・長崎バグ修正済)
662,広告,福岡,鹿児島,1173.9,機械展開(簡易・長崎バグ修正済)
662,広告,福岡,沖縄,1250,機械展開(簡易・長崎バグ修正済)
662,広告,福岡,山口,3096.1,機械展開(簡易・長崎バグ修正済)
662,広告,福岡,大分,1618.1,機械展開(簡易・長崎バグ修正済)
662,広告,佐賀,福岡,447.2,機械展開(簡易・長崎バグ修正済)
662,広告,佐賀,長崎,2.8,機械展開(簡易・長崎バグ修正済)
662,広告,佐賀,熊本,3.3,機械展開(簡易・長崎バグ修正済)
662,広告,佐賀,宮崎,1.3,機械展開(簡易・長崎バグ修正済)
662,広告,佐賀,鹿児島,1.9,機械展開(簡易・長崎バグ修正済)
662,広告,佐賀,沖縄,1.7,機械展開(簡易・長崎バグ修正済)
662,広告,佐賀,山口,2.7,機械展開(簡易・長崎バグ修正済)
662,広告,佐賀,大分,2,機械展開(簡易・長崎バグ修正済)
662,広告,長崎,福岡,589.7,機械展開(簡易・長崎バグ修正済)
662,広告,長崎,佐賀,4.8,機械展開(簡易・長崎バグ修正済)
662,広告,長崎,熊本,14,機械展開(簡易・長崎バグ修正済)
662,広告,長崎,宮崎,8.4,機械展開(簡易・長崎バグ修正済)
662,広告,長崎,鹿児島,16.6,機械展開(簡易・長崎バグ修正済)
662,広告,長崎,沖縄,10.5,機械展開(簡易・長崎バグ修正済)
662,広告,長崎,山口,9.2,機械展開(簡易・長崎バグ修正済)
662,広告,長崎,大分,6.9,機械展開(簡易・長崎バグ修正済)
662,広告,熊本,福岡,1.7,機械展開(簡易・長崎バグ修正済)
662,広告,宮崎,福岡,1013.1,機械展開(簡易・長崎バグ修正済)
662,広告,宮崎,佐賀,5.2,機械展開(簡易・長崎バグ修正済)
662,広告,宮崎,長崎,19.2,機械展開(簡易・長崎バグ修正済)
662,広告,宮崎,熊本,35.4,機械展開(簡易・長崎バグ修正済)
662,広告,宮崎,鹿児島,163.3,機械展開(簡易・長崎バグ修正済)
662,広告,宮崎,沖縄,56.4,機械展開(簡易・長崎バグ修正済)
662,広告,宮崎,山口,35.3,機械展開(簡易・長崎バグ修正済)
662,広告,宮崎,大分,41,機械展開(簡易・長崎バグ修正済)
662,広告,沖縄,福岡,1054.7,機械展開(簡易・長崎バグ修正済)
662,広告,沖縄,佐賀,4.7,機械展開(簡易・長崎バグ修正済)
662,広告,沖縄,長崎,17.2,機械展開(簡易・長崎バグ修正済)
662,広告,沖縄,熊本,18.6,機械展開(簡易・長崎バグ修正済)
662,広告,沖縄,宮崎,40.5,機械展開(簡易・長崎バグ修正済)
662,広告,沖縄,鹿児島,72.7,機械展開(簡易・長崎バグ修正済)
662,広告,沖縄,山口,42.7,機械展開(簡易・長崎バグ修正済)
662,広告,沖縄,大分,26.1,機械展開(簡易・長崎バグ修正済)
662,広告,山口,福岡,962.5,機械展開(簡易・長崎バグ修正済)
662,広告,山口,佐賀,2.8,機械展開(簡易・長崎バグ修正済)
662,広告,山口,長崎,5.5,機械展開(簡易・長崎バグ修正済)
662,広告,山口,熊本,8.6,機械展開(簡易・長崎バグ修正済)
662,広告,山口,宮崎,9.3,機械展開(簡易・長崎バグ修正済)
662,広告,山口,鹿児島,10.7,機械展開(簡易・長崎バグ修正済)
662,広告,山口,沖縄,15.7,機械展開(簡易・長崎バグ修正済)
662,広告,山口,大分,27.7,機械展開(簡易・長崎バグ修正済)
662,広告,大分,福岡,838.1,機械展開(簡易・長崎バグ修正済)
662,広告,大分,佐賀,3.4,機械展開(簡易・長崎バグ修正済)
662,広告,大分,長崎,6.9,機械展開(簡易・長崎バグ修正済)
662,広告,大分,熊本,17.1,機械展開(簡易・長崎バグ修正済)
662,広告,大分,宮崎,18,機械展開(簡易・長崎バグ修正済)
662,広告,大分,鹿児島,16.2,機械展開(簡易・長崎バグ修正済)
662,広告,大分,沖縄,16,機械展開(簡易・長崎バグ修正済)
662,広告,大分,山口,46.2,機械展開(簡易・長崎バグ修正済)
663,自動車整備・機械修理,福岡,佐賀,222.5,機械展開(簡易・長崎バグ修正済)
663,自動車整備・機械修理,福岡,長崎,1037.1,機械展開(簡易・長崎バグ修正済)
663,自動車整備・機械修理,福岡,熊本,1347.9,機械展開(簡易・長崎バグ修正済)
663,自動車整備・機械修理,福岡,鹿児島,1377,機械展開(簡易・長崎バグ修正済)
663,自動車整備・機械修理,福岡,沖縄,897.9,機械展開(簡易・長崎バグ修正済)
663,自動車整備・機械修理,福岡,山口,3119,機械展開(簡易・長崎バグ修正済)
663,自動車整備・機械修理,福岡,大分,2676.3,機械展開(簡易・長崎バグ修正済)
663,自動車整備・機械修理,佐賀,福岡,1.4,機械展開(簡易・長崎バグ修正済)
663,自動車整備・機械修理,長崎,福岡,108.8,機械展開(簡易・長崎バグ修正済)
663,自動車整備・機械修理,長崎,熊本,6.1,機械展開(簡易・長崎バグ修正済)
663,自動車整備・機械修理,長崎,鹿児島,9.3,機械展開(簡易・長崎バグ修正済)
663,自動車整備・機械修理,長崎,沖縄,3.6,機械展開(簡易・長崎バグ修正済)
663,自動車整備・機械修理,長崎,山口,4.4,機械展開(簡易・長崎バグ修正済)
663,自動車整備・機械修理,長崎,大分,5.5,機械展開(簡易・長崎バグ修正済)
663,自動車整備・機械修理,熊本,福岡,1880.8,機械展開(簡易・長崎バグ修正済)
663,自動車整備・機械修理,熊本,佐賀,5.4,機械展開(簡易・長崎バグ修正済)
663,自動車整備・機械修理,熊本,長崎,80.8,機械展開(簡易・長崎バグ修正済)
663,自動車整備・機械修理,熊本,鹿児島,143.8,機械展開(簡易・長崎バグ修正済)
663,自動車整備・機械修理,熊本,沖縄,51.9,機械展開(簡易・長崎バグ修正済)
663,自動車整備・機械修理,熊本,山口,91,機械展開(簡易・長崎バグ修正済)
663,自動車整備・機械修理,熊本,大分,179.1,機械展開(簡易・長崎バグ修正済)
663,自動車整備・機械修理,宮崎,福岡,348.6,機械展開(簡易・長崎バグ修正済)
663,自動車整備・機械修理,宮崎,佐賀,0.7,機械展開(簡易・長崎バグ修正済)
663,自動車整備・機械修理,宮崎,長崎,15.6,機械展開(簡易・長崎バグ修正済)
663,自動車整備・機械修理,宮崎,熊本,28.6,機械展開(簡易・長崎バグ修正済)
663,自動車整備・機械修理,宮崎,鹿児島,170.9,機械展開(簡易・長崎バグ修正済)
663,自動車整備・機械修理,宮崎,沖縄,36.2,機械展開(簡易・長崎バグ修正済)
663,自動車整備・機械修理,宮崎,山口,31.7,機械展開(簡易・長崎バグ修正済)
663,自動車整備・機械修理,宮崎,大分,60.4,機械展開(簡易・長崎バグ修正済)
663,自動車整備・機械修理,鹿児島,福岡,2.1,機械展開(簡易・長崎バグ修正済)
663,自動車整備・機械修理,沖縄,福岡,290.1,機械展開(簡易・長崎バグ修正済)
663,自動車整備・機械修理,沖縄,佐賀,0.5,機械展開(簡易・長崎バグ修正済)
663,自動車整備・機械修理,沖縄,長崎,11.1,機械展開(簡易・長崎バグ修正済)
663,自動車整備・機械修理,沖縄,熊本,12,機械展開(簡易・長崎バグ修正済)
663,自動車整備・機械修理,沖縄,鹿児島,60.8,機械展開(簡易・長崎バグ修正済)
663,自動車整備・機械修理,沖縄,山口,30.7,機械展開(簡易・長崎バグ修正済)
663,自動車整備・機械修理,沖縄,大分,30.8,機械展開(簡易・長崎バグ修正済)
663,自動車整備・機械修理,山口,福岡,991.2,機械展開(簡易・長崎バグ修正済)
663,自動車整備・機械修理,山口,佐賀,1.1,機械展開(簡易・長崎バグ修正済)
663,自動車整備・機械修理,山口,長崎,13.4,機械展開(簡易・長崎バグ修正済)
663,自動車整備・機械修理,山口,熊本,20.7,機械展開(簡易・長崎バグ修正済)
663,自動車整備・機械修理,山口,鹿児島,33.5,機械展開(簡易・長崎バグ修正済)
663,自動車整備・機械修理,山口,沖縄,30.2,機械展開(簡易・長崎バグ修正済)
663,自動車整備・機械修理,山口,大分,122.5,機械展開(簡易・長崎バグ修正済)
663,自動車整備・機械修理,大分,福岡,21.4,機械展開(簡易・長崎バグ修正済)
663,自動車整備・機械修理,大分,熊本,1,機械展開(簡易・長崎バグ修正済)
663,自動車整備・機械修理,大分,鹿児島,1.3,機械展開(簡易・長崎バグ修正済)
663,自動車整備・機械修理,大分,沖縄,0.8,機械展開(簡易・長崎バグ修正済)
663,自動車整備・機械修理,大分,山口,3.1,機械展開(簡易・長崎バグ修正済)
669,その他の対事業所サービス,福岡,佐賀,3563.2,機械展開(簡易・長崎バグ修正済)
669,その他の対事業所サービス,福岡,長崎,3932.9,機械展開(簡易・長崎バグ修正済)
669,その他の対事業所サービス,福岡,熊本,8717.3,機械展開(簡易・長崎バグ修正済)
669,その他の対事業所サービス,福岡,宮崎,911.4,機械展開(簡易・長崎バグ修正済)
669,その他の対事業所サービス,福岡,鹿児島,5432.4,機械展開(簡易・長崎バグ修正済)
669,その他の対事業所サービス,福岡,沖縄,2733.3,機械展開(簡易・長崎バグ修正済)
669,その他の対事業所サービス,福岡,山口,8493.3,機械展開(簡易・長崎バグ修正済)
669,その他の対事業所サービス,福岡,大分,6831.9,機械展開(簡易・長崎バグ修正済)
669,その他の対事業所サービス,佐賀,福岡,917.2,機械展開(簡易・長崎バグ修正済)
669,その他の対事業所サービス,佐賀,長崎,50.4,機械展開(簡易・長崎バグ修正済)
669,その他の対事業所サービス,佐賀,熊本,103.2,機械展開(簡易・長崎バグ修正済)
669,その他の対事業所サービス,佐賀,宮崎,7.5,機械展開(簡易・長崎バグ修正済)
669,その他の対事業所サービス,佐賀,鹿児島,47.3,機械展開(簡易・長崎バグ修正済)
669,その他の対事業所サービス,佐賀,沖縄,19.3,機械展開(簡易・長崎バグ修正済)
669,その他の対事業所サービス,佐賀,山口,39.6,機械展開(簡易・長崎バグ修正済)
669,その他の対事業所サービス,佐賀,大分,43.6,機械展開(簡易・長崎バグ修正済)
669,その他の対事業所サービス,長崎,福岡,397.8,機械展開(簡易・長崎バグ修正済)
669,その他の対事業所サービス,長崎,佐賀,19.8,機械展開(簡易・長崎バグ修正済)
669,その他の対事業所サービス,長崎,熊本,142.8,機械展開(簡易・長崎バグ修正済)
669,その他の対事業所サービス,長崎,宮崎,15.5,機械展開(簡易・長崎バグ修正済)
669,その他の対事業所サービス,長崎,鹿児島,133.5,機械展開(簡易・長崎バグ修正済)
669,その他の対事業所サービス,長崎,沖縄,40,機械展開(簡易・長崎バグ修正済)
669,その他の対事業所サービス,長崎,山口,43.7,機械展開(簡易・長崎バグ修正済)
669,その他の対事業所サービス,長崎,大分,50.7,機械展開(簡易・長崎バグ修正済)
669,その他の対事業所サービス,熊本,福岡,1954.5,機械展開(簡易・長崎バグ修正済)
669,その他の対事業所サービス,熊本,佐賀,89.9,機械展開(簡易・長崎バグ修正済)
669,その他の対事業所サービス,熊本,長崎,316.5,機械展開(簡易・長崎バグ修正済)
669,その他の対事業所サービス,熊本,宮崎,107.8,機械展開(簡易・長崎バグ修正済)
669,その他の対事業所サービス,熊本,鹿児島,586.3,機械展開(簡易・長崎バグ修正済)
669,その他の対事業所サービス,熊本,沖縄,163.2,機械展開(簡易・長崎バグ修正済)
669,その他の対事業所サービス,熊本,山口,255.9,機械展開(簡易・長崎バグ修正済)
669,その他の対事業所サービス,熊本,大分,472.5,機械展開(簡易・長崎バグ修正済)
669,その他の対事業所サービス,宮崎,福岡,1290.9,機械展開(簡易・長崎バグ修正済)
669,その他の対事業所サービス,宮崎,佐賀,41.1,機械展開(簡易・長崎バグ修正済)
669,その他の対事業所サービス,宮崎,長崎,217.6,機械展開(簡易・長崎バグ修正済)
669,その他の対事業所サービス,宮崎,熊本,681,機械展開(簡易・長崎バグ修正済)
669,その他の対事業所サービス,宮崎,鹿児島,2482.1,機械展開(簡易・長崎バグ修正済)
669,その他の対事業所サービス,宮崎,沖縄,405.3,機械展開(簡易・長崎バグ修正済)
669,その他の対事業所サービス,宮崎,山口,317.9,機械展開(簡易・長崎バグ修正済)
669,その他の対事業所サービス,宮崎,大分,568.1,機械展開(簡易・長崎バグ修正済)
669,その他の対事業所サービス,鹿児島,福岡,2254.9,機械展開(簡易・長崎バグ修正済)
669,その他の対事業所サービス,鹿児島,佐賀,76.3,機械展開(簡易・長崎バグ修正済)
669,その他の対事業所サービス,鹿児島,長崎,547.7,機械展開(簡易・長崎バグ修正済)
669,その他の対事業所サービス,鹿児島,熊本,1085.5,機械展開(簡易・長崎バグ修正済)
669,その他の対事業所サービス,鹿児島,宮崎,727.4,機械展開(簡易・長崎バグ修正済)
669,その他の対事業所サービス,鹿児島,沖縄,932.8,機械展開(簡易・長崎バグ修正済)
669,その他の対事業所サービス,鹿児島,山口,467.5,機械展開(簡易・長崎バグ修正済)
669,その他の対事業所サービス,鹿児島,大分,654.8,機械展開(簡易・長崎バグ修正済)
669,その他の対事業所サービス,沖縄,福岡,155.3,機械展開(簡易・長崎バグ修正済)
669,その他の対事業所サービス,沖縄,佐賀,4.3,機械展開(簡易・長崎バグ修正済)
669,その他の対事業所サービス,沖縄,長崎,22.5,機械展開(簡易・長崎バグ修正済)
669,その他の対事業所サービス,沖縄,熊本,41.4,機械展開(簡易・長崎バグ修正済)
669,その他の対事業所サービス,沖縄,宮崎,16.3,機械展開(簡易・長崎バグ修正済)
669,その他の対事業所サービス,沖縄,鹿児島,127.7,機械展開(簡易・長崎バグ修正済)
669,その他の対事業所サービス,沖縄,山口,44.5,機械展開(簡易・長崎バグ修正済)
669,その他の対事業所サービス,沖縄,大分,41.8,機械展開(簡易・長崎バグ修正済)
669,その他の対事業所サービス,山口,福岡,954,機械展開(簡易・長崎バグ修正済)
669,その他の対事業所サービス,山口,佐賀,17.3,機械展開(簡易・長崎バグ修正済)
669,その他の対事業所サービス,山口,長崎,48.5,機械展開(簡易・長崎バグ修正済)
669,その他の対事業所サービス,山口,熊本,128.2,機械展開(簡易・長崎バグ修正済)
669,その他の対事業所サービス,山口,宮崎,25.2,機械展開(簡易・長崎バグ修正済)
669,その他の対事業所サービス,山口,鹿児島,126.5,機械展開(簡易・長崎バグ修正済)
669,その他の対事業所サービス,山口,沖縄,87.9,機械展開(簡易・長崎バグ修正済)
669,その他の対事業所サービス,山口,大分,299.2,機械展開(簡易・長崎バグ修正済)
669,その他の対事業所サービス,大分,福岡,1250.1,機械展開(簡易・長崎バグ修正済)
669,その他の対事業所サービス,大分,佐賀,31,機械展開(簡易・長崎バグ修正済)
669,その他の対事業所サービス,大分,長崎,91.7,機械展開(簡易・長崎バグ修正済)
669,その他の対事業所サービス,大分,熊本,385.6,機械展開(簡易・長崎バグ修正済)
669,その他の対事業所サービス,大分,宮崎,73.4,機械展開(簡易・長崎バグ修正済)
669,その他の対事業所サービス,大分,鹿児島,288.7,機械展開(簡易・長崎バグ修正済)
669,その他の対事業所サービス,大分,沖縄,134.6,機械展開(簡易・長崎バグ修正済)
669,その他の対事業所サービス,大分,山口,487.3,機械展開(簡易・長崎バグ修正済)
671,宿泊業,福岡,佐賀,541.1,機械展開(簡易・長崎バグ修正済)
671,宿泊業,福岡,長崎,376.2,機械展開(簡易・長崎バグ修正済)
671,宿泊業,福岡,熊本,428.9,機械展開(簡易・長崎バグ修正済)
671,宿泊業,福岡,宮崎,489.5,機械展開(簡易・長崎バグ修正済)
671,宿泊業,福岡,鹿児島,523.9,機械展開(簡易・長崎バグ修正済)
671,宿泊業,福岡,沖縄,1015.6,機械展開(簡易・長崎バグ修正済)
671,宿泊業,福岡,山口,1047.8,機械展開(簡易・長崎バグ修正済)
671,宿泊業,福岡,大分,1758.1,機械展開(簡易・長崎バグ修正済)
671,宿泊業,佐賀,福岡,725.2,機械展開(簡易・長崎バグ修正済)
671,宿泊業,佐賀,長崎,13.8,機械展開(簡易・長崎バグ修正済)
671,宿泊業,佐賀,熊本,14.6,機械展開(簡易・長崎バグ修正済)
671,宿泊業,佐賀,宮崎,11.5,機械展開(簡易・長崎バグ修正済)
671,宿泊業,佐賀,鹿児島,13.1,機械展開(簡易・長崎バグ修正済)
671,宿泊業,佐賀,沖縄,20.6,機械展開(簡易・長崎バグ修正済)
671,宿泊業,佐賀,山口,14,機械展開(簡易・長崎バグ修正済)
671,宿泊業,佐賀,大分,32.2,機械展開(簡易・長崎バグ修正済)
671,宿泊業,長崎,福岡,1363.3,機械展開(簡易・長崎バグ修正済)
671,宿泊業,長崎,佐賀,37.4,機械展開(簡易・長崎バグ修正済)
671,宿泊業,長崎,熊本,87.4,機械展開(簡易・長崎バグ修正済)
671,宿泊業,長崎,宮崎,103.9,機械展開(簡易・長崎バグ修正済)
671,宿泊業,長崎,鹿児島,160.2,機械展開(簡易・長崎バグ修正済)
671,宿泊業,長崎,沖縄,185.1,機械展開(簡易・長崎バグ修正済)
671,宿泊業,長崎,山口,67,機械展開(簡易・長崎バグ修正済)
671,宿泊業,長崎,大分,162.3,機械展開(簡易・長崎バグ修正済)
671,宿泊業,熊本,福岡,1938.8,機械展開(簡易・長崎バグ修正済)
671,宿泊業,熊本,佐賀,49.2,機械展開(簡易・長崎バグ修正済)
671,宿泊業,熊本,長崎,109,機械展開(簡易・長崎バグ修正済)
671,宿泊業,熊本,宮崎,208.6,機械展開(簡易・長崎バグ修正済)
671,宿泊業,熊本,鹿児島,203.7,機械展開(簡易・長崎バグ修正済)
671,宿泊業,熊本,沖縄,218.4,機械展開(簡易・長崎バグ修正済)
671,宿泊業,熊本,山口,113.7,機械展開(簡易・長崎バグ修正済)
671,宿泊業,熊本,大分,438,機械展開(簡易・長崎バグ修正済)
671,宿泊業,宮崎,福岡,772.8,機械展開(簡易・長崎バグ修正済)
671,宿泊業,宮崎,佐賀,13.6,機械展開(簡易・長崎バグ修正済)
671,宿泊業,宮崎,長崎,45.2,機械展開(簡易・長崎バグ修正済)
671,宿泊業,宮崎,熊本,72.8,機械展開(簡易・長崎バグ修正済)
671,宿泊業,宮崎,鹿児島,520.3,機械展開(簡易・長崎バグ修正済)
671,宿泊業,宮崎,沖縄,327.3,機械展開(簡易・長崎バグ修正済)
671,宿泊業,宮崎,山口,85.3,機械展開(簡易・長崎バグ修正済)
671,宿泊業,宮崎,大分,317.8,機械展開(簡易・長崎バグ修正済)
671,宿泊業,鹿児島,福岡,1642.5,機械展開(簡易・長崎バグ修正済)
671,宿泊業,鹿児島,佐賀,30.6,機械展開(簡易・長崎バグ修正済)
671,宿泊業,鹿児島,長崎,138.6,機械展開(簡易・長崎バグ修正済)
671,宿泊業,鹿児島,熊本,141.3,機械展開(簡易・長崎バグ修正済)
671,宿泊業,鹿児島,宮崎,1033.4,機械展開(簡易・長崎バグ修正済)
671,宿泊業,鹿児島,沖縄,916.8,機械展開(簡易・長崎バグ修正済)
671,宿泊業,鹿児島,山口,152.6,機械展開(簡易・長崎バグ修正済)
671,宿泊業,鹿児島,大分,445.7,機械展開(簡易・長崎バグ修正済)
671,宿泊業,沖縄,福岡,4148.1,機械展開(簡易・長崎バグ修正済)
671,宿泊業,沖縄,佐賀,62.9,機械展開(簡易・長崎バグ修正済)
671,宿泊業,沖縄,長崎,208.6,機械展開(簡易・長崎バグ修正済)
671,宿泊業,沖縄,熊本,197.3,機械展開(簡易・長崎バグ修正済)
671,宿泊業,沖縄,宮崎,846.9,機械展開(簡易・長崎バグ修正済)
671,宿泊業,沖縄,鹿児島,1194.3,機械展開(簡易・長崎バグ修正済)
671,宿泊業,沖縄,山口,531.8,機械展開(簡易・長崎バグ修正済)
671,宿泊業,沖縄,大分,1043.2,機械展開(簡易・長崎バグ修正済)
671,宿泊業,山口,福岡,823.1,機械展開(簡易・長崎バグ修正済)
671,宿泊業,山口,佐賀,8.2,機械展開(簡易・長崎バグ修正済)
671,宿泊業,山口,長崎,14.5,機械展開(簡易・長崎バグ修正済)
671,宿泊業,山口,熊本,19.8,機械展開(簡易・長崎バグ修正済)
671,宿泊業,山口,宮崎,42.4,機械展開(簡易・長崎バグ修正済)
671,宿泊業,山口,鹿児島,38.2,機械展開(簡易・長崎バグ修正済)
671,宿泊業,山口,沖縄,102.3,機械展開(簡易・長崎バグ修正済)
671,宿泊業,山口,大分,241.2,機械展開(簡易・長崎バグ修正済)
671,宿泊業,大分,福岡,4034.6,機械展開(簡易・長崎バグ修正済)
671,宿泊業,大分,佐賀,55.1,機械展開(簡易・長崎バグ修正済)
671,宿泊業,大分,長崎,102.7,機械展開(簡易・長崎バグ修正済)
671,宿泊業,大分,熊本,222.4,機械展開(簡易・長崎バグ修正済)
671,宿泊業,大分,宮崎,462,機械展開(簡易・長崎バグ修正済)
671,宿泊業,大分,鹿児島,326.3,機械展開(簡易・長崎バグ修正済)
671,宿泊業,大分,沖縄,586.1,機械展開(簡易・長崎バグ修正済)
671,宿泊業,大分,山口,704.6,機械展開(簡易・長崎バグ修正済)
672,飲食サービス,福岡,佐賀,701.6,機械展開(簡易・長崎バグ修正済)
672,飲食サービス,福岡,長崎,79.5,機械展開(簡易・長崎バグ修正済)
672,飲食サービス,福岡,熊本,528.4,機械展開(簡易・長崎バグ修正済)
672,飲食サービス,福岡,宮崎,1.3,機械展開(簡易・長崎バグ修正済)
672,飲食サービス,福岡,鹿児島,287,機械展開(簡易・長崎バグ修正済)
672,飲食サービス,福岡,沖縄,50.6,機械展開(簡易・長崎バグ修正済)
672,飲食サービス,福岡,山口,133.5,機械展開(簡易・長崎バグ修正済)
672,飲食サービス,福岡,大分,1636.5,機械展開(簡易・長崎バグ修正済)
672,飲食サービス,佐賀,福岡,90.2,機械展開(簡易・長崎バグ修正済)
672,飲食サービス,佐賀,長崎,73.2,機械展開(簡易・長崎バグ修正済)
672,飲食サービス,佐賀,熊本,449.6,機械展開(簡易・長崎バグ修正済)
672,飲食サービス,佐賀,宮崎,0.8,機械展開(簡易・長崎バグ修正済)
672,飲食サービス,佐賀,鹿児島,179.6,機械展開(簡易・長崎バグ修正済)
672,飲食サービス,佐賀,沖縄,25.7,機械展開(簡易・長崎バグ修正済)
672,飲食サービス,佐賀,山口,44.8,機械展開(簡易・長崎バグ修正済)
672,飲食サービス,佐賀,大分,750.4,機械展開(簡易・長崎バグ修正済)
672,飲食サービス,長崎,福岡,22.1,機械展開(簡易・長崎バグ修正済)
672,飲食サービス,長崎,佐賀,158.5,機械展開(簡易・長崎バグ修正済)
672,飲食サービス,長崎,熊本,351.9,機械展開(簡易・長崎バグ修正済)
672,飲食サービス,長崎,宮崎,0.9,機械展開(簡易・長崎バグ修正済)
672,飲食サービス,長崎,鹿児島,286.7,機械展開(簡易・長崎バグ修正済)
672,飲食サービス,長崎,沖縄,30.1,機械展開(簡易・長崎バグ修正済)
672,飲食サービス,長崎,山口,27.9,機械展開(簡易・長崎バグ修正済)
672,飲食サービス,長崎,大分,493.5,機械展開(簡易・長崎バグ修正済)
672,飲食サービス,熊本,福岡,69.9,機械展開(簡易・長崎バグ修正済)
672,飲食サービス,熊本,佐賀,462.8,機械展開(簡易・長崎バグ修正済)
672,飲食サービス,熊本,長崎,167.3,機械展開(簡易・長崎バグ修正済)
672,飲食サービス,熊本,宮崎,4,機械展開(簡易・長崎バグ修正済)
672,飲食サービス,熊本,鹿児島,809.8,機械展開(簡易・長崎バグ修正済)
672,飲食サービス,熊本,沖縄,78.9,機械展開(簡易・長崎バグ修正済)
672,飲食サービス,熊本,山口,105.2,機械展開(簡易・長崎バグ修正済)
672,飲食サービス,熊本,大分,2959.4,機械展開(簡易・長崎バグ修正済)
672,飲食サービス,宮崎,福岡,5.7,機械展開(簡易・長崎バグ修正済)
672,飲食サービス,宮崎,佐賀,25.9,機械展開(簡易・長崎バグ修正済)
672,飲食サービス,宮崎,長崎,14.1,機械展開(簡易・長崎バグ修正済)
672,飲食サービス,宮崎,熊本,132.3,機械展開(簡易・長崎バグ修正済)
672,飲食サービス,宮崎,鹿児島,420.3,機械展開(簡易・長崎バグ修正済)
672,飲食サービス,宮崎,沖縄,24,機械展開(簡易・長崎バグ修正済)
672,飲食サービス,宮崎,山口,16,機械展開(簡易・長崎バグ修正済)
672,飲食サービス,宮崎,大分,436.2,機械展開(簡易・長崎バグ修正済)
672,飲食サービス,鹿児島,福岡,50.3,機械展開(簡易・長崎バグ修正済)
672,飲食サービス,鹿児島,佐賀,244.9,機械展開(簡易・長崎バグ修正済)
672,飲食サービス,鹿児島,長崎,180.5,機械展開(簡易・長崎バグ修正済)
672,飲食サービス,鹿児島,熊本,1072.8,機械展開(簡易・長崎バグ修正済)
672,飲食サービス,鹿児島,宮崎,16.9,機械展開(簡易・長崎バグ修正済)
672,飲食サービス,鹿児島,沖縄,281.4,機械展開(簡易・長崎バグ修正済)
672,飲食サービス,鹿児島,山口,119.8,機械展開(簡易・長崎バグ修正済)
672,飲食サービス,鹿児島,大分,2557.4,機械展開(簡易・長崎バグ修正済)
672,飲食サービス,沖縄,福岡,80.8,機械展開(簡易・長崎バグ修正済)
672,飲食サービス,沖縄,佐賀,319.4,機械展開(簡易・長崎バグ修正済)
672,飲食サービス,沖縄,長崎,172.9,機械展開(簡易・長崎バグ修正済)
672,飲食サービス,沖縄,熊本,953,機械展開(簡易・長崎バグ修正済)
672,飲食サービス,沖縄,宮崎,8.8,機械展開(簡易・長崎バグ修正済)
672,飲食サービス,沖縄,鹿児島,2564.1,機械展開(簡易・長崎バグ修正済)
672,飲食サービス,沖縄,山口,265.7,機械展開(簡易・長崎バグ修正済)
672,飲食サービス,沖縄,大分,3806.1,機械展開(簡易・長崎バグ修正済)
672,飲食サービス,山口,福岡,13.7,機械展開(簡易・長崎バグ修正済)
672,飲食サービス,山口,佐賀,35.7,機械展開(簡易・長崎バグ修正済)
672,飲食サービス,山口,長崎,10.3,機械展開(簡易・長崎バグ修正済)
672,飲食サービス,山口,熊本,81.6,機械展開(簡易・長崎バグ修正済)
672,飲食サービス,山口,鹿児島,70.1,機械展開(簡易・長崎バグ修正済)
672,飲食サービス,山口,沖縄,17.1,機械展開(簡易・長崎バグ修正済)
672,飲食サービス,山口,大分,751.9,機械展開(簡易・長崎バグ修正済)
672,飲食サービス,大分,福岡,132.7,機械展開(簡易・長崎バグ修正済)
672,飲食サービス,大分,佐賀,473.4,機械展開(簡易・長崎バグ修正済)
672,飲食サービス,大分,長崎,143.8,機械展開(簡易・長崎バグ修正済)
672,飲食サービス,大分,熊本,1814.2,機械展開(簡易・長崎バグ修正済)
672,飲食サービス,大分,宮崎,8.1,機械展開(簡易・長崎バグ修正済)
672,飲食サービス,大分,鹿児島,1183.4,機械展開(簡易・長崎バグ修正済)
672,飲食サービス,大分,沖縄,193.3,機械展開(簡易・長崎バグ修正済)
672,飲食サービス,大分,山口,594.7,機械展開(簡易・長崎バグ修正済)
673,洗濯・理容・美容・浴場業,福岡,佐賀,202.1,機械展開(簡易・長崎バグ修正済)
673,洗濯・理容・美容・浴場業,福岡,長崎,587.5,機械展開(簡易・長崎バグ修正済)
673,洗濯・理容・美容・浴場業,福岡,熊本,137.5,機械展開(簡易・長崎バグ修正済)
673,洗濯・理容・美容・浴場業,福岡,鹿児島,354.9,機械展開(簡易・長崎バグ修正済)
673,洗濯・理容・美容・浴場業,福岡,沖縄,315.8,機械展開(簡易・長崎バグ修正済)
673,洗濯・理容・美容・浴場業,福岡,山口,338.2,機械展開(簡易・長崎バグ修正済)
673,洗濯・理容・美容・浴場業,福岡,大分,1290,機械展開(簡易・長崎バグ修正済)
673,洗濯・理容・美容・浴場業,佐賀,福岡,1439.9,機械展開(簡易・長崎バグ修正済)
673,洗濯・理容・美容・浴場業,佐賀,長崎,120.6,機械展開(簡易・長崎バグ修正済)
673,洗濯・理容・美容・浴場業,佐賀,熊本,26.1,機械展開(簡易・長崎バグ修正済)
673,洗濯・理容・美容・浴場業,佐賀,鹿児島,49.5,機械展開(簡易・長崎バグ修正済)
673,洗濯・理容・美容・浴場業,佐賀,沖縄,35.8,機械展開(簡易・長崎バグ修正済)
673,洗濯・理容・美容・浴場業,佐賀,山口,25.3,機械展開(簡易・長崎バグ修正済)
673,洗濯・理容・美容・浴場業,佐賀,大分,131.9,機械展開(簡易・長崎バグ修正済)
673,洗濯・理容・美容・浴場業,長崎,福岡,96.3,機械展開(簡易・長崎バグ修正済)
673,洗濯・理容・美容・浴場業,長崎,佐賀,2.8,機械展開(簡易・長崎バグ修正済)
673,洗濯・理容・美容・浴場業,長崎,熊本,5.6,機械展開(簡易・長崎バグ修正済)
673,洗濯・理容・美容・浴場業,長崎,鹿児島,21.6,機械展開(簡易・長崎バグ修正済)
673,洗濯・理容・美容・浴場業,長崎,沖縄,11.4,機械展開(簡易・長崎バグ修正済)
673,洗濯・理容・美容・浴場業,長崎,山口,4.3,機械展開(簡易・長崎バグ修正済)
673,洗濯・理容・美容・浴場業,長崎,大分,23.6,機械展開(簡易・長崎バグ修正済)
673,洗濯・理容・美容・浴場業,熊本,福岡,97,機械展開(簡易・長崎バグ修正済)
673,洗濯・理容・美容・浴場業,熊本,佐賀,2.6,機械展開(簡易・長崎バグ修正済)
673,洗濯・理容・美容・浴場業,熊本,長崎,24,機械展開(簡易・長崎バグ修正済)
673,洗濯・理容・美容・浴場業,熊本,鹿児島,19.4,機械展開(簡易・長崎バグ修正済)
673,洗濯・理容・美容・浴場業,熊本,沖縄,9.6,機械展開(簡易・長崎バグ修正済)
673,洗濯・理容・美容・浴場業,熊本,山口,5.2,機械展開(簡易・長崎バグ修正済)
673,洗濯・理容・美容・浴場業,熊本,大分,45.2,機械展開(簡易・長崎バグ修正済)
673,洗濯・理容・美容・浴場業,鹿児島,福岡,45.6,機械展開(簡易・長崎バグ修正済)
673,洗濯・理容・美容・浴場業,鹿児島,佐賀,0.9,機械展開(簡易・長崎バグ修正済)
673,洗濯・理容・美容・浴場業,鹿児島,長崎,16.9,機械展開(簡易・長崎バグ修正済)
673,洗濯・理容・美容・浴場業,鹿児島,熊本,3.5,機械展開(簡易・長崎バグ修正済)
673,洗濯・理容・美容・浴場業,鹿児島,沖縄,22.3,機械展開(簡易・長崎バグ修正済)
673,洗濯・理容・美容・浴場業,鹿児島,山口,3.8,機械展開(簡易・長崎バグ修正済)
673,洗濯・理容・美容・浴場業,鹿児島,大分,25.6,機械展開(簡易・長崎バグ修正済)
673,洗濯・理容・美容・浴場業,沖縄,福岡,242.8,機械展開(簡易・長崎バグ修正済)
673,洗濯・理容・美容・浴場業,沖縄,佐賀,3.9,機械展開(簡易・長崎バグ修正済)
673,洗濯・理容・美容・浴場業,沖縄,長崎,53.6,機械展開(簡易・長崎バグ修正済)
673,洗濯・理容・美容・浴場業,沖縄,熊本,10.4,機械展開(簡易・長崎バグ修正済)
673,洗濯・理容・美容・浴場業,沖縄,鹿児島,133.2,機械展開(簡易・長崎バグ修正済)
673,洗濯・理容・美容・浴場業,沖縄,山口,28.3,機械展開(簡易・長崎バグ修正済)
673,洗濯・理容・美容・浴場業,沖縄,大分,126,機械展開(簡易・長崎バグ修正済)
673,洗濯・理容・美容・浴場業,山口,福岡,96.2,機械展開(簡易・長崎バグ修正済)
673,洗濯・理容・美容・浴場業,山口,佐賀,1,機械展開(簡易・長崎バグ修正済)
673,洗濯・理容・美容・浴場業,山口,長崎,7.5,機械展開(簡易・長崎バグ修正済)
673,洗濯・理容・美容・浴場業,山口,熊本,2.1,機械展開(簡易・長崎バグ修正済)
673,洗濯・理容・美容・浴場業,山口,鹿児島,8.5,機械展開(簡易・長崎バグ修正済)
673,洗濯・理容・美容・浴場業,山口,沖縄,10.5,機械展開(簡易・長崎バグ修正済)
673,洗濯・理容・美容・浴場業,山口,大分,58.2,機械展開(簡易・長崎バグ修正済)
673,洗濯・理容・美容・浴場業,大分,福岡,363.9,機械展開(簡易・長崎バグ修正済)
673,洗濯・理容・美容・浴場業,大分,佐賀,5.2,機械展開(簡易・長崎バグ修正済)
673,洗濯・理容・美容・浴場業,大分,長崎,40.7,機械展開(簡易・長崎バグ修正済)
673,洗濯・理容・美容・浴場業,大分,熊本,18.1,機械展開(簡易・長崎バグ修正済)
673,洗濯・理容・美容・浴場業,大分,鹿児島,56.1,機械展開(簡易・長崎バグ修正済)
673,洗濯・理容・美容・浴場業,大分,沖縄,46.2,機械展開(簡易・長崎バグ修正済)
673,洗濯・理容・美容・浴場業,大分,山口,57.7,機械展開(簡易・長崎バグ修正済)
674,娯楽サービス,福岡,佐賀,449.1,機械展開(簡易・長崎バグ修正済)
674,娯楽サービス,福岡,長崎,189.3,機械展開(簡易・長崎バグ修正済)
674,娯楽サービス,福岡,熊本,814,機械展開(簡易・長崎バグ修正済)
674,娯楽サービス,福岡,宮崎,136,機械展開(簡易・長崎バグ修正済)
674,娯楽サービス,福岡,鹿児島,819.8,機械展開(簡易・長崎バグ修正済)
674,娯楽サービス,福岡,沖縄,90.6,機械展開(簡易・長崎バグ修正済)
674,娯楽サービス,福岡,山口,644.5,機械展開(簡易・長崎バグ修正済)
674,娯楽サービス,福岡,大分,2552.4,機械展開(簡易・長崎バグ修正済)
674,娯楽サービス,佐賀,福岡,1341.7,機械展開(簡易・長崎バグ修正済)
674,娯楽サービス,佐賀,長崎,83.7,機械展開(簡易・長崎バグ修正済)
674,娯楽サービス,佐賀,熊本,332.6,機械展開(簡易・長崎バグ修正済)
674,娯楽サービス,佐賀,宮崎,38.4,機械展開(簡易・長崎バグ修正済)
674,娯楽サービス,佐賀,鹿児島,246.4,機械展開(簡易・長崎バグ修正済)
674,娯楽サービス,佐賀,沖縄,22.1,機械展開(簡易・長崎バグ修正済)
674,娯楽サービス,佐賀,山口,103.9,機械展開(簡易・長崎バグ修正済)
674,娯楽サービス,佐賀,大分,562,機械展開(簡易・長崎バグ修正済)
674,娯楽サービス,長崎,福岡,513.5,機械展開(簡易・長崎バグ修正済)
674,娯楽サービス,長崎,佐賀,76,機械展開(簡易・長崎バグ修正済)
674,娯楽サービス,長崎,熊本,406.1,機械展開(簡易・長崎バグ修正済)
674,娯楽サービス,長崎,宮崎,70.6,機械展開(簡易・長崎バグ修正済)
674,娯楽サービス,長崎,鹿児島,613.6,機械展開(簡易・長崎バグ修正済)
674,娯楽サービス,長崎,沖縄,40.4,機械展開(簡易・長崎バグ修正済)
674,娯楽サービス,長崎,山口,100.9,機械展開(簡易・長崎バグ修正済)
674,娯楽サービス,長崎,大分,576.6,機械展開(簡易・長崎バグ修正済)
674,娯楽サービス,熊本,福岡,521.5,機械展開(簡易・長崎バグ修正済)
674,娯楽サービス,熊本,佐賀,71.3,機械展開(簡易・長崎バグ修正済)
674,娯楽サービス,熊本,長崎,95.9,機械展開(簡易・長崎バグ修正済)
674,娯楽サービス,熊本,宮崎,101.3,機械展開(簡易・長崎バグ修正済)
674,娯楽サービス,熊本,鹿児島,557.2,機械展開(簡易・長崎バグ修正済)
674,娯楽サービス,熊本,沖縄,34.1,機械展開(簡易・長崎バグ修正済)
674,娯楽サービス,熊本,山口,122.3,機械展開(簡易・長崎バグ修正済)
674,娯楽サービス,熊本,大分,1111.6,機械展開(簡易・長崎バグ修正済)
674,娯楽サービス,宮崎,福岡,17.4,機械展開(簡易・長崎バグ修正済)
674,娯楽サービス,宮崎,佐賀,1.6,機械展開(簡易・長崎バグ修正済)
674,娯楽サービス,宮崎,長崎,3.3,機械展開(簡易・長崎バグ修正済)
674,娯楽サービス,宮崎,熊本,20.2,機械展開(簡易・長崎バグ修正済)
674,娯楽サービス,宮崎,鹿児島,119,機械展開(簡易・長崎バグ修正済)
674,娯楽サービス,宮崎,沖縄,4.3,機械展開(簡易・長崎バグ修正済)
674,娯楽サービス,宮崎,山口,7.7,機械展開(簡易・長崎バグ修正済)
674,娯楽サービス,宮崎,大分,67.5,機械展開(簡易・長崎バグ修正済)
674,娯楽サービス,鹿児島,福岡,440.8,機械展開(簡易・長崎バグ修正済)
674,娯楽サービス,鹿児島,佐賀,44.3,機械展開(簡易・長崎バグ修正済)
674,娯楽サービス,鹿児島,長崎,121.6,機械展開(簡易・長崎バグ修正済)
674,娯楽サービス,鹿児島,熊本,467.6,機械展開(簡易・長崎バグ修正済)
674,娯楽サービス,鹿児島,宮崎,500.7,機械展開(簡易・長崎バグ修正済)
674,娯楽サービス,鹿児島,沖縄,142.6,機械展開(簡易・長崎バグ修正済)
674,娯楽サービス,鹿児島,山口,163.6,機械展開(簡易・長崎バグ修正済)
674,娯楽サービス,鹿児島,大分,1128.5,機械展開(簡易・長崎バグ修正済)
674,娯楽サービス,沖縄,福岡,396.5,機械展開(簡易・長崎バグ修正済)
674,娯楽サービス,沖縄,佐賀,32.4,機械展開(簡易・長崎バグ修正済)
674,娯楽サービス,沖縄,長崎,65.2,機械展開(簡易・長崎バグ修正済)
674,娯楽サービス,沖縄,熊本,232.7,機械展開(簡易・長崎バグ修正済)
674,娯楽サービス,沖縄,宮崎,146.2,機械展開(簡易・長崎バグ修正済)
674,娯楽サービス,沖縄,鹿児島,1161,機械展開(簡易・長崎バグ修正済)
674,娯楽サービス,沖縄,山口,203.2,機械展開(簡易・長崎バグ修正済)
674,娯楽サービス,沖縄,大分,940.8,機械展開(簡易・長崎バグ修正済)
674,娯楽サービス,山口,福岡,140,機械展開(簡易・長崎バグ修正済)
674,娯楽サービス,山口,佐賀,7.6,機械展開(簡易・長崎バグ修正済)
674,娯楽サービス,山口,長崎,8.1,機械展開(簡易・長崎バグ修正済)
674,娯楽サービス,山口,熊本,41.5,機械展開(簡易・長崎バグ修正済)
674,娯楽サービス,山口,宮崎,13,機械展開(簡易・長崎バグ修正済)
674,娯楽サービス,山口,鹿児島,66.1,機械展開(簡易・長崎バグ修正済)
674,娯楽サービス,山口,沖縄,10.1,機械展開(簡易・長崎バグ修正済)
674,娯楽サービス,山口,大分,387,機械展開(簡易・長崎バグ修正済)
674,娯楽サービス,大分,福岡,559.8,機械展開(簡易・長崎バグ修正済)
674,娯楽サービス,大分,佐賀,41.3,機械展開(簡易・長崎バグ修正済)
674,娯楽サービス,大分,長崎,46.6,機械展開(簡易・長崎バグ修正済)
674,娯楽サービス,大分,熊本,380.6,機械展開(簡易・長崎バグ修正済)
674,娯楽サービス,大分,宮崎,115.7,機械展開(簡易・長崎バグ修正済)
674,娯楽サービス,大分,鹿児島,460.3,機械展開(簡易・長崎バグ修正済)
674,娯楽サービス,大分,沖縄,47.2,機械展開(簡易・長崎バグ修正済)
674,娯楽サービス,大分,山口,390.7,機械展開(簡易・長崎バグ修正済)
675,獣医業,福岡,山口,485.5,機械展開(簡易・長崎バグ修正済)
675,獣医業,佐賀,山口,26.3,機械展開(簡易・長崎バグ修正済)
675,獣医業,山口,佐賀,3.2,機械展開(簡易・長崎バグ修正済)
679,その他の対個人サービス,福岡,佐賀,102,機械展開(簡易・長崎バグ修正済)
679,その他の対個人サービス,福岡,長崎,305.9,機械展開(簡易・長崎バグ修正済)
679,その他の対個人サービス,福岡,熊本,326,機械展開(簡易・長崎バグ修正済)
679,その他の対個人サービス,福岡,宮崎,69,機械展開(簡易・長崎バグ修正済)
679,その他の対個人サービス,福岡,鹿児島,439.5,機械展開(簡易・長崎バグ修正済)
679,その他の対個人サービス,福岡,沖縄,5.8,機械展開(簡易・長崎バグ修正済)
679,その他の対個人サービス,福岡,山口,701.5,機械展開(簡易・長崎バグ修正済)
679,その他の対個人サービス,福岡,大分,1223.2,機械展開(簡易・長崎バグ修正済)
679,その他の対個人サービス,佐賀,福岡,49.5,機械展開(簡易・長崎バグ修正済)
679,その他の対個人サービス,佐賀,長崎,3,機械展開(簡易・長崎バグ修正済)
679,その他の対個人サービス,佐賀,熊本,2.9,機械展開(簡易・長崎バグ修正済)
679,その他の対個人サービス,佐賀,鹿児島,2.9,機械展開(簡易・長崎バグ修正済)
679,その他の対個人サービス,佐賀,山口,2.5,機械展開(簡易・長崎バグ修正済)
679,その他の対個人サービス,佐賀,大分,6,機械展開(簡易・長崎バグ修正済)
679,その他の対個人サービス,長崎,福岡,2.2,機械展開(簡易・長崎バグ修正済)
679,その他の対個人サービス,長崎,鹿児島,0.9,機械展開(簡易・長崎バグ修正済)
679,その他の対個人サービス,長崎,大分,0.7,機械展開(簡易・長崎バグ修正済)
679,その他の対個人サービス,熊本,福岡,206.6,機械展開(簡易・長崎バグ修正済)
679,その他の対個人サービス,熊本,佐賀,3.9,機械展開(簡易・長崎バグ修正済)
679,その他の対個人サービス,熊本,長崎,36.9,機械展開(簡易・長崎バグ修正済)
679,その他の対個人サービス,熊本,宮崎,12.2,機械展開(簡易・長崎バグ修正済)
679,その他の対個人サービス,熊本,鹿児島,71,機械展開(簡易・長崎バグ修正済)
679,その他の対個人サービス,熊本,沖縄,0.5,機械展開(簡易・長崎バグ修正済)
679,その他の対個人サービス,熊本,山口,31.7,機械展開(簡易・長崎バグ修正済)
679,その他の対個人サービス,熊本,大分,126.7,機械展開(簡易・長崎バグ修正済)
679,その他の対個人サービス,宮崎,福岡,3.9,機械展開(簡易・長崎バグ修正済)
679,その他の対個人サービス,宮崎,長崎,0.7,機械展開(簡易・長崎バグ修正済)
679,その他の対個人サービス,宮崎,熊本,1.1,機械展開(簡易・長崎バグ修正済)
679,その他の対個人サービス,宮崎,鹿児島,8.7,機械展開(簡易・長崎バグ修正済)
679,その他の対個人サービス,宮崎,山口,1.1,機械展開(簡易・長崎バグ修正済)
679,その他の対個人サービス,宮崎,大分,4.4,機械展開(簡易・長崎バグ修正済)
679,その他の対個人サービス,鹿児島,福岡,112.3,機械展開(簡易・長崎バグ修正済)
679,その他の対個人サービス,鹿児島,佐賀,1.5,機械展開(簡易・長崎バグ修正済)
679,その他の対個人サービス,鹿児島,長崎,30.1,機械展開(簡易・長崎バグ修正済)
679,その他の対個人サービス,鹿児島,熊本,28.7,機械展開(簡易・長崎バグ修正済)
679,その他の対個人サービス,鹿児島,宮崎,38.9,機械展開(簡易・長崎バグ修正済)
679,その他の対個人サービス,鹿児島,沖縄,1.4,機械展開(簡易・長崎バグ修正済)
679,その他の対個人サービス,鹿児島,山口,27.3,機械展開(簡易・長崎バグ修正済)
679,その他の対個人サービス,鹿児島,大分,82.8,機械展開(簡易・長崎バグ修正済)
679,その他の対個人サービス,沖縄,福岡,37,機械展開(簡易・長崎バグ修正済)
679,その他の対個人サービス,沖縄,長崎,5.9,機械展開(簡易・長崎バグ修正済)
679,その他の対個人サービス,沖縄,熊本,5.2,機械展開(簡易・長崎バグ修正済)
679,その他の対個人サービス,沖縄,宮崎,4.2,機械展開(簡易・長崎バグ修正済)
679,その他の対個人サービス,沖縄,鹿児島,34.8,機械展開(簡易・長崎バグ修正済)
679,その他の対個人サービス,沖縄,山口,12.4,機械展開(簡易・長崎バグ修正済)
679,その他の対個人サービス,沖縄,大分,25.2,機械展開(簡易・長崎バグ修正済)
679,その他の対個人サービス,山口,福岡,116.3,機械展開(簡易・長崎バグ修正済)
679,その他の対個人サービス,山口,佐賀,0.9,機械展開(簡易・長崎バグ修正済)
679,その他の対個人サービス,山口,長崎,6.5,機械展開(簡易・長崎バグ修正済)
679,その他の対個人サービス,山口,熊本,8.3,機械展開(簡易・長崎バグ修正済)
679,その他の対個人サービス,山口,宮崎,3.3,機械展開(簡易・長崎バグ修正済)
679,その他の対個人サービス,山口,鹿児島,17.7,機械展開(簡易・長崎バグ修正済)
679,その他の対個人サービス,山口,大分,92.5,機械展開(簡易・長崎バグ修正済)
679,その他の対個人サービス,大分,福岡,434.9,機械展開(簡易・長崎バグ修正済)
679,その他の対個人サービス,大分,佐賀,4.4,機械展開(簡易・長崎バグ修正済)
679,その他の対個人サービス,大分,長崎,35.1,機械展開(簡易・長崎バグ修正済)
679,その他の対個人サービス,大分,熊本,71.1,機械展開(簡易・長崎バグ修正済)
679,その他の対個人サービス,大分,宮崎,27.4,機械展開(簡易・長崎バグ修正済)
679,その他の対個人サービス,大分,鹿児島,115.1,機械展開(簡易・長崎バグ修正済)
679,その他の対個人サービス,大分,沖縄,1.4,機械展開(簡易・長崎バグ修正済)
679,その他の対個人サービス,大分,山口,198.4,機械展開(簡易・長崎バグ修正済)
691,分類不明,福岡,佐賀,116,機械展開(簡易・長崎バグ修正済)
691,分類不明,福岡,長崎,104.4,機械展開(簡易・長崎バグ修正済)
691,分類不明,福岡,熊本,1359,機械展開(簡易・長崎バグ修正済)
691,分類不明,福岡,宮崎,152.5,機械展開(簡易・長崎バグ修正済)
691,分類不明,福岡,沖縄,2,機械展開(簡易・長崎バグ修正済)
691,分類不明,福岡,山口,2066.8,機械展開(簡易・長崎バグ修正済)
691,分類不明,福岡,大分,216.8,機械展開(簡易・長崎バグ修正済)
691,分類不明,佐賀,福岡,3.2,機械展開(簡易・長崎バグ修正済)
691,分類不明,長崎,福岡,1024.1,機械展開(簡易・長崎バグ修正済)
691,分類不明,長崎,佐賀,7.4,機械展開(簡易・長崎バグ修正済)
691,分類不明,長崎,熊本,256.7,機械展開(簡易・長崎バグ修正済)
691,分類不明,長崎,宮崎,30,機械展開(簡易・長崎バグ修正済)
691,分類不明,長崎,山口,122.5,機械展開(簡易・長崎バグ修正済)
691,分類不明,長崎,大分,18.5,機械展開(簡易・長崎バグ修正済)
691,分類不明,熊本,福岡,1027.4,機械展開(簡易・長崎バグ修正済)
691,分類不明,熊本,佐賀,6.9,機械展開(簡易・長崎バグ修正済)
691,分類不明,熊本,長崎,19.8,機械展開(簡易・長崎バグ修正済)
691,分類不明,熊本,宮崎,42.5,機械展開(簡易・長崎バグ修正済)
691,分類不明,熊本,山口,146.6,機械展開(簡易・長崎バグ修正済)
691,分類不明,熊本,大分,35.3,機械展開(簡易・長崎バグ修正済)
691,分類不明,宮崎,福岡,497.7,機械展開(簡易・長崎バグ修正済)
691,分類不明,宮崎,佐賀,2.3,機械展開(簡易・長崎バグ修正済)
691,分類不明,宮崎,長崎,10,機械展開(簡易・長崎バグ修正済)
691,分類不明,宮崎,熊本,183.3,機械展開(簡易・長崎バグ修正済)
691,分類不明,宮崎,沖縄,0.5,機械展開(簡易・長崎バグ修正済)
691,分類不明,宮崎,山口,133.6,機械展開(簡易・長崎バグ修正済)
691,分類不明,宮崎,大分,31.1,機械展開(簡易・長崎バグ修正済)
691,分類不明,鹿児島,福岡,163.9,機械展開(簡易・長崎バグ修正済)
691,分類不明,鹿児島,佐賀,0.8,機械展開(簡易・長崎バグ修正済)
691,分類不明,鹿児島,長崎,4.7,機械展開(簡易・長崎バグ修正済)
691,分類不明,鹿児島,熊本,55.1,機械展開(簡易・長崎バグ修正済)
691,分類不明,鹿児島,宮崎,39.6,機械展開(簡易・長崎バグ修正済)
691,分類不明,鹿児島,山口,37,機械展開(簡易・長崎バグ修正済)
691,分類不明,鹿児島,大分,6.8,機械展開(簡易・長崎バグ修正済)
691,分類不明,沖縄,福岡,78.2,機械展開(簡易・長崎バグ修正済)
691,分類不明,沖縄,長崎,1.3,機械展開(簡易・長崎バグ修正済)
691,分類不明,沖縄,熊本,14.5,機械展開(簡易・長崎バグ修正済)
691,分類不明,沖縄,宮崎,6.1,機械展開(簡易・長崎バグ修正済)
691,分類不明,沖縄,山口,24.4,機械展開(簡易・長崎バグ修正済)
691,分類不明,沖縄,大分,3,機械展開(簡易・長崎バグ修正済)
691,分類不明,山口,福岡,187.7,機械展開(簡易・長崎バグ修正済)
691,分類不明,山口,長崎,1.1,機械展開(簡易・長崎バグ修正済)
691,分類不明,山口,熊本,17.6,機械展開(簡易・長崎バグ修正済)
691,分類不明,山口,宮崎,3.7,機械展開(簡易・長崎バグ修正済)
691,分類不明,山口,大分,8.4,機械展開(簡易・長崎バグ修正済)
691,分類不明,大分,福岡,1.5,機械展開(簡易・長崎バグ修正済)
691,分類不明,大分,山口,0.6,機械展開(簡易・長崎バグ修正済)
